Switch_Method,Switches_per_Subj_mean,Switches_per_Subj_SD,Model,Beta_Frequency_mean,Beta_Frequency_std,Beta_Semantic_mean,Beta_Semantic_std,Beta_Phonological_mean,Beta_Phonological_std
delta_rise=0.0_fall=0.0,10.40625,2.9335634083539652,forage_dynamic,7.934876557613084,2.0604062469460906,4.450216320142197,0.5575837917952322,,
delta_rise=0.0_fall=0.0,10.40625,2.9335634083539652,forage_phonologicaldynamicglobal,7.833558469445347,2.0444840132897877,5.0372432648252605,0.9113934167682761,-0.09133673040005934,0.09387325761235824
delta_rise=0.0_fall=0.0,10.40625,2.9335634083539652,forage_phonologicaldynamiclocal,7.909251517665503,2.0748186206075516,5.731940908573615,1.5541405982839511,-0.26288325058643985,0.4969014452342307
delta_rise=0.0_fall=0.0,10.40625,2.9335634083539652,forage_phonologicaldynamicswitch,7.919973227647223,2.0612041529863756,4.450816602414231,0.557526795786738,-0.06553416499550598,0.337665981184931
delta_rise=0.0_fall=0.25,9.71875,2.838364864524409,forage_dynamic,7.910954737942023,2.0450123329022167,4.416949137954387,0.5646545319543719,,
delta_rise=0.0_fall=0.25,9.71875,2.838364864524409,forage_phonologicaldynamicglobal,7.8049326916836534,2.027477691111882,5.023846970467219,0.9123112266143059,-0.09504086794062218,0.09476495352561518
delta_rise=0.0_fall=0.25,9.71875,2.838364864524409,forage_phonologicaldynamiclocal,7.878970628389744,2.0538041338134616,5.618756495393357,1.4429631435330288,-0.2498131949481526,0.47749942741626206
delta_rise=0.0_fall=0.25,9.71875,2.838364864524409,forage_phonologicaldynamicswitch,7.8941835439290235,2.044693948705244,4.417482865763515,0.5645276969200659,-0.07486916532471237,0.3745245897902149
delta_rise=0.0_fall=0.5,8.932291666666666,2.748218922914237,forage_dynamic,7.880705450083057,2.038795268945965,4.367529731239105,0.5668444650174507,,
delta_rise=0.0_fall=0.5,8.932291666666666,2.748218922914237,forage_phonologicaldynamicglobal,7.7692334227877495,2.0206308022930255,4.993114796583455,0.9293312003180708,-0.09878651864396021,0.09615074584603592
delta_rise=0.0_fall=0.5,8.932291666666666,2.748218922914237,forage_phonologicaldynamiclocal,7.83621014923418,2.0399051660728516,5.51775939204142,1.3765831343350943,-0.2339328387864298,0.43333651198761614
delta_rise=0.0_fall=0.5,8.932291666666666,2.748218922914237,forage_phonologicaldynamicswitch,7.863882584972571,2.0402766109654764,4.368179664618007,0.566871304862212,-0.10670415877472544,0.46700811901953143
delta_rise=0.0_fall=0.75,7.635416666666667,2.502581132828442,forage_dynamic,7.8419198906372705,2.042273335119383,4.2640899527522995,0.5756441627231416,,
delta_rise=0.0_fall=0.75,7.635416666666667,2.502581132828442,forage_phonologicaldynamicglobal,7.723907425048384,2.0237587394396352,4.892459639804013,0.9359912172908237,-0.10131028180785889,0.0957643111168711
delta_rise=0.0_fall=0.75,7.635416666666667,2.502581132828442,forage_phonologicaldynamiclocal,7.775294396096965,2.0404446519661534,5.298215673669314,1.2843049085156912,-0.20067393494637156,0.39955420219756616
delta_rise=0.0_fall=0.75,7.635416666666667,2.502581132828442,forage_phonologicaldynamicswitch,7.826707441243475,2.0424938958575107,4.264709261291716,0.575529568352289,-0.15669990953850707,0.5531841659280515
delta_rise=0.0_fall=1.0,6.473958333333333,2.2567835145616475,forage_dynamic,7.80038306894734,2.028499524250218,4.155972664166346,0.5794208253072675,,
delta_rise=0.0_fall=1.0,6.473958333333333,2.2567835145616475,forage_phonologicaldynamicglobal,7.679540257711426,2.010096880863072,4.77320579827976,0.9302379825785396,-0.1016610211100112,0.09547339133050686
delta_rise=0.0_fall=1.0,6.473958333333333,2.2567835145616475,forage_phonologicaldynamiclocal,7.720875752000789,2.0268971307931323,5.103823655249864,1.247316630823222,-0.17805236639632305,0.29851939817695194
delta_rise=0.0_fall=1.0,6.473958333333333,2.2567835145616475,forage_phonologicaldynamicswitch,7.786062043059638,2.0258853560710146,4.15643128479661,0.5793189951475364,-0.19713196697960975,0.6507326552013379
delta_rise=0.25_fall=0.0,11.239583333333334,3.1663753977888067,forage_dynamic,7.952056907481059,2.0588200947954522,4.549024698516235,0.5528577132159032,,
delta_rise=0.25_fall=0.0,11.239583333333334,3.1663753977888067,forage_phonologicaldynamicglobal,7.852875257529845,2.044866027181563,5.139681825879053,0.9056806688001691,-0.09043799692422973,0.09432903876110489
delta_rise=0.25_fall=0.0,11.239583333333334,3.1663753977888067,forage_phonologicaldynamiclocal,7.93760524290829,2.0786582784179672,5.994836458794531,1.692184921597777,-0.28771313552732153,0.5129548185432791
delta_rise=0.25_fall=0.0,11.239583333333334,3.1663753977888067,forage_phonologicaldynamicswitch,7.9383469713483,2.0610994483306655,4.54947086387715,0.5526067394026651,-0.05640407987174339,0.3046795658810119
delta_rise=0.25_fall=0.25,10.567708333333334,3.1033582210669604,forage_dynamic,7.926931991957538,2.042890984657903,4.513012281075609,0.5653153051434096,,
delta_rise=0.25_fall=0.25,10.567708333333334,3.1033582210669604,forage_phonologicaldynamicglobal,7.822993652582897,2.027581151017999,5.124598241789623,0.9120742874796491,-0.09426068851812397,0.09522230627389637
delta_rise=0.25_fall=0.25,10.567708333333334,3.1033582210669604,forage_phonologicaldynamiclocal,7.906414035448176,2.0564076541452185,5.872494505461191,1.613898219527401,-0.28090749570404566,0.5300525315643757
delta_rise=0.25_fall=0.25,10.567708333333334,3.1033582210669604,forage_phonologicaldynamicswitch,7.911301771569047,2.043998143545016,4.513398689264974,0.5651621209424013,-0.0584969660596674,0.2906782596001218
delta_rise=0.25_fall=0.5,9.776041666666666,3.0715171601230806,forage_dynamic,7.897681620525933,2.036406811235133,4.460134990318179,0.5688773456266919,,
delta_rise=0.25_fall=0.5,9.776041666666666,3.0715171601230806,forage_phonologicaldynamicglobal,7.788382961125785,2.0204160045260178,5.092840569858421,0.9353991908684463,-0.09823036084432236,0.09685346319622926
delta_rise=0.25_fall=0.5,9.776041666666666,3.0715171601230806,forage_phonologicaldynamiclocal,7.863534908196699,2.042655003408059,5.7600498979908545,1.5694897252823976,-0.25892414493695054,0.46764113185793893
delta_rise=0.25_fall=0.5,9.776041666666666,3.0715171601230806,forage_phonologicaldynamicswitch,7.881357382115145,2.0390284946300135,4.460643975832912,0.5688427151821283,-0.09704396936360472,0.4408702240237451
delta_rise=0.25_fall=0.75,8.416666666666666,2.7863755828834145,forage_dynamic,7.855803900767731,2.0422471307490415,4.345293587893939,0.572629077762955,,
delta_rise=0.25_fall=0.75,8.416666666666666,2.7863755828834145,forage_phonologicaldynamicglobal,7.739630862441822,2.025564258933502,4.9859902141000845,0.947574164037462,-0.1014524210404716,0.09662589164937128
delta_rise=0.25_fall=0.75,8.416666666666666,2.7863755828834145,forage_phonologicaldynamiclocal,7.798329575893142,2.0448632791001504,5.505923885246355,1.4559521126873343,-0.21241161652797794,0.3526374268393666
delta_rise=0.25_fall=0.75,8.416666666666666,2.7863755828834145,forage_phonologicaldynamicswitch,7.841509805515237,2.0435244946294935,4.3458299159029865,0.5726621378778405,-0.1502665080143492,0.5640924149273833
delta_rise=0.25_fall=1.0,7.130208333333333,2.5695986956326897,forage_dynamic,7.813192599501273,2.0305342371338644,4.224201600383771,0.5796566365188761,,
delta_rise=0.25_fall=1.0,7.130208333333333,2.5695986956326897,forage_phonologicaldynamicglobal,7.693305598503699,2.014100116994369,4.853503004622407,0.9369150936834443,-0.10207543694698168,0.09606008371839551
delta_rise=0.25_fall=1.0,7.130208333333333,2.5695986956326897,forage_phonologicaldynamiclocal,7.741035503979712,2.03308975087309,5.275003933203364,1.4096439167125827,-0.2073144894985206,0.4063434002798041
delta_rise=0.25_fall=1.0,7.130208333333333,2.5695986956326897,forage_phonologicaldynamicswitch,7.799290783775137,2.0284947591576925,4.2246371100691595,0.5796301159022371,-0.18503779493428152,0.6538446440383687
delta_rise=0.5_fall=0.0,12.338541666666666,3.522986120693243,forage_dynamic,7.970704105896888,2.06673352853297,4.677103566008161,0.5803341901529996,,
delta_rise=0.5_fall=0.0,12.338541666666666,3.522986120693243,forage_phonologicaldynamicglobal,7.8774993426346045,2.0549621020203235,5.260993958817103,0.9271457001681817,-0.08720409053783745,0.09450225933043442
delta_rise=0.5_fall=0.0,12.338541666666666,3.522986120693243,forage_phonologicaldynamiclocal,7.972201217738196,2.0918167141084782,6.427398712280905,2.05303525928115,-0.3539495355886759,0.5874167938162926
delta_rise=0.5_fall=0.0,12.338541666666666,3.522986120693243,forage_phonologicaldynamicswitch,7.958312895143563,2.0691522157197775,4.677499265023702,0.5805209682518117,-0.05308692972700649,0.30004258378160703
delta_rise=0.5_fall=0.25,11.671875,3.471857185672869,forage_dynamic,7.94489991187253,2.0476144212281784,4.637103664596996,0.5873507503535051,,
delta_rise=0.5_fall=0.25,11.671875,3.471857185672869,forage_phonologicaldynamicglobal,7.846006955333148,2.0345493965574573,5.245625703599936,0.9300103512145953,-0.09154056925226257,0.095596245159628
delta_rise=0.5_fall=0.25,11.671875,3.471857185672869,forage_phonologicaldynamiclocal,7.9371049324913265,2.06546880221952,6.249798180165574,1.7903621181079368,-0.32222610759350717,0.5519285510350294
delta_rise=0.5_fall=0.25,11.671875,3.471857185672869,forage_phonologicaldynamicswitch,7.93291716365207,2.0496635072985385,4.637431163319556,0.5874954390951724,-0.05579176027671306,0.3069065750649875
delta_rise=0.5_fall=0.5,10.953125,3.512313254970528,forage_dynamic,7.915623409734476,2.0413020009817546,4.585358716614147,0.586435276052493,,
delta_rise=0.5_fall=0.5,10.953125,3.512313254970528,forage_phonologicaldynamicglobal,7.81136738482164,2.0276257938680327,5.216566235820695,0.9498818266320523,-0.09562364785728204,0.0973660254621949
delta_rise=0.5_fall=0.5,10.953125,3.512313254970528,forage_phonologicaldynamiclocal,7.89261553719658,2.052767826098004,6.122904527289106,1.735532243104819,-0.30549386972821296,0.5211304351010829
delta_rise=0.5_fall=0.5,10.953125,3.512313254970528,forage_phonologicaldynamicswitch,7.902596967818586,2.04402129646645,4.5857916053244,0.5865962618329893,-0.07260639737442652,0.3879386525551995
delta_rise=0.5_fall=0.75,9.541666666666666,3.2990423694695945,forage_dynamic,7.869981940171296,2.047545309582665,4.456530729845929,0.5942517049874957,,
delta_rise=0.5_fall=0.75,9.541666666666666,3.2990423694695945,forage_phonologicaldynamicglobal,7.756990523182768,2.032925805766616,5.097696882141031,0.9622695659193303,-0.09953413613847506,0.09688971294323241
delta_rise=0.5_fall=0.75,9.541666666666666,3.2990423694695945,forage_phonologicaldynamiclocal,7.818018788215056,2.052426726732319,5.804524844150588,1.5591163241146353,-0.2481304335543918,0.4079680856712041
delta_rise=0.5_fall=0.75,9.541666666666666,3.2990423694695945,forage_phonologicaldynamicswitch,7.860388595524231,2.0504142858604673,4.457045845751643,0.5941836478742903,-0.12244390329520967,0.5166203850608291
delta_rise=0.5_fall=1.0,8.197916666666666,3.077538896540907,forage_dynamic,7.832599425810764,2.038343683022573,4.33366906387718,0.6238269366936154,,
delta_rise=0.5_fall=1.0,8.197916666666666,3.077538896540907,forage_phonologicaldynamicglobal,7.714896843805392,2.023532456641259,4.967598994733871,0.9675620409506503,-0.10101600115271413,0.09650901522606008
delta_rise=0.5_fall=1.0,8.197916666666666,3.077538896540907,forage_phonologicaldynamiclocal,7.765430158549445,2.043174812942631,5.561818348912819,1.5440182523119392,-0.222478613296033,0.3599390843611759
delta_rise=0.5_fall=1.0,8.197916666666666,3.077538896540907,forage_phonologicaldynamicswitch,7.824875144389086,2.0380340516582574,4.333936247147839,0.6235554065102786,-0.13924743129010775,0.5425139639304267
delta_rise=0.75_fall=0.0,13.578125,3.74223371144049,forage_dynamic,8.009517709574588,2.04667670431577,4.847085738436448,0.647104022888989,,
delta_rise=0.75_fall=0.0,13.578125,3.74223371144049,forage_phonologicaldynamicglobal,7.9235702976181415,2.032066309757769,5.405500620561823,0.9584659678236244,-0.08112061343772774,0.09389464192682481
delta_rise=0.75_fall=0.0,13.578125,3.74223371144049,forage_phonologicaldynamiclocal,8.043211884010484,2.075944767719875,6.985800276810771,2.435762030913425,-0.4418454235469566,0.6990745232826149
delta_rise=0.75_fall=0.0,13.578125,3.74223371144049,forage_phonologicaldynamicswitch,8.000294834719446,2.0484669048176065,4.847468889315557,0.6473605542309092,-0.04073375603521473,0.25925728726460295
delta_rise=0.75_fall=0.25,13.041666666666666,3.7092695447426784,forage_dynamic,7.986129773521644,2.030591426585516,4.805925022145164,0.6479009504848409,,
delta_rise=0.75_fall=0.25,13.041666666666666,3.7092695447426784,forage_phonologicaldynamicglobal,7.89502758454944,2.0149672027579406,5.387905493489968,0.9533595439241901,-0.08504014909705167,0.09484274321614959
delta_rise=0.75_fall=0.25,13.041666666666666,3.7092695447426784,forage_phonologicaldynamiclocal,8.009578552049819,2.051698598015665,6.798651378076095,2.1972739724704207,-0.40954269567036955,0.680750160941485
delta_rise=0.75_fall=0.25,13.041666666666666,3.7092695447426784,forage_phonologicaldynamicswitch,7.976837241594974,2.0320999647064824,4.806347074316774,0.6481875649933353,-0.04221612570880707,0.25671540027324463
delta_rise=0.75_fall=0.5,12.473958333333334,3.747130702052424,forage_dynamic,7.9607403709668345,2.024319547516979,4.762440129119838,0.6496238806735879,,
delta_rise=0.75_fall=0.5,12.473958333333334,3.747130702052424,forage_phonologicaldynamicglobal,7.864420689199378,2.007903652904843,5.3677480229284695,0.9619122838995602,-0.08910292610069655,0.0965721962515806
delta_rise=0.75_fall=0.5,12.473958333333334,3.747130702052424,forage_phonologicaldynamiclocal,7.970911841487709,2.0370657111512838,6.680539809764752,2.1544356207260615,-0.3713915993551998,0.597597320145949
delta_rise=0.75_fall=0.5,12.473958333333334,3.747130702052424,forage_phonologicaldynamicswitch,7.9508822587735395,2.0272645534420874,4.763126206777923,0.6498884512908141,-0.05525354918471679,0.3104381068920623
delta_rise=0.75_fall=0.75,11.114583333333334,3.69647859361522,forage_dynamic,7.911897474977995,2.028654013870347,4.623024630779507,0.6476464463075297,,
delta_rise=0.75_fall=0.75,11.114583333333334,3.69647859361522,forage_phonologicaldynamicglobal,7.806443619603904,2.010456048110863,5.242719952789558,0.9601260900968684,-0.09357619891194574,0.0964870121018834
delta_rise=0.75_fall=0.75,11.114583333333334,3.69647859361522,forage_phonologicaldynamiclocal,7.887739886576671,2.0352182236603333,6.328754977292275,1.9320373936365645,-0.2953609331545525,0.4538976119204841
delta_rise=0.75_fall=0.75,11.114583333333334,3.69647859361522,forage_phonologicaldynamicswitch,7.905933617643573,2.0325177745912617,4.623772680459436,0.6478476125817567,-0.08952687217506593,0.4653475962092032
delta_rise=0.75_fall=1.0,9.666666666666666,3.5492565731744756,forage_dynamic,7.8737298610981385,2.0190916869690954,4.477726110569711,0.6776692379830503,,
delta_rise=0.75_fall=1.0,9.666666666666666,3.5492565731744756,forage_phonologicaldynamicglobal,7.762607085964756,2.001392771517936,5.0964688319199265,0.9747863490345233,-0.0961621241223589,0.09610442080810362
delta_rise=0.75_fall=1.0,9.666666666666666,3.5492565731744756,forage_phonologicaldynamiclocal,7.832750799866492,2.0257021003386915,6.01892903048554,1.909397873255741,-0.27009391951300593,0.4338109403014581
delta_rise=0.75_fall=1.0,9.666666666666666,3.5492565731744756,forage_phonologicaldynamicswitch,7.872154803595239,2.021156095057837,4.4781436635211085,0.6778762886212703,-0.11685079567440924,0.5381846013267824
delta_rise=1.0_fall=0.0,14.796875,4.027948017834267,forage_dynamic,8.03510942752679,2.054426753279797,5.002277792921564,0.6589324090702854,,
delta_rise=1.0_fall=0.0,14.796875,4.027948017834267,forage_phonologicaldynamicglobal,7.956429570480794,2.039503955872797,5.526646300580254,0.935364201525897,-0.07370652130491902,0.09048072091272209
delta_rise=1.0_fall=0.0,14.796875,4.027948017834267,forage_phonologicaldynamiclocal,8.084308050478876,2.0871679697893977,7.493208324658048,2.668266930127071,-0.5360681005356588,0.7933091139954136
delta_rise=1.0_fall=0.0,14.796875,4.027948017834267,forage_phonologicaldynamicswitch,8.02476353904678,2.050955216056115,5.0027764962119825,0.658966195841959,-0.034161223107743346,0.2546915801872036
delta_rise=1.0_fall=0.25,14.354166666666666,4.015540557910258,forage_dynamic,8.016516289777394,2.046532414549529,4.969003574395974,0.6519806255932404,,
delta_rise=1.0_fall=0.25,14.354166666666666,4.015540557910258,forage_phonologicaldynamicglobal,7.933808373822061,2.0314194237534697,5.51701704169984,0.9334913658010007,-0.07720302546575541,0.09133491588996624
delta_rise=1.0_fall=0.25,14.354166666666666,4.015540557910258,forage_phonologicaldynamiclocal,8.056273003925009,2.0737985321701653,7.307215320664891,2.395164918775437,-0.4721540165710483,0.7072545730006886
delta_rise=1.0_fall=0.25,14.354166666666666,4.015540557910258,forage_phonologicaldynamicswitch,8.006796588517668,2.04271965608228,4.969519583789278,0.652085257893528,-0.02949294263781357,0.187965427976461
delta_rise=1.0_fall=0.5,13.885416666666666,4.037247906646584,forage_dynamic,7.994607234802171,2.0474740651015972,4.930840350919978,0.645517184530105,,
delta_rise=1.0_fall=0.5,13.885416666666666,4.037247906646584,forage_phonologicaldynamicglobal,7.906796494735054,2.0326759245901647,5.503408517829609,0.9383522256700078,-0.08116017691372174,0.09369805497334942
delta_rise=1.0_fall=0.5,13.885416666666666,4.037247906646584,forage_phonologicaldynamiclocal,8.021548710003712,2.0691492845746,7.169301453985934,2.343033464187767,-0.44420336730357945,0.6789452450232453
delta_rise=1.0_fall=0.5,13.885416666666666,4.037247906646584,forage_phonologicaldynamicswitch,7.983290925716632,2.0444004151738127,4.931641058679707,0.6454511293464391,-0.0433736513776471,0.24822280341074027
delta_rise=1.0_fall=0.75,12.703125,4.042790731789325,forage_dynamic,7.951739189770042,2.051620250622081,4.785283308559955,0.6302388669668707,,
delta_rise=1.0_fall=0.75,12.703125,4.042790731789325,forage_phonologicaldynamicglobal,7.855847739492403,2.0351999117090767,5.372658358766564,0.9295514300065892,-0.08551362884038038,0.09377729730188339
delta_rise=1.0_fall=0.75,12.703125,4.042790731789325,forage_phonologicaldynamiclocal,7.949853769690804,2.0688665177902923,6.795725866898866,2.130731258120174,-0.3591740656900739,0.5479792229624032
delta_rise=1.0_fall=0.75,12.703125,4.042790731789325,forage_phonologicaldynamicswitch,7.9454890540932785,2.0507483558723476,4.786200428691719,0.6301831851209233,-0.07261228735150516,0.39033809484221105
delta_rise=1.0_fall=1.0,11.369791666666666,3.912283534791059,forage_dynamic,7.9148783478008795,2.0452280373930685,4.637831575063907,0.673128728915743,,
delta_rise=1.0_fall=1.0,11.369791666666666,3.912283534791059,forage_phonologicaldynamicglobal,7.813323252856702,2.030174401300904,5.237370874507218,0.9702939209267507,-0.08954242652164122,0.0955865982233953
delta_rise=1.0_fall=1.0,11.369791666666666,3.912283534791059,forage_phonologicaldynamiclocal,7.898116639117094,2.062910842653269,6.466245683320225,2.124327039682441,-0.321984965998979,0.5038772670685968
delta_rise=1.0_fall=1.0,11.369791666666666,3.912283534791059,forage_phonologicaldynamicswitch,7.911775647479611,2.0456198753852926,4.638482826818754,0.6732984438109418,-0.09888896919693113,0.47057519309995727
multimodal_alpha=0.0,1.5104166666666667,1.4288310465979601,forage_dynamic,7.708995759859115,2.0008393156647206,3.5047720727515315,0.6328383019940177,,
multimodal_alpha=0.0,1.5104166666666667,1.4288310465979601,forage_phonologicaldynamicglobal,7.591987153249298,1.9833570969359164,3.9096576792645226,0.8736678724248872,-0.08029800657330981,0.08704717862268968
multimodal_alpha=0.0,1.5104166666666667,1.4288310465979601,forage_phonologicaldynamiclocal,7.612167113409544,1.98357130787197,3.863161259231991,0.8875112473571776,-0.06886235679876589,0.09816535015740503
multimodal_alpha=0.0,1.5104166666666667,1.4288310465979601,forage_phonologicaldynamicswitch,7.688825723181491,2.00532438358591,3.5055463308592762,0.6330224112518359,-1.0089647335185588,1.3059941698779118
multimodal_alpha=0.1,6.125,2.027159342528357,forage_dynamic,7.816566849868906,2.013029735641453,3.8952705747597065,0.6639046966547937,,
multimodal_alpha=0.1,6.125,2.027159342528357,forage_phonologicaldynamicglobal,7.70926234143102,1.9990805596990497,4.392859630829193,0.9791338741409147,-0.08643601148350977,0.09220207151205581
multimodal_alpha=0.1,6.125,2.027159342528357,forage_phonologicaldynamiclocal,7.801558436460475,2.005210825234603,4.116991956057451,0.9931982127639354,-0.029923865348151422,0.11087408411306694
multimodal_alpha=0.1,6.125,2.027159342528357,forage_phonologicaldynamicswitch,7.712933232646076,2.0127627636931993,3.898876340470944,0.6633362325003749,-1.6282949673625693,1.0722563620318772
multimodal_alpha=0.2,6.145833333333333,2.043685226632408,forage_dynamic,7.8167418499224715,2.0127726412907965,3.901701405581543,0.6672662851989298,,
multimodal_alpha=0.2,6.145833333333333,2.043685226632408,forage_phonologicaldynamicglobal,7.709394325970686,1.99875137179377,4.4019512158078635,0.9830454898709478,-0.08678921287691721,0.09227366443436252
multimodal_alpha=0.2,6.145833333333333,2.043685226632408,forage_phonologicaldynamiclocal,7.800921199014197,2.0047283088755385,4.129006685075862,0.9983640276251833,-0.030905270001180832,0.1110200313669323
multimodal_alpha=0.2,6.145833333333333,2.043685226632408,forage_phonologicaldynamicswitch,7.714153240298554,2.0127250535521877,3.905305166317977,0.6667073748521456,-1.592383168110392,1.058352531949983
multimodal_alpha=0.30000000000000004,6.182291666666667,2.0547452595388127,forage_dynamic,7.815009217294848,2.014092698710479,3.9230617327295856,0.6764536474643009,,
multimodal_alpha=0.30000000000000004,6.182291666666667,2.0547452595388127,forage_phonologicaldynamicglobal,7.707059452380567,2.000472400371902,4.435635124289196,1.0002349832083934,-0.0882688244570503,0.09295010927605368
multimodal_alpha=0.30000000000000004,6.182291666666667,2.0547452595388127,forage_phonologicaldynamiclocal,7.796393602110075,2.0068413248790757,4.186131992134401,1.0421477096473621,-0.03669840690429404,0.11449078936816152
multimodal_alpha=0.30000000000000004,6.182291666666667,2.0547452595388127,forage_phonologicaldynamicswitch,7.717403987109667,2.013052495799633,3.9264626783739796,0.6758080046266263,-1.4722791233108172,1.1189998725513208
multimodal_alpha=0.4,6.270833333333333,2.0487758879118254,forage_dynamic,7.816788597870837,2.0162016528966027,3.958639803332153,0.679436699174455,,
multimodal_alpha=0.4,6.270833333333333,2.0487758879118254,forage_phonologicaldynamicglobal,7.708188446535999,2.002706911892996,4.481781186608459,1.0014450669415484,-0.08966285081177454,0.09287409063692104
multimodal_alpha=0.4,6.270833333333333,2.0487758879118254,forage_phonologicaldynamiclocal,7.792499466461778,2.0091647210339683,4.263276939912635,1.060142259443124,-0.0447560547831938,0.11395245103325413
multimodal_alpha=0.4,6.270833333333333,2.0487758879118254,forage_phonologicaldynamicswitch,7.725895560331523,2.0136487927342803,3.961800763401891,0.6787592661148232,-1.2421511912310657,1.139858329425733
multimodal_alpha=0.5,6.3125,2.0402843960258745,forage_dynamic,7.809033322539225,2.0148610944601395,3.9923873600916155,0.6718887527487546,,
multimodal_alpha=0.5,6.3125,2.0402843960258745,forage_phonologicaldynamicglobal,7.6993371876753365,2.0019358990619236,4.532216967755715,0.995923746629557,-0.09169640434983273,0.09319093214154035
multimodal_alpha=0.5,6.3125,2.0402843960258745,forage_phonologicaldynamiclocal,7.777655557596184,2.0104374963965346,4.364778156234405,1.0800592072431172,-0.05672181870213606,0.11938138779894929
multimodal_alpha=0.5,6.3125,2.0402843960258745,forage_phonologicaldynamicswitch,7.72945247621579,2.0138106063240144,3.9950884245085536,0.6714363246913542,-0.9875175385461322,1.1273125202352479
multimodal_alpha=0.6000000000000001,6.317708333333333,2.0811903040320994,forage_dynamic,7.792250055557421,2.014363459849206,4.027899033293059,0.6749224758868512,,
multimodal_alpha=0.6000000000000001,6.317708333333333,2.0811903040320994,forage_phonologicaldynamicglobal,7.680211239713143,2.000462482244699,4.5848673714614145,0.9949084740861043,-0.09418069444644996,0.0928116972599702
multimodal_alpha=0.6000000000000001,6.317708333333333,2.0811903040320994,forage_phonologicaldynamiclocal,7.748039144370629,2.009646803689265,4.499457058335136,1.1176967472575088,-0.07453336475127523,0.12075632799015565
multimodal_alpha=0.6000000000000001,6.317708333333333,2.0811903040320994,forage_phonologicaldynamicswitch,7.725895189730198,2.012544576686347,4.030119910978619,0.6744190369086512,-0.7811825676289348,1.065182644534049
multimodal_alpha=0.7000000000000001,6.338541666666667,2.0194300862530223,forage_dynamic,7.77853172426022,2.012826822296182,4.059478309264164,0.655423306535887,,
multimodal_alpha=0.7000000000000001,6.338541666666667,2.0194300862530223,forage_phonologicaldynamicglobal,7.664149803738209,1.9983316319539868,4.631251312113792,0.980009038577588,-0.09607123161397783,0.09377445410500396
multimodal_alpha=0.7000000000000001,6.338541666666667,2.0194300862530223,forage_phonologicaldynamiclocal,7.721336376180946,2.0063588120562517,4.635235419033642,1.1565447574194936,-0.1038310715117976,0.23178194696179338
multimodal_alpha=0.7000000000000001,6.338541666666667,2.0194300862530223,forage_phonologicaldynamicswitch,7.728135739995122,2.0137703194188243,4.061189287100211,0.655174405421604,-0.5814892042026971,0.9917713555076909
multimodal_alpha=0.8,6.3125,1.9938055112439295,forage_dynamic,7.7679643287887785,2.0141066227841313,4.087701800348282,0.6490467165125778,,
multimodal_alpha=0.8,6.3125,1.9938055112439295,forage_phonologicaldynamicglobal,7.652420982986893,1.9996828943496676,4.680874522348241,0.9850735702704123,-0.09878934276342882,0.09484865793344391
multimodal_alpha=0.8,6.3125,1.9938055112439295,forage_phonologicaldynamiclocal,7.6987239021915626,2.0086576482141276,4.804206221475398,1.2106389264795145,-0.12595728718602037,0.2198599883139287
multimodal_alpha=0.8,6.3125,1.9938055112439295,forage_phonologicaldynamicswitch,7.737689653584453,2.0166918386030876,4.088694783625667,0.6491612086468479,-0.3865369259304235,0.8513491553173381
multimodal_alpha=0.9,6.260416666666667,1.9986703479369035,forage_dynamic,7.763346171141676,2.009979886977099,4.100024876636263,0.645032212587785,,
multimodal_alpha=0.9,6.260416666666667,1.9986703479369035,forage_phonologicaldynamicglobal,7.64700172086681,1.994205697146871,4.7004634764285145,0.9833874891118904,-0.09995412039118119,0.09503778871514526
multimodal_alpha=0.9,6.260416666666667,1.9986703479369035,forage_phonologicaldynamiclocal,7.6865735517088725,2.0045443130044385,4.908771452697601,1.2237218200920497,-0.14305847284548687,0.23699707528981878
multimodal_alpha=0.9,6.260416666666667,1.9986703479369035,forage_phonologicaldynamicswitch,7.744789883921693,2.0130135068487993,4.100644999985065,0.6451779086400377,-0.2245737340083157,0.6853207405668404
multimodal_alpha=1.0,6.265625,1.9914571782261183,forage_dynamic,7.764573702283123,2.006535895709557,4.10029600210518,0.6489880033289078,,
multimodal_alpha=1.0,6.265625,1.9914571782261183,forage_phonologicaldynamicglobal,7.6476967800271884,1.9900990436416193,4.701504150829513,0.9863412290865531,-0.09998268684060148,0.09464405498663882
multimodal_alpha=1.0,6.265625,1.9914571782261183,forage_phonologicaldynamiclocal,7.680726936038121,2.000121962418201,4.98127075049585,1.2408340178210489,-0.15404108030505273,0.22015220371271754
multimodal_alpha=1.0,6.265625,1.9914571782261183,forage_phonologicaldynamicswitch,7.757285188274724,2.0110977303289275,4.100584730610895,0.6492979178773071,-0.14743369260890263,0.5766259204094896
norms_associative,10.84375,3.0663772225271524,forage_dynamic,7.975792433562716,2.0536963694960377,4.411298724115189,0.5301301979755906,,
norms_associative,10.84375,3.0663772225271524,forage_phonologicaldynamicglobal,7.877765090546337,2.044453342803829,4.936806281389717,0.7950570895360322,-0.08301737219501398,0.09197469817809019
norms_associative,10.84375,3.0663772225271524,forage_phonologicaldynamiclocal,7.927353265482246,2.0681063213391404,5.60616718983755,1.3867877372783715,-0.23676142619372745,0.4208125443051602
norms_associative,10.84375,3.0663772225271524,forage_phonologicaldynamicswitch,7.96606317485245,2.05548330145052,4.412127904411823,0.5297961074101367,-0.05277056293126026,0.2936378334256678
norms_categorical,11.057291666666666,3.005524246826814,forage_dynamic,8.001098302839942,2.049338783451227,4.402592856083972,0.5632931227357646,,
norms_categorical,11.057291666666666,3.005524246826814,forage_phonologicaldynamicglobal,7.907963508037611,2.0401479342780595,4.924431280715927,0.8544102079211439,-0.08174598533681628,0.09310973808734041
norms_categorical,11.057291666666666,3.005524246826814,forage_phonologicaldynamiclocal,7.956510602812714,2.062746991281807,5.601696007026823,1.4287264373861308,-0.2180917076043578,0.3664276721572906
norms_categorical,11.057291666666666,3.005524246826814,forage_phonologicaldynamicswitch,7.993306197328451,2.0497529805413013,4.403270043255934,0.563183135600103,-0.01934176316740681,0.0959129124418961
simdrop,6.265625,1.9914571782261183,forage_dynamic,7.764574198864749,2.0065363104052234,4.100296003467508,0.6489881504220801,,
simdrop,6.265625,1.9914571782261183,forage_phonologicaldynamicglobal,7.647696275535456,1.9900989450539168,4.70150456728772,0.9863413322723261,-0.09998270696378718,0.09464407079993839
simdrop,6.265625,1.9914571782261183,forage_phonologicaldynamiclocal,7.680726674362077,2.00012199312773,4.981270085403696,1.240831292771832,-0.15679260875047948,0.252283197683421
simdrop,6.265625,1.9914571782261183,forage_phonologicaldynamicswitch,7.757285172122013,2.011096795282601,4.100585161934235,0.649297461212934,-0.15085058547512542,0.5896476270087441
none,,,forage_phonologicalstatic,7.571324658655516,1.9762901233306738,3.9109351481423054,0.8778582948465871,-0.08423874705373781,0.08625161238500047
none,,,forage_static,7.69321534867424,1.9941830344480054,3.4877952858258117,0.6209056332842661,,
