Subject,Semantic_Similarity_mean,Semantic_Similarity_std,Frequency_Value_mean,Frequency_Value_std,Phonological_Similarity_mean,Phonological_Similarity_std,#_of_Items,Switch_Method,Number_of_Switches,Cluster_Size_mean,Cluster_Size_std
805.0,0.4209693774663633,0.09318103141912336,6.136123713006684,0.7274365817630756,0.24636,0.16616457170193918,28.0,delta_rise=0.0_fall=0.0,12,2.1538461538461537,0.9483713850721502
805.0,,,,,,,,delta_rise=0.0_fall=0.25,11,2.3333333333333335,1.247219128924647
805.0,,,,,,,,delta_rise=0.0_fall=0.5,10,2.5454545454545454,1.4993111365882401
805.0,,,,,,,,delta_rise=0.0_fall=0.75,8,3.111111111111111,1.5947444549341472
805.0,,,,,,,,delta_rise=0.0_fall=1.0,7,3.5,1.7320508075688772
805.0,,,,,,,,delta_rise=0.25_fall=0.0,12,2.1538461538461537,0.9483713850721502
805.0,,,,,,,,delta_rise=0.25_fall=0.25,11,2.3333333333333335,1.247219128924647
805.0,,,,,,,,delta_rise=0.25_fall=0.5,10,2.5454545454545454,1.4993111365882401
805.0,,,,,,,,delta_rise=0.25_fall=0.75,8,3.111111111111111,1.5947444549341472
805.0,,,,,,,,delta_rise=0.25_fall=1.0,7,3.5,1.7320508075688772
805.0,,,,,,,,delta_rise=0.5_fall=0.0,14,1.8666666666666667,0.8844332774281066
805.0,,,,,,,,delta_rise=0.5_fall=0.25,13,2.0,1.1952286093343936
805.0,,,,,,,,delta_rise=0.5_fall=0.5,12,2.1538461538461537,1.4595127662315597
805.0,,,,,,,,delta_rise=0.5_fall=0.75,10,2.5454545454545454,1.6713433009863852
805.0,,,,,,,,delta_rise=0.5_fall=1.0,10,2.5454545454545454,1.6713433009863852
805.0,,,,,,,,delta_rise=0.75_fall=0.0,16,1.6470588235294117,0.8360394355030527
805.0,,,,,,,,delta_rise=0.75_fall=0.25,15,1.75,1.14564392373896
805.0,,,,,,,,delta_rise=0.75_fall=0.5,14,1.8666666666666667,1.4079141387961918
805.0,,,,,,,,delta_rise=0.75_fall=0.75,12,2.1538461538461537,1.6569737868106167
805.0,,,,,,,,delta_rise=0.75_fall=1.0,12,2.1538461538461537,1.6569737868106167
805.0,,,,,,,,delta_rise=1.0_fall=0.0,19,1.4,0.66332495807108
805.0,,,,,,,,delta_rise=1.0_fall=0.25,18,1.4736842105263157,0.9930506454796424
805.0,,,,,,,,delta_rise=1.0_fall=0.5,15,1.75,1.346291201783626
805.0,,,,,,,,delta_rise=1.0_fall=0.75,13,2.0,1.6035674514745464
805.0,,,,,,,,delta_rise=1.0_fall=1.0,13,2.0,1.6035674514745464
805.0,,,,,,,,multimodal_alpha=0.0,1,14.0,3.0
805.0,,,,,,,,multimodal_alpha=0.1,9,2.8,1.0770329614269007
805.0,,,,,,,,multimodal_alpha=0.2,9,2.8,1.0770329614269007
805.0,,,,,,,,multimodal_alpha=0.30000000000000004,9,2.8,1.0770329614269007
805.0,,,,,,,,multimodal_alpha=0.4,9,2.8,1.0770329614269007
805.0,,,,,,,,multimodal_alpha=0.5,9,2.8,1.0770329614269007
805.0,,,,,,,,multimodal_alpha=0.6000000000000001,10,2.5454545454545454,0.7820295697311479
805.0,,,,,,,,multimodal_alpha=0.7000000000000001,9,2.8,1.0770329614269007
805.0,,,,,,,,multimodal_alpha=0.8,9,2.8,1.0770329614269007
805.0,,,,,,,,multimodal_alpha=0.9,9,2.8,1.0770329614269007
805.0,,,,,,,,multimodal_alpha=1.0,9,2.8,1.0770329614269007
805.0,,,,,,,,norms_associative,13,2.0,1.2535663410560174
805.0,,,,,,,,norms_categorical,14,1.8666666666666667,1.2036980056845192
805.0,,,,,,,,simdrop,9,2.8,1.0770329614269007
809.0,0.42602852122186535,0.10185405870268764,5.934338536099603,1.0531838333822112,0.20427499999999998,0.10186542593048929,23.0,delta_rise=0.0_fall=0.0,12,1.9166666666666667,0.6400954789890507
809.0,,,,,,,,delta_rise=0.0_fall=0.25,11,2.090909090909091,0.899954085146515
809.0,,,,,,,,delta_rise=0.0_fall=0.5,10,2.3,1.1
809.0,,,,,,,,delta_rise=0.0_fall=0.75,10,2.3,1.1
809.0,,,,,,,,delta_rise=0.0_fall=1.0,10,2.3,1.1
809.0,,,,,,,,delta_rise=0.25_fall=0.0,14,1.6428571428571428,0.6102859818083951
809.0,,,,,,,,delta_rise=0.25_fall=0.25,13,1.7692307692307692,0.890448992522325
809.0,,,,,,,,delta_rise=0.25_fall=0.5,12,1.9166666666666667,1.114924013354971
809.0,,,,,,,,delta_rise=0.25_fall=0.75,12,1.9166666666666667,1.114924013354971
809.0,,,,,,,,delta_rise=0.25_fall=1.0,12,1.9166666666666667,1.114924013354971
809.0,,,,,,,,delta_rise=0.5_fall=0.0,15,1.5333333333333334,0.6182412330330469
809.0,,,,,,,,delta_rise=0.5_fall=0.25,15,1.5333333333333334,0.6182412330330469
809.0,,,,,,,,delta_rise=0.5_fall=0.5,14,1.6428571428571428,0.8949974347244049
809.0,,,,,,,,delta_rise=0.5_fall=0.75,14,1.6428571428571428,0.8949974347244049
809.0,,,,,,,,delta_rise=0.5_fall=1.0,14,1.6428571428571428,0.8949974347244049
809.0,,,,,,,,delta_rise=0.75_fall=0.0,17,1.3529411764705883,0.5882352941176471
809.0,,,,,,,,delta_rise=0.75_fall=0.25,17,1.3529411764705883,0.5882352941176471
809.0,,,,,,,,delta_rise=0.75_fall=0.5,16,1.4375,0.8637671850678283
809.0,,,,,,,,delta_rise=0.75_fall=0.75,16,1.4375,0.8637671850678283
809.0,,,,,,,,delta_rise=0.75_fall=1.0,16,1.4375,0.8637671850678283
809.0,,,,,,,,delta_rise=1.0_fall=0.0,17,1.3529411764705883,0.5882352941176471
809.0,,,,,,,,delta_rise=1.0_fall=0.25,17,1.3529411764705883,0.5882352941176471
809.0,,,,,,,,delta_rise=1.0_fall=0.5,16,1.4375,0.8637671850678283
809.0,,,,,,,,delta_rise=1.0_fall=0.75,16,1.4375,0.8637671850678283
809.0,,,,,,,,delta_rise=1.0_fall=1.0,16,1.4375,0.8637671850678283
809.0,,,,,,,,multimodal_alpha=0.0,1,11.5,0.5
809.0,,,,,,,,multimodal_alpha=0.1,8,2.5555555555555554,0.49690399499995325
809.0,,,,,,,,multimodal_alpha=0.2,8,2.5555555555555554,0.49690399499995325
809.0,,,,,,,,multimodal_alpha=0.30000000000000004,8,2.5555555555555554,0.49690399499995325
809.0,,,,,,,,multimodal_alpha=0.4,8,2.5555555555555554,0.49690399499995325
809.0,,,,,,,,multimodal_alpha=0.5,8,2.5555555555555554,0.49690399499995325
809.0,,,,,,,,multimodal_alpha=0.6000000000000001,8,2.5555555555555554,0.49690399499995325
809.0,,,,,,,,multimodal_alpha=0.7000000000000001,8,2.5555555555555554,0.6849348892187751
809.0,,,,,,,,multimodal_alpha=0.8,8,2.5555555555555554,0.6849348892187751
809.0,,,,,,,,multimodal_alpha=0.9,8,2.5555555555555554,0.6849348892187751
809.0,,,,,,,,multimodal_alpha=1.0,8,2.5555555555555554,0.6849348892187751
809.0,,,,,,,,norms_associative,10,2.3,1.3453624047073711
809.0,,,,,,,,norms_categorical,11,2.090909090909091,0.9958591954639383
809.0,,,,,,,,simdrop,8,2.5555555555555554,0.6849348892187751
810.0,0.6237586776418724,,7.134628692596213,0.17180620832421267,,,2.0,delta_rise=0.0_fall=0.0,0,2.0,0.0
810.0,,,,,,,,delta_rise=0.0_fall=0.25,0,2.0,0.0
810.0,,,,,,,,delta_rise=0.0_fall=0.5,0,2.0,0.0
810.0,,,,,,,,delta_rise=0.0_fall=0.75,0,2.0,0.0
810.0,,,,,,,,delta_rise=0.0_fall=1.0,0,2.0,0.0
810.0,,,,,,,,delta_rise=0.25_fall=0.0,0,2.0,0.0
810.0,,,,,,,,delta_rise=0.25_fall=0.25,0,2.0,0.0
810.0,,,,,,,,delta_rise=0.25_fall=0.5,0,2.0,0.0
810.0,,,,,,,,delta_rise=0.25_fall=0.75,0,2.0,0.0
810.0,,,,,,,,delta_rise=0.25_fall=1.0,0,2.0,0.0
810.0,,,,,,,,delta_rise=0.5_fall=0.0,0,2.0,0.0
810.0,,,,,,,,delta_rise=0.5_fall=0.25,0,2.0,0.0
810.0,,,,,,,,delta_rise=0.5_fall=0.5,0,2.0,0.0
810.0,,,,,,,,delta_rise=0.5_fall=0.75,0,2.0,0.0
810.0,,,,,,,,delta_rise=0.5_fall=1.0,0,2.0,0.0
810.0,,,,,,,,delta_rise=0.75_fall=0.0,0,2.0,0.0
810.0,,,,,,,,delta_rise=0.75_fall=0.25,0,2.0,0.0
810.0,,,,,,,,delta_rise=0.75_fall=0.5,0,2.0,0.0
810.0,,,,,,,,delta_rise=0.75_fall=0.75,0,2.0,0.0
810.0,,,,,,,,delta_rise=0.75_fall=1.0,0,2.0,0.0
810.0,,,,,,,,delta_rise=1.0_fall=0.0,0,2.0,0.0
810.0,,,,,,,,delta_rise=1.0_fall=0.25,0,2.0,0.0
810.0,,,,,,,,delta_rise=1.0_fall=0.5,0,2.0,0.0
810.0,,,,,,,,delta_rise=1.0_fall=0.75,0,2.0,0.0
810.0,,,,,,,,delta_rise=1.0_fall=1.0,0,2.0,0.0
810.0,,,,,,,,multimodal_alpha=0.0,0,2.0,0.0
810.0,,,,,,,,multimodal_alpha=0.1,0,2.0,0.0
810.0,,,,,,,,multimodal_alpha=0.2,0,2.0,0.0
810.0,,,,,,,,multimodal_alpha=0.30000000000000004,0,2.0,0.0
810.0,,,,,,,,multimodal_alpha=0.4,0,2.0,0.0
810.0,,,,,,,,multimodal_alpha=0.5,0,2.0,0.0
810.0,,,,,,,,multimodal_alpha=0.6000000000000001,0,2.0,0.0
810.0,,,,,,,,multimodal_alpha=0.7000000000000001,0,2.0,0.0
810.0,,,,,,,,multimodal_alpha=0.8,0,2.0,0.0
810.0,,,,,,,,multimodal_alpha=0.9,0,2.0,0.0
810.0,,,,,,,,multimodal_alpha=1.0,0,2.0,0.0
810.0,,,,,,,,norms_associative,0,2.0,0.0
810.0,,,,,,,,norms_categorical,0,2.0,0.0
810.0,,,,,,,,simdrop,0,2.0,0.0
816.0,0.4542808214779884,0.12756692213392792,6.306707717701842,0.7571044595813207,0.2319,0.10748271954132906,21.0,delta_rise=0.0_fall=0.0,10,1.9090909090909092,0.7925270806437588
816.0,,,,,,,,delta_rise=0.0_fall=0.25,9,2.1,0.8306623862918074
816.0,,,,,,,,delta_rise=0.0_fall=0.5,9,2.1,0.8306623862918074
816.0,,,,,,,,delta_rise=0.0_fall=0.75,7,2.625,1.4947825928876748
816.0,,,,,,,,delta_rise=0.0_fall=1.0,6,3.0,1.7728105208558367
816.0,,,,,,,,delta_rise=0.25_fall=0.0,12,1.6153846153846154,0.737820234355803
816.0,,,,,,,,delta_rise=0.25_fall=0.25,11,1.75,0.82915619758885
816.0,,,,,,,,delta_rise=0.25_fall=0.5,11,1.75,0.82915619758885
816.0,,,,,,,,delta_rise=0.25_fall=0.75,7,2.625,1.4947825928876748
816.0,,,,,,,,delta_rise=0.25_fall=1.0,6,3.0,1.7728105208558367
816.0,,,,,,,,delta_rise=0.5_fall=0.0,13,1.6153846153846154,0.737820234355803
816.0,,,,,,,,delta_rise=0.5_fall=0.25,12,1.75,0.82915619758885
816.0,,,,,,,,delta_rise=0.5_fall=0.5,12,1.75,0.82915619758885
816.0,,,,,,,,delta_rise=0.5_fall=0.75,8,2.625,1.4947825928876748
816.0,,,,,,,,delta_rise=0.5_fall=1.0,7,3.0,1.7728105208558367
816.0,,,,,,,,delta_rise=0.75_fall=0.0,14,1.5,0.7319250547113999
816.0,,,,,,,,delta_rise=0.75_fall=0.25,14,1.5,0.7319250547113999
816.0,,,,,,,,delta_rise=0.75_fall=0.5,14,1.5,0.7319250547113999
816.0,,,,,,,,delta_rise=0.75_fall=0.75,10,2.1,1.5132745950421556
816.0,,,,,,,,delta_rise=0.75_fall=1.0,7,3.0,1.7728105208558367
816.0,,,,,,,,delta_rise=1.0_fall=0.0,16,1.3125,0.582961190818051
816.0,,,,,,,,delta_rise=1.0_fall=0.25,16,1.3125,0.582961190818051
816.0,,,,,,,,delta_rise=1.0_fall=0.5,16,1.3125,0.582961190818051
816.0,,,,,,,,delta_rise=1.0_fall=0.75,12,1.75,1.2332207155790618
816.0,,,,,,,,delta_rise=1.0_fall=1.0,12,1.75,1.2332207155790618
816.0,,,,,,,,multimodal_alpha=0.0,1,10.5,6.5
816.0,,,,,,,,multimodal_alpha=0.1,6,3.0,1.1952286093343936
816.0,,,,,,,,multimodal_alpha=0.2,6,3.0,1.1952286093343936
816.0,,,,,,,,multimodal_alpha=0.30000000000000004,6,3.0,1.1952286093343936
816.0,,,,,,,,multimodal_alpha=0.4,6,3.0,1.5118578920369088
816.0,,,,,,,,multimodal_alpha=0.5,6,3.0,1.5118578920369088
816.0,,,,,,,,multimodal_alpha=0.6000000000000001,6,3.0,1.5118578920369088
816.0,,,,,,,,multimodal_alpha=0.7000000000000001,6,3.0,1.5118578920369088
816.0,,,,,,,,multimodal_alpha=0.8,6,3.0,1.5118578920369088
816.0,,,,,,,,multimodal_alpha=0.9,7,2.625,0.8569568250501305
816.0,,,,,,,,multimodal_alpha=1.0,7,2.625,0.8569568250501305
816.0,,,,,,,,norms_associative,8,2.625,1.4947825928876748
816.0,,,,,,,,norms_categorical,9,2.3333333333333335,0.9428090415820634
816.0,,,,,,,,simdrop,7,2.625,0.8569568250501305
817.0,0.43882690970958727,0.1640333006617955,5.1546569140225635,1.1443116776486948,0.30551,0.19093866059840034,26.0,delta_rise=0.0_fall=0.0,13,2.0,0.9607689228305228
817.0,,,,,,,,delta_rise=0.0_fall=0.25,13,2.0,0.9607689228305228
817.0,,,,,,,,delta_rise=0.0_fall=0.5,9,2.888888888888889,1.7284832429004495
817.0,,,,,,,,delta_rise=0.0_fall=0.75,8,3.25,2.436698586202241
817.0,,,,,,,,delta_rise=0.0_fall=1.0,7,3.7142857142857144,3.103651568914347
817.0,,,,,,,,delta_rise=0.25_fall=0.0,16,1.625,0.8569568250501305
817.0,,,,,,,,delta_rise=0.25_fall=0.25,16,1.625,0.8569568250501305
817.0,,,,,,,,delta_rise=0.25_fall=0.5,10,2.6,1.7435595774162693
817.0,,,,,,,,delta_rise=0.25_fall=0.75,9,2.888888888888889,2.4241582476968255
817.0,,,,,,,,delta_rise=0.25_fall=1.0,8,3.25,3.072051431861127
817.0,,,,,,,,delta_rise=0.5_fall=0.0,16,1.625,0.8569568250501305
817.0,,,,,,,,delta_rise=0.5_fall=0.25,16,1.625,0.8569568250501305
817.0,,,,,,,,delta_rise=0.5_fall=0.5,10,2.6,1.7435595774162693
817.0,,,,,,,,delta_rise=0.5_fall=0.75,9,2.888888888888889,2.4241582476968255
817.0,,,,,,,,delta_rise=0.5_fall=1.0,8,3.25,3.072051431861127
817.0,,,,,,,,delta_rise=0.75_fall=0.0,16,1.625,0.8569568250501305
817.0,,,,,,,,delta_rise=0.75_fall=0.25,16,1.625,0.8569568250501305
817.0,,,,,,,,delta_rise=0.75_fall=0.5,10,2.6,1.7435595774162693
817.0,,,,,,,,delta_rise=0.75_fall=0.75,9,2.888888888888889,2.4241582476968255
817.0,,,,,,,,delta_rise=0.75_fall=1.0,8,3.25,3.072051431861127
817.0,,,,,,,,delta_rise=1.0_fall=0.0,16,1.625,0.8569568250501305
817.0,,,,,,,,delta_rise=1.0_fall=0.25,16,1.625,0.8569568250501305
817.0,,,,,,,,delta_rise=1.0_fall=0.5,10,2.6,1.7435595774162693
817.0,,,,,,,,delta_rise=1.0_fall=0.75,9,2.888888888888889,2.4241582476968255
817.0,,,,,,,,delta_rise=1.0_fall=1.0,8,3.25,3.072051431861127
817.0,,,,,,,,multimodal_alpha=0.0,0,26.0,0.0
817.0,,,,,,,,multimodal_alpha=0.1,7,3.25,0.82915619758885
817.0,,,,,,,,multimodal_alpha=0.2,7,3.25,0.82915619758885
817.0,,,,,,,,multimodal_alpha=0.30000000000000004,7,3.25,0.82915619758885
817.0,,,,,,,,multimodal_alpha=0.4,7,3.25,0.82915619758885
817.0,,,,,,,,multimodal_alpha=0.5,7,3.25,0.6614378277661477
817.0,,,,,,,,multimodal_alpha=0.6000000000000001,7,3.25,0.6614378277661477
817.0,,,,,,,,multimodal_alpha=0.7000000000000001,7,3.25,0.6614378277661477
817.0,,,,,,,,multimodal_alpha=0.8,7,3.25,0.6614378277661477
817.0,,,,,,,,multimodal_alpha=0.9,7,3.25,0.6614378277661477
817.0,,,,,,,,multimodal_alpha=1.0,7,3.25,0.6614378277661477
817.0,,,,,,,,norms_associative,15,1.7333333333333334,1.0624918300339485
817.0,,,,,,,,norms_categorical,17,1.5294117647058822,0.6960093862470137
817.0,,,,,,,,simdrop,7,3.25,0.6614378277661477
818.0,0.35981016117283404,0.08728909224042719,6.2167804085738,0.8800524477462754,0.1548,0.016829141392239823,17.0,delta_rise=0.0_fall=0.0,7,2.125,0.5994789404140899
818.0,,,,,,,,delta_rise=0.0_fall=0.25,6,2.4285714285714284,1.178030178747903
818.0,,,,,,,,delta_rise=0.0_fall=0.5,6,2.4285714285714284,1.178030178747903
818.0,,,,,,,,delta_rise=0.0_fall=0.75,5,2.8333333333333335,1.3437096247164249
818.0,,,,,,,,delta_rise=0.0_fall=1.0,5,2.8333333333333335,1.3437096247164249
818.0,,,,,,,,delta_rise=0.25_fall=0.0,9,1.7,0.6403124237432849
818.0,,,,,,,,delta_rise=0.25_fall=0.25,7,2.125,0.9270248108869579
818.0,,,,,,,,delta_rise=0.25_fall=0.5,7,2.125,0.9270248108869579
818.0,,,,,,,,delta_rise=0.25_fall=0.75,6,2.4285714285714284,1.178030178747903
818.0,,,,,,,,delta_rise=0.25_fall=1.0,6,2.4285714285714284,1.178030178747903
818.0,,,,,,,,delta_rise=0.5_fall=0.0,10,1.7,0.6403124237432849
818.0,,,,,,,,delta_rise=0.5_fall=0.25,8,2.125,0.9270248108869579
818.0,,,,,,,,delta_rise=0.5_fall=0.5,8,2.125,0.9270248108869579
818.0,,,,,,,,delta_rise=0.5_fall=0.75,7,2.4285714285714284,1.178030178747903
818.0,,,,,,,,delta_rise=0.5_fall=1.0,7,2.4285714285714284,1.178030178747903
818.0,,,,,,,,delta_rise=0.75_fall=0.0,10,1.7,0.6403124237432849
818.0,,,,,,,,delta_rise=0.75_fall=0.25,8,2.125,0.9270248108869579
818.0,,,,,,,,delta_rise=0.75_fall=0.5,8,2.125,0.9270248108869579
818.0,,,,,,,,delta_rise=0.75_fall=0.75,7,2.4285714285714284,1.178030178747903
818.0,,,,,,,,delta_rise=0.75_fall=1.0,7,2.4285714285714284,1.178030178747903
818.0,,,,,,,,delta_rise=1.0_fall=0.0,11,1.5454545454545454,0.6555547773570889
818.0,,,,,,,,delta_rise=1.0_fall=0.25,9,1.8888888888888888,0.9938079899999066
818.0,,,,,,,,delta_rise=1.0_fall=0.5,9,1.8888888888888888,0.9938079899999066
818.0,,,,,,,,delta_rise=1.0_fall=0.75,8,2.125,1.2686114456365274
818.0,,,,,,,,delta_rise=1.0_fall=1.0,8,2.125,1.2686114456365274
818.0,,,,,,,,multimodal_alpha=0.0,0,17.0,0.0
818.0,,,,,,,,multimodal_alpha=0.1,5,2.8333333333333335,1.5723301886761007
818.0,,,,,,,,multimodal_alpha=0.2,5,2.8333333333333335,1.5723301886761007
818.0,,,,,,,,multimodal_alpha=0.30000000000000004,5,2.8333333333333335,1.5723301886761007
818.0,,,,,,,,multimodal_alpha=0.4,5,2.8333333333333335,1.5723301886761007
818.0,,,,,,,,multimodal_alpha=0.5,5,2.8333333333333335,1.5723301886761007
818.0,,,,,,,,multimodal_alpha=0.6000000000000001,5,2.8333333333333335,1.5723301886761007
818.0,,,,,,,,multimodal_alpha=0.7000000000000001,5,2.8333333333333335,1.5723301886761007
818.0,,,,,,,,multimodal_alpha=0.8,6,2.4285714285714284,0.9035079029052513
818.0,,,,,,,,multimodal_alpha=0.9,6,2.4285714285714284,0.9035079029052513
818.0,,,,,,,,multimodal_alpha=1.0,6,2.4285714285714284,0.9035079029052513
818.0,,,,,,,,norms_associative,13,1.3076923076923077,0.6056929133855238
818.0,,,,,,,,norms_categorical,12,1.4166666666666667,0.6400954789890506
818.0,,,,,,,,simdrop,6,2.4285714285714284,0.9035079029052513
821.0,0.3836426029803702,0.12287123270369169,5.697801140740454,0.8993837935564173,0.2691272727272727,0.16445275364620132,23.0,delta_rise=0.0_fall=0.0,11,1.9166666666666667,0.9537935951882998
821.0,,,,,,,,delta_rise=0.0_fall=0.25,10,2.090909090909091,0.9958591954639383
821.0,,,,,,,,delta_rise=0.0_fall=0.5,8,2.5555555555555554,1.4229164972072998
821.0,,,,,,,,delta_rise=0.0_fall=0.75,6,3.2857142857142856,1.2777531299998797
821.0,,,,,,,,delta_rise=0.0_fall=1.0,5,3.8333333333333335,1.9507833184532708
821.0,,,,,,,,delta_rise=0.25_fall=0.0,11,1.9166666666666667,0.9537935951882998
821.0,,,,,,,,delta_rise=0.25_fall=0.25,10,2.090909090909091,0.9958591954639383
821.0,,,,,,,,delta_rise=0.25_fall=0.5,8,2.5555555555555554,1.4229164972072998
821.0,,,,,,,,delta_rise=0.25_fall=0.75,6,3.2857142857142856,1.2777531299998797
821.0,,,,,,,,delta_rise=0.25_fall=1.0,5,3.8333333333333335,1.9507833184532708
821.0,,,,,,,,delta_rise=0.5_fall=0.0,11,1.9166666666666667,0.9537935951882998
821.0,,,,,,,,delta_rise=0.5_fall=0.25,10,2.090909090909091,0.9958591954639383
821.0,,,,,,,,delta_rise=0.5_fall=0.5,8,2.5555555555555554,1.4229164972072998
821.0,,,,,,,,delta_rise=0.5_fall=0.75,6,3.2857142857142856,1.2777531299998797
821.0,,,,,,,,delta_rise=0.5_fall=1.0,5,3.8333333333333335,1.9507833184532708
821.0,,,,,,,,delta_rise=0.75_fall=0.0,11,1.9166666666666667,0.9537935951882998
821.0,,,,,,,,delta_rise=0.75_fall=0.25,10,2.090909090909091,0.9958591954639383
821.0,,,,,,,,delta_rise=0.75_fall=0.5,8,2.5555555555555554,1.4229164972072998
821.0,,,,,,,,delta_rise=0.75_fall=0.75,6,3.2857142857142856,1.2777531299998797
821.0,,,,,,,,delta_rise=0.75_fall=1.0,5,3.8333333333333335,1.9507833184532708
821.0,,,,,,,,delta_rise=1.0_fall=0.0,17,1.2777777777777777,0.6502611061510903
821.0,,,,,,,,delta_rise=1.0_fall=0.25,16,1.3529411764705883,0.7624400821656306
821.0,,,,,,,,delta_rise=1.0_fall=0.5,15,1.4375,0.9333240326917549
821.0,,,,,,,,delta_rise=1.0_fall=0.75,14,1.5333333333333334,1.0873004286866732
821.0,,,,,,,,delta_rise=1.0_fall=1.0,14,1.5333333333333334,1.0873004286866732
821.0,,,,,,,,multimodal_alpha=0.0,3,5.75,4.437059837324712
821.0,,,,,,,,multimodal_alpha=0.1,8,2.5555555555555554,0.9558139185602919
821.0,,,,,,,,multimodal_alpha=0.2,8,2.5555555555555554,0.9558139185602919
821.0,,,,,,,,multimodal_alpha=0.30000000000000004,8,2.5555555555555554,0.9558139185602919
821.0,,,,,,,,multimodal_alpha=0.4,8,2.5555555555555554,0.9558139185602919
821.0,,,,,,,,multimodal_alpha=0.5,8,2.5555555555555554,0.9558139185602919
821.0,,,,,,,,multimodal_alpha=0.6000000000000001,8,2.5555555555555554,0.6849348892187751
821.0,,,,,,,,multimodal_alpha=0.7000000000000001,6,3.2857142857142856,0.880630571852711
821.0,,,,,,,,multimodal_alpha=0.8,6,3.2857142857142856,0.880630571852711
821.0,,,,,,,,multimodal_alpha=0.9,6,3.2857142857142856,0.880630571852711
821.0,,,,,,,,multimodal_alpha=1.0,6,3.2857142857142856,0.880630571852711
821.0,,,,,,,,norms_associative,15,1.5333333333333334,0.8055363982396381
821.0,,,,,,,,norms_categorical,15,1.5333333333333334,0.8844332774281067
821.0,,,,,,,,simdrop,6,3.2857142857142856,0.880630571852711
823.0,0.4640756528747546,0.07876644411956085,6.164480061583804,0.928231962463439,0.21985,0.07338334279657749,17.0,delta_rise=0.0_fall=0.0,7,2.4285714285714284,1.3997084244475304
823.0,,,,,,,,delta_rise=0.0_fall=0.25,7,2.4285714285714284,1.3997084244475304
823.0,,,,,,,,delta_rise=0.0_fall=0.5,7,2.4285714285714284,1.3997084244475304
823.0,,,,,,,,delta_rise=0.0_fall=0.75,7,2.4285714285714284,1.3997084244475304
823.0,,,,,,,,delta_rise=0.0_fall=1.0,7,2.4285714285714284,1.3997084244475304
823.0,,,,,,,,delta_rise=0.25_fall=0.0,7,2.4285714285714284,1.3997084244475304
823.0,,,,,,,,delta_rise=0.25_fall=0.25,7,2.4285714285714284,1.3997084244475304
823.0,,,,,,,,delta_rise=0.25_fall=0.5,7,2.4285714285714284,1.3997084244475304
823.0,,,,,,,,delta_rise=0.25_fall=0.75,7,2.4285714285714284,1.3997084244475304
823.0,,,,,,,,delta_rise=0.25_fall=1.0,7,2.4285714285714284,1.3997084244475304
823.0,,,,,,,,delta_rise=0.5_fall=0.0,7,2.4285714285714284,1.3997084244475304
823.0,,,,,,,,delta_rise=0.5_fall=0.25,7,2.4285714285714284,1.3997084244475304
823.0,,,,,,,,delta_rise=0.5_fall=0.5,7,2.4285714285714284,1.3997084244475304
823.0,,,,,,,,delta_rise=0.5_fall=0.75,7,2.4285714285714284,1.3997084244475304
823.0,,,,,,,,delta_rise=0.5_fall=1.0,7,2.4285714285714284,1.3997084244475304
823.0,,,,,,,,delta_rise=0.75_fall=0.0,8,2.125,1.2686114456365274
823.0,,,,,,,,delta_rise=0.75_fall=0.25,8,2.125,1.2686114456365274
823.0,,,,,,,,delta_rise=0.75_fall=0.5,8,2.125,1.2686114456365274
823.0,,,,,,,,delta_rise=0.75_fall=0.75,8,2.125,1.2686114456365274
823.0,,,,,,,,delta_rise=0.75_fall=1.0,8,2.125,1.2686114456365274
823.0,,,,,,,,delta_rise=1.0_fall=0.0,8,2.125,1.2686114456365274
823.0,,,,,,,,delta_rise=1.0_fall=0.25,8,2.125,1.2686114456365274
823.0,,,,,,,,delta_rise=1.0_fall=0.5,8,2.125,1.2686114456365274
823.0,,,,,,,,delta_rise=1.0_fall=0.75,8,2.125,1.2686114456365274
823.0,,,,,,,,delta_rise=1.0_fall=1.0,8,2.125,1.2686114456365274
823.0,,,,,,,,multimodal_alpha=0.0,0,17.0,0.0
823.0,,,,,,,,multimodal_alpha=0.1,4,3.4,1.4966629547095764
823.0,,,,,,,,multimodal_alpha=0.2,4,3.4,1.4966629547095764
823.0,,,,,,,,multimodal_alpha=0.30000000000000004,4,3.4,1.4966629547095764
823.0,,,,,,,,multimodal_alpha=0.4,4,3.4,1.4966629547095764
823.0,,,,,,,,multimodal_alpha=0.5,4,3.4,1.4966629547095764
823.0,,,,,,,,multimodal_alpha=0.6000000000000001,4,3.4,1.4966629547095764
823.0,,,,,,,,multimodal_alpha=0.7000000000000001,4,3.4,1.3564659966250538
823.0,,,,,,,,multimodal_alpha=0.8,5,2.8333333333333335,0.8975274678557507
823.0,,,,,,,,multimodal_alpha=0.9,5,2.8333333333333335,0.8975274678557507
823.0,,,,,,,,multimodal_alpha=1.0,4,3.4,1.2000000000000002
823.0,,,,,,,,norms_associative,4,3.4,1.2000000000000002
823.0,,,,,,,,norms_categorical,4,3.4,1.2000000000000002
823.0,,,,,,,,simdrop,4,3.4,1.2000000000000002
825.0,0.3895062244157486,0.08219884230452025,6.335191190874768,0.8123899256643643,0.216675,0.04081122190443866,14.0,delta_rise=0.0_fall=0.0,5,2.3333333333333335,1.247219128924647
825.0,,,,,,,,delta_rise=0.0_fall=0.25,5,2.3333333333333335,1.247219128924647
825.0,,,,,,,,delta_rise=0.0_fall=0.5,5,2.3333333333333335,1.247219128924647
825.0,,,,,,,,delta_rise=0.0_fall=0.75,3,3.5,2.29128784747792
825.0,,,,,,,,delta_rise=0.0_fall=1.0,3,3.5,2.29128784747792
825.0,,,,,,,,delta_rise=0.25_fall=0.0,5,2.3333333333333335,1.247219128924647
825.0,,,,,,,,delta_rise=0.25_fall=0.25,5,2.3333333333333335,1.247219128924647
825.0,,,,,,,,delta_rise=0.25_fall=0.5,5,2.3333333333333335,1.247219128924647
825.0,,,,,,,,delta_rise=0.25_fall=0.75,3,3.5,2.29128784747792
825.0,,,,,,,,delta_rise=0.25_fall=1.0,3,3.5,2.29128784747792
825.0,,,,,,,,delta_rise=0.5_fall=0.0,5,2.3333333333333335,1.247219128924647
825.0,,,,,,,,delta_rise=0.5_fall=0.25,5,2.3333333333333335,1.247219128924647
825.0,,,,,,,,delta_rise=0.5_fall=0.5,5,2.3333333333333335,1.247219128924647
825.0,,,,,,,,delta_rise=0.5_fall=0.75,3,3.5,2.29128784747792
825.0,,,,,,,,delta_rise=0.5_fall=1.0,3,3.5,2.29128784747792
825.0,,,,,,,,delta_rise=0.75_fall=0.0,6,2.0,1.0690449676496976
825.0,,,,,,,,delta_rise=0.75_fall=0.25,6,2.0,1.0690449676496976
825.0,,,,,,,,delta_rise=0.75_fall=0.5,6,2.0,1.0690449676496976
825.0,,,,,,,,delta_rise=0.75_fall=0.75,3,3.5,2.29128784747792
825.0,,,,,,,,delta_rise=0.75_fall=1.0,3,3.5,2.29128784747792
825.0,,,,,,,,delta_rise=1.0_fall=0.0,9,1.4,0.9165151389911681
825.0,,,,,,,,delta_rise=1.0_fall=0.25,9,1.4,0.9165151389911681
825.0,,,,,,,,delta_rise=1.0_fall=0.5,9,1.4,0.9165151389911681
825.0,,,,,,,,delta_rise=1.0_fall=0.75,4,2.8,2.4
825.0,,,,,,,,delta_rise=1.0_fall=1.0,4,2.8,2.4
825.0,,,,,,,,multimodal_alpha=0.0,2,4.666666666666667,3.8586123009300755
825.0,,,,,,,,multimodal_alpha=0.1,4,2.8,1.16619037896906
825.0,,,,,,,,multimodal_alpha=0.2,4,2.8,1.16619037896906
825.0,,,,,,,,multimodal_alpha=0.30000000000000004,4,2.8,1.16619037896906
825.0,,,,,,,,multimodal_alpha=0.4,4,2.8,1.16619037896906
825.0,,,,,,,,multimodal_alpha=0.5,4,2.8,1.16619037896906
825.0,,,,,,,,multimodal_alpha=0.6000000000000001,3,3.5,2.29128784747792
825.0,,,,,,,,multimodal_alpha=0.7000000000000001,4,2.8,1.16619037896906
825.0,,,,,,,,multimodal_alpha=0.8,4,2.8,1.16619037896906
825.0,,,,,,,,multimodal_alpha=0.9,4,2.8,1.16619037896906
825.0,,,,,,,,multimodal_alpha=1.0,4,2.8,1.16619037896906
825.0,,,,,,,,norms_associative,7,2.0,0.9258200997725514
825.0,,,,,,,,norms_categorical,7,2.0,0.9258200997725514
825.0,,,,,,,,simdrop,4,2.8,1.16619037896906
826.0,0.4201328736310239,0.10277656889730881,6.0210865675481,0.774794540879307,0.21344285714285713,0.07670297380464587,16.0,delta_rise=0.0_fall=0.0,10,1.6,0.66332495807108
826.0,,,,,,,,delta_rise=0.0_fall=0.25,9,1.7777777777777777,0.9162456945817024
826.0,,,,,,,,delta_rise=0.0_fall=0.5,7,2.2857142857142856,1.4846149779161804
826.0,,,,,,,,delta_rise=0.0_fall=0.75,7,2.2857142857142856,1.4846149779161804
826.0,,,,,,,,delta_rise=0.0_fall=1.0,7,2.2857142857142856,1.4846149779161804
826.0,,,,,,,,delta_rise=0.25_fall=0.0,10,1.6,0.66332495807108
826.0,,,,,,,,delta_rise=0.25_fall=0.25,9,1.7777777777777777,0.9162456945817024
826.0,,,,,,,,delta_rise=0.25_fall=0.5,7,2.2857142857142856,1.4846149779161804
826.0,,,,,,,,delta_rise=0.25_fall=0.75,7,2.2857142857142856,1.4846149779161804
826.0,,,,,,,,delta_rise=0.25_fall=1.0,7,2.2857142857142856,1.4846149779161804
826.0,,,,,,,,delta_rise=0.5_fall=0.0,10,1.6,0.66332495807108
826.0,,,,,,,,delta_rise=0.5_fall=0.25,9,1.7777777777777777,0.9162456945817024
826.0,,,,,,,,delta_rise=0.5_fall=0.5,7,2.2857142857142856,1.4846149779161804
826.0,,,,,,,,delta_rise=0.5_fall=0.75,7,2.2857142857142856,1.4846149779161804
826.0,,,,,,,,delta_rise=0.5_fall=1.0,7,2.2857142857142856,1.4846149779161804
826.0,,,,,,,,delta_rise=0.75_fall=0.0,10,1.6,0.66332495807108
826.0,,,,,,,,delta_rise=0.75_fall=0.25,9,1.7777777777777777,0.9162456945817024
826.0,,,,,,,,delta_rise=0.75_fall=0.5,7,2.2857142857142856,1.4846149779161804
826.0,,,,,,,,delta_rise=0.75_fall=0.75,7,2.2857142857142856,1.4846149779161804
826.0,,,,,,,,delta_rise=0.75_fall=1.0,7,2.2857142857142856,1.4846149779161804
826.0,,,,,,,,delta_rise=1.0_fall=0.0,10,1.6,0.66332495807108
826.0,,,,,,,,delta_rise=1.0_fall=0.25,9,1.7777777777777777,0.9162456945817024
826.0,,,,,,,,delta_rise=1.0_fall=0.5,7,2.2857142857142856,1.4846149779161804
826.0,,,,,,,,delta_rise=1.0_fall=0.75,7,2.2857142857142856,1.4846149779161804
826.0,,,,,,,,delta_rise=1.0_fall=1.0,7,2.2857142857142856,1.4846149779161804
826.0,,,,,,,,multimodal_alpha=0.0,3,4.0,0.7071067811865476
826.0,,,,,,,,multimodal_alpha=0.1,4,3.2,0.7483314773547882
826.0,,,,,,,,multimodal_alpha=0.2,4,3.2,0.7483314773547882
826.0,,,,,,,,multimodal_alpha=0.30000000000000004,4,3.2,1.16619037896906
826.0,,,,,,,,multimodal_alpha=0.4,4,3.2,1.16619037896906
826.0,,,,,,,,multimodal_alpha=0.5,4,3.2,1.16619037896906
826.0,,,,,,,,multimodal_alpha=0.6000000000000001,3,4.0,1.224744871391589
826.0,,,,,,,,multimodal_alpha=0.7000000000000001,3,4.0,1.224744871391589
826.0,,,,,,,,multimodal_alpha=0.8,3,4.0,1.224744871391589
826.0,,,,,,,,multimodal_alpha=0.9,4,3.2,1.16619037896906
826.0,,,,,,,,multimodal_alpha=1.0,3,4.0,1.5811388300841898
826.0,,,,,,,,norms_associative,8,2.0,1.6583123951777
826.0,,,,,,,,norms_categorical,7,2.2857142857142856,1.6659862556700857
826.0,,,,,,,,simdrop,3,4.0,1.5811388300841898
827.0,0.43309174202264583,0.1530522744494203,5.670883642176643,1.0667097493961597,0.19068000000000002,0.06866350801796636,35.0,delta_rise=0.0_fall=0.0,18,1.8421052631578947,0.7443229275647869
827.0,,,,,,,,delta_rise=0.0_fall=0.25,17,1.9444444444444444,1.0258991840344103
827.0,,,,,,,,delta_rise=0.0_fall=0.5,15,2.1875,1.3331705629813464
827.0,,,,,,,,delta_rise=0.0_fall=0.75,11,2.9166666666666665,1.6562172428626494
827.0,,,,,,,,delta_rise=0.0_fall=1.0,9,3.5,1.8027756377319946
827.0,,,,,,,,delta_rise=0.25_fall=0.0,19,1.75,0.7664854858377946
827.0,,,,,,,,delta_rise=0.25_fall=0.25,18,1.8421052631578947,1.0393904030595527
827.0,,,,,,,,delta_rise=0.25_fall=0.5,15,2.1875,1.3331705629813464
827.0,,,,,,,,delta_rise=0.25_fall=0.75,11,2.9166666666666665,1.6562172428626494
827.0,,,,,,,,delta_rise=0.25_fall=1.0,9,3.5,1.8027756377319946
827.0,,,,,,,,delta_rise=0.5_fall=0.0,20,1.6666666666666667,0.7126966450997984
827.0,,,,,,,,delta_rise=0.5_fall=0.25,19,1.75,0.9937303457175896
827.0,,,,,,,,delta_rise=0.5_fall=0.5,16,2.0588235294117645,1.2588785034725116
827.0,,,,,,,,delta_rise=0.5_fall=0.75,12,2.6923076923076925,1.635407048113023
827.0,,,,,,,,delta_rise=0.5_fall=1.0,10,3.1818181818181817,1.8497263590341642
827.0,,,,,,,,delta_rise=0.75_fall=0.0,22,1.5909090909090908,0.6508100483307434
827.0,,,,,,,,delta_rise=0.75_fall=0.25,21,1.6666666666666667,0.9428090415820632
827.0,,,,,,,,delta_rise=0.75_fall=0.5,18,1.9444444444444444,1.1290223018278651
827.0,,,,,,,,delta_rise=0.75_fall=0.75,14,2.5,1.4516001023501126
827.0,,,,,,,,delta_rise=0.75_fall=1.0,12,2.9166666666666665,1.70579079087156
827.0,,,,,,,,delta_rise=1.0_fall=0.0,23,1.5217391304347827,0.6507230237867725
827.0,,,,,,,,delta_rise=1.0_fall=0.25,22,1.5909090909090908,0.9370694603676502
827.0,,,,,,,,delta_rise=1.0_fall=0.5,19,1.8421052631578947,1.1361596392064686
827.0,,,,,,,,delta_rise=1.0_fall=0.75,15,2.3333333333333335,1.4907119849998596
827.0,,,,,,,,delta_rise=1.0_fall=1.0,12,2.9166666666666665,1.70579079087156
827.0,,,,,,,,multimodal_alpha=0.0,5,5.833333333333333,3.975620147292188
827.0,,,,,,,,multimodal_alpha=0.1,12,2.6923076923076925,0.910166120476864
827.0,,,,,,,,multimodal_alpha=0.2,12,2.6923076923076925,0.910166120476864
827.0,,,,,,,,multimodal_alpha=0.30000000000000004,11,2.9166666666666665,0.9537935951882998
827.0,,,,,,,,multimodal_alpha=0.4,11,2.9166666666666665,0.8620067027323834
827.0,,,,,,,,multimodal_alpha=0.5,11,2.9166666666666665,0.8620067027323834
827.0,,,,,,,,multimodal_alpha=0.6000000000000001,12,2.6923076923076925,0.8213137116947162
827.0,,,,,,,,multimodal_alpha=0.7000000000000001,12,2.6923076923076925,0.9910845174403944
827.0,,,,,,,,multimodal_alpha=0.8,12,2.6923076923076925,0.9910845174403944
827.0,,,,,,,,multimodal_alpha=0.9,12,2.6923076923076925,0.9910845174403944
827.0,,,,,,,,multimodal_alpha=1.0,12,2.6923076923076925,0.9910845174403944
827.0,,,,,,,,norms_associative,16,2.0588235294117645,1.7977302105807205
827.0,,,,,,,,norms_categorical,16,2.0588235294117645,1.7977302105807205
827.0,,,,,,,,simdrop,12,2.6923076923076925,0.9910845174403944
829.0,0.37844663247345894,0.0991768205252994,6.00114354605004,0.8067488666656022,0.29164999999999996,0.05890199487283942,20.0,delta_rise=0.0_fall=0.0,9,2.0,0.7745966692414834
829.0,,,,,,,,delta_rise=0.0_fall=0.25,9,2.0,0.7745966692414834
829.0,,,,,,,,delta_rise=0.0_fall=0.5,9,2.0,0.7745966692414834
829.0,,,,,,,,delta_rise=0.0_fall=0.75,7,2.5,1.224744871391589
829.0,,,,,,,,delta_rise=0.0_fall=1.0,5,3.3333333333333335,2.2110831935702664
829.0,,,,,,,,delta_rise=0.25_fall=0.0,10,2.0,0.7745966692414834
829.0,,,,,,,,delta_rise=0.25_fall=0.25,10,2.0,0.7745966692414834
829.0,,,,,,,,delta_rise=0.25_fall=0.5,10,2.0,0.7745966692414834
829.0,,,,,,,,delta_rise=0.25_fall=0.75,7,2.5,1.224744871391589
829.0,,,,,,,,delta_rise=0.25_fall=1.0,5,3.3333333333333335,2.2110831935702664
829.0,,,,,,,,delta_rise=0.5_fall=0.0,11,1.8181818181818181,0.8331955809010619
829.0,,,,,,,,delta_rise=0.5_fall=0.25,11,1.8181818181818181,0.8331955809010619
829.0,,,,,,,,delta_rise=0.5_fall=0.5,11,1.8181818181818181,0.8331955809010619
829.0,,,,,,,,delta_rise=0.5_fall=0.75,10,2.0,1.2649110640673518
829.0,,,,,,,,delta_rise=0.5_fall=1.0,8,2.5,2.23606797749979
829.0,,,,,,,,delta_rise=0.75_fall=0.0,12,1.6666666666666667,0.8498365855987975
829.0,,,,,,,,delta_rise=0.75_fall=0.25,12,1.6666666666666667,0.8498365855987975
829.0,,,,,,,,delta_rise=0.75_fall=0.5,12,1.6666666666666667,0.8498365855987975
829.0,,,,,,,,delta_rise=0.75_fall=0.75,12,1.6666666666666667,0.8498365855987975
829.0,,,,,,,,delta_rise=0.75_fall=1.0,10,2.0,1.5491933384829668
829.0,,,,,,,,delta_rise=1.0_fall=0.0,12,1.6666666666666667,0.8498365855987975
829.0,,,,,,,,delta_rise=1.0_fall=0.25,12,1.6666666666666667,0.8498365855987975
829.0,,,,,,,,delta_rise=1.0_fall=0.5,12,1.6666666666666667,0.8498365855987975
829.0,,,,,,,,delta_rise=1.0_fall=0.75,12,1.6666666666666667,0.8498365855987975
829.0,,,,,,,,delta_rise=1.0_fall=1.0,10,2.0,1.5491933384829668
829.0,,,,,,,,multimodal_alpha=0.0,0,20.0,0.0
829.0,,,,,,,,multimodal_alpha=0.1,6,2.857142857142857,1.2453996981544782
829.0,,,,,,,,multimodal_alpha=0.2,6,2.857142857142857,1.2453996981544782
829.0,,,,,,,,multimodal_alpha=0.30000000000000004,6,2.857142857142857,1.2453996981544782
829.0,,,,,,,,multimodal_alpha=0.4,6,2.857142857142857,1.2453996981544782
829.0,,,,,,,,multimodal_alpha=0.5,6,2.857142857142857,1.2453996981544782
829.0,,,,,,,,multimodal_alpha=0.6000000000000001,6,2.857142857142857,1.2453996981544782
829.0,,,,,,,,multimodal_alpha=0.7000000000000001,6,2.857142857142857,1.2453996981544782
829.0,,,,,,,,multimodal_alpha=0.8,7,2.5,0.8660254037844386
829.0,,,,,,,,multimodal_alpha=0.9,7,2.5,0.8660254037844386
829.0,,,,,,,,multimodal_alpha=1.0,7,2.5,0.8660254037844386
829.0,,,,,,,,norms_associative,10,2.0,1.2649110640673518
829.0,,,,,,,,norms_categorical,10,2.0,1.2649110640673518
829.0,,,,,,,,simdrop,7,2.5,0.8660254037844386
833.0,0.4107220424930668,0.10350199009434376,6.1240530161027005,1.1494443551906228,0.21430000000000002,0.06183421383020891,20.0,delta_rise=0.0_fall=0.0,11,1.8181818181818181,1.2662171161076472
833.0,,,,,,,,delta_rise=0.0_fall=0.25,11,1.8181818181818181,1.2662171161076472
833.0,,,,,,,,delta_rise=0.0_fall=0.5,9,2.0,1.3416407864998738
833.0,,,,,,,,delta_rise=0.0_fall=0.75,9,2.0,1.3416407864998738
833.0,,,,,,,,delta_rise=0.0_fall=1.0,9,2.0,1.3416407864998738
833.0,,,,,,,,delta_rise=0.25_fall=0.0,11,1.8181818181818181,1.2662171161076472
833.0,,,,,,,,delta_rise=0.25_fall=0.25,11,1.8181818181818181,1.2662171161076472
833.0,,,,,,,,delta_rise=0.25_fall=0.5,9,2.0,1.3416407864998738
833.0,,,,,,,,delta_rise=0.25_fall=0.75,9,2.0,1.3416407864998738
833.0,,,,,,,,delta_rise=0.25_fall=1.0,9,2.0,1.3416407864998738
833.0,,,,,,,,delta_rise=0.5_fall=0.0,11,1.8181818181818181,1.2662171161076472
833.0,,,,,,,,delta_rise=0.5_fall=0.25,11,1.8181818181818181,1.2662171161076472
833.0,,,,,,,,delta_rise=0.5_fall=0.5,9,2.0,1.3416407864998738
833.0,,,,,,,,delta_rise=0.5_fall=0.75,9,2.0,1.3416407864998738
833.0,,,,,,,,delta_rise=0.5_fall=1.0,9,2.0,1.3416407864998738
833.0,,,,,,,,delta_rise=0.75_fall=0.0,11,1.8181818181818181,1.2662171161076472
833.0,,,,,,,,delta_rise=0.75_fall=0.25,11,1.8181818181818181,1.2662171161076472
833.0,,,,,,,,delta_rise=0.75_fall=0.5,9,2.0,1.3416407864998738
833.0,,,,,,,,delta_rise=0.75_fall=0.75,9,2.0,1.3416407864998738
833.0,,,,,,,,delta_rise=0.75_fall=1.0,9,2.0,1.3416407864998738
833.0,,,,,,,,delta_rise=1.0_fall=0.0,11,1.8181818181818181,1.2662171161076472
833.0,,,,,,,,delta_rise=1.0_fall=0.25,11,1.8181818181818181,1.2662171161076472
833.0,,,,,,,,delta_rise=1.0_fall=0.5,9,2.0,1.3416407864998738
833.0,,,,,,,,delta_rise=1.0_fall=0.75,9,2.0,1.3416407864998738
833.0,,,,,,,,delta_rise=1.0_fall=1.0,9,2.0,1.3416407864998738
833.0,,,,,,,,multimodal_alpha=0.0,0,20.0,0.0
833.0,,,,,,,,multimodal_alpha=0.1,3,5.0,1.224744871391589
833.0,,,,,,,,multimodal_alpha=0.2,3,5.0,1.224744871391589
833.0,,,,,,,,multimodal_alpha=0.30000000000000004,3,5.0,1.224744871391589
833.0,,,,,,,,multimodal_alpha=0.4,3,5.0,1.224744871391589
833.0,,,,,,,,multimodal_alpha=0.5,3,5.0,1.224744871391589
833.0,,,,,,,,multimodal_alpha=0.6000000000000001,3,5.0,1.224744871391589
833.0,,,,,,,,multimodal_alpha=0.7000000000000001,3,5.0,1.224744871391589
833.0,,,,,,,,multimodal_alpha=0.8,3,5.0,1.224744871391589
833.0,,,,,,,,multimodal_alpha=0.9,3,5.0,1.224744871391589
833.0,,,,,,,,multimodal_alpha=1.0,3,5.0,1.224744871391589
833.0,,,,,,,,norms_associative,8,2.5,1.118033988749895
833.0,,,,,,,,norms_categorical,8,2.5,1.118033988749895
833.0,,,,,,,,simdrop,3,5.0,1.224744871391589
835.0,0.42786755503880924,0.08643310404015003,6.413207006344345,0.6950493718980325,0.20556666666666668,0.06466781785916907,14.0,delta_rise=0.0_fall=0.0,8,1.75,0.82915619758885
835.0,,,,,,,,delta_rise=0.0_fall=0.25,8,1.75,0.82915619758885
835.0,,,,,,,,delta_rise=0.0_fall=0.5,7,2.0,0.9258200997725514
835.0,,,,,,,,delta_rise=0.0_fall=0.75,3,3.5,0.5
835.0,,,,,,,,delta_rise=0.0_fall=1.0,2,4.666666666666667,1.699673171197595
835.0,,,,,,,,delta_rise=0.25_fall=0.0,8,1.75,0.82915619758885
835.0,,,,,,,,delta_rise=0.25_fall=0.25,8,1.75,0.82915619758885
835.0,,,,,,,,delta_rise=0.25_fall=0.5,7,2.0,0.9258200997725514
835.0,,,,,,,,delta_rise=0.25_fall=0.75,3,3.5,0.5
835.0,,,,,,,,delta_rise=0.25_fall=1.0,2,4.666666666666667,1.699673171197595
835.0,,,,,,,,delta_rise=0.5_fall=0.0,8,1.75,0.82915619758885
835.0,,,,,,,,delta_rise=0.5_fall=0.25,8,1.75,0.82915619758885
835.0,,,,,,,,delta_rise=0.5_fall=0.5,7,2.0,0.9258200997725514
835.0,,,,,,,,delta_rise=0.5_fall=0.75,3,3.5,0.5
835.0,,,,,,,,delta_rise=0.5_fall=1.0,2,4.666666666666667,1.699673171197595
835.0,,,,,,,,delta_rise=0.75_fall=0.0,8,1.75,0.82915619758885
835.0,,,,,,,,delta_rise=0.75_fall=0.25,8,1.75,0.82915619758885
835.0,,,,,,,,delta_rise=0.75_fall=0.5,7,2.0,0.9258200997725514
835.0,,,,,,,,delta_rise=0.75_fall=0.75,3,3.5,0.5
835.0,,,,,,,,delta_rise=0.75_fall=1.0,2,4.666666666666667,1.699673171197595
835.0,,,,,,,,delta_rise=1.0_fall=0.0,9,1.5555555555555556,0.6849348892187752
835.0,,,,,,,,delta_rise=1.0_fall=0.25,9,1.5555555555555556,0.6849348892187752
835.0,,,,,,,,delta_rise=1.0_fall=0.5,8,1.75,0.82915619758885
835.0,,,,,,,,delta_rise=1.0_fall=0.75,4,2.8,0.9797958971132712
835.0,,,,,,,,delta_rise=1.0_fall=1.0,3,3.5,1.8027756377319946
835.0,,,,,,,,multimodal_alpha=0.0,2,4.666666666666667,1.247219128924647
835.0,,,,,,,,multimodal_alpha=0.1,3,3.5,1.5
835.0,,,,,,,,multimodal_alpha=0.2,3,3.5,1.5
835.0,,,,,,,,multimodal_alpha=0.30000000000000004,3,3.5,1.5
835.0,,,,,,,,multimodal_alpha=0.4,4,2.8,0.39999999999999997
835.0,,,,,,,,multimodal_alpha=0.5,4,2.8,0.39999999999999997
835.0,,,,,,,,multimodal_alpha=0.6000000000000001,3,3.5,0.5
835.0,,,,,,,,multimodal_alpha=0.7000000000000001,3,3.5,0.5
835.0,,,,,,,,multimodal_alpha=0.8,3,3.5,0.5
835.0,,,,,,,,multimodal_alpha=0.9,3,3.5,0.5
835.0,,,,,,,,multimodal_alpha=1.0,3,3.5,0.5
835.0,,,,,,,,norms_associative,6,2.3333333333333335,1.7950549357115013
835.0,,,,,,,,norms_categorical,6,2.3333333333333335,1.7950549357115013
835.0,,,,,,,,simdrop,3,3.5,0.5
836.0,0.4614873196886059,0.12863348177349532,6.108007311414636,0.6494629863764382,0.2877,0.10712755014467568,21.0,delta_rise=0.0_fall=0.0,10,1.9090909090909092,0.8999540851465149
836.0,,,,,,,,delta_rise=0.0_fall=0.25,9,2.1,1.1357816691600546
836.0,,,,,,,,delta_rise=0.0_fall=0.5,9,2.1,1.1357816691600546
836.0,,,,,,,,delta_rise=0.0_fall=0.75,9,2.1,1.1357816691600546
836.0,,,,,,,,delta_rise=0.0_fall=1.0,9,2.1,1.1357816691600546
836.0,,,,,,,,delta_rise=0.25_fall=0.0,11,1.9090909090909092,0.8999540851465149
836.0,,,,,,,,delta_rise=0.25_fall=0.25,10,2.1,1.1357816691600546
836.0,,,,,,,,delta_rise=0.25_fall=0.5,10,2.1,1.1357816691600546
836.0,,,,,,,,delta_rise=0.25_fall=0.75,10,2.1,1.1357816691600546
836.0,,,,,,,,delta_rise=0.25_fall=1.0,10,2.1,1.1357816691600546
836.0,,,,,,,,delta_rise=0.5_fall=0.0,11,1.9090909090909092,0.8999540851465149
836.0,,,,,,,,delta_rise=0.5_fall=0.25,10,2.1,1.1357816691600546
836.0,,,,,,,,delta_rise=0.5_fall=0.5,10,2.1,1.1357816691600546
836.0,,,,,,,,delta_rise=0.5_fall=0.75,10,2.1,1.1357816691600546
836.0,,,,,,,,delta_rise=0.5_fall=1.0,10,2.1,1.1357816691600546
836.0,,,,,,,,delta_rise=0.75_fall=0.0,11,1.9090909090909092,0.8999540851465149
836.0,,,,,,,,delta_rise=0.75_fall=0.25,10,2.1,1.1357816691600546
836.0,,,,,,,,delta_rise=0.75_fall=0.5,10,2.1,1.1357816691600546
836.0,,,,,,,,delta_rise=0.75_fall=0.75,10,2.1,1.1357816691600546
836.0,,,,,,,,delta_rise=0.75_fall=1.0,10,2.1,1.1357816691600546
836.0,,,,,,,,delta_rise=1.0_fall=0.0,14,1.5,0.6267831705280087
836.0,,,,,,,,delta_rise=1.0_fall=0.25,14,1.5,0.6267831705280087
836.0,,,,,,,,delta_rise=1.0_fall=0.5,14,1.5,0.6267831705280087
836.0,,,,,,,,delta_rise=1.0_fall=0.75,14,1.5,0.6267831705280087
836.0,,,,,,,,delta_rise=1.0_fall=1.0,14,1.5,0.6267831705280087
836.0,,,,,,,,multimodal_alpha=0.0,0,21.0,0.0
836.0,,,,,,,,multimodal_alpha=0.1,5,3.5,0.9574271077563381
836.0,,,,,,,,multimodal_alpha=0.2,5,3.5,0.9574271077563381
836.0,,,,,,,,multimodal_alpha=0.30000000000000004,5,3.5,0.9574271077563381
836.0,,,,,,,,multimodal_alpha=0.4,5,3.5,0.9574271077563381
836.0,,,,,,,,multimodal_alpha=0.5,6,3.0,1.0690449676496976
836.0,,,,,,,,multimodal_alpha=0.6000000000000001,6,3.0,1.0690449676496976
836.0,,,,,,,,multimodal_alpha=0.7000000000000001,6,3.0,1.0690449676496976
836.0,,,,,,,,multimodal_alpha=0.8,6,3.0,1.0690449676496976
836.0,,,,,,,,multimodal_alpha=0.9,7,2.625,1.2183492931011204
836.0,,,,,,,,multimodal_alpha=1.0,7,2.625,1.2183492931011204
836.0,,,,,,,,norms_associative,7,2.625,1.79843682124227
836.0,,,,,,,,norms_categorical,7,2.625,1.79843682124227
836.0,,,,,,,,simdrop,7,2.625,1.2183492931011204
844.0,0.400368560257505,0.10934066130232556,6.198337337202319,0.7724603030294882,0.19358,0.08300166865792517,22.0,delta_rise=0.0_fall=0.0,12,1.8333333333333333,0.9860132971832695
844.0,,,,,,,,delta_rise=0.0_fall=0.25,12,1.8333333333333333,0.9860132971832695
844.0,,,,,,,,delta_rise=0.0_fall=0.5,11,2.0,1.1281521496355325
844.0,,,,,,,,delta_rise=0.0_fall=0.75,10,2.2,1.3266499161421599
844.0,,,,,,,,delta_rise=0.0_fall=1.0,6,3.6666666666666665,3.091206165165235
844.0,,,,,,,,delta_rise=0.25_fall=0.0,12,1.8333333333333333,0.9860132971832695
844.0,,,,,,,,delta_rise=0.25_fall=0.25,12,1.8333333333333333,0.9860132971832695
844.0,,,,,,,,delta_rise=0.25_fall=0.5,11,2.0,1.1281521496355325
844.0,,,,,,,,delta_rise=0.25_fall=0.75,10,2.2,1.3266499161421599
844.0,,,,,,,,delta_rise=0.25_fall=1.0,6,3.6666666666666665,3.091206165165235
844.0,,,,,,,,delta_rise=0.5_fall=0.0,13,1.6923076923076923,0.9910845174403942
844.0,,,,,,,,delta_rise=0.5_fall=0.25,13,1.6923076923076923,0.9910845174403942
844.0,,,,,,,,delta_rise=0.5_fall=0.5,12,1.8333333333333333,1.1426091000668408
844.0,,,,,,,,delta_rise=0.5_fall=0.75,12,1.8333333333333333,1.1426091000668408
844.0,,,,,,,,delta_rise=0.5_fall=1.0,8,2.75,2.9047375096555625
844.0,,,,,,,,delta_rise=0.75_fall=0.0,14,1.5714285714285714,0.9035079029052514
844.0,,,,,,,,delta_rise=0.75_fall=0.25,14,1.5714285714285714,0.9035079029052514
844.0,,,,,,,,delta_rise=0.75_fall=0.5,13,1.6923076923076923,0.9910845174403942
844.0,,,,,,,,delta_rise=0.75_fall=0.75,13,1.6923076923076923,0.9910845174403942
844.0,,,,,,,,delta_rise=0.75_fall=1.0,8,2.75,2.9047375096555625
844.0,,,,,,,,delta_rise=1.0_fall=0.0,15,1.4666666666666666,0.8844332774281067
844.0,,,,,,,,delta_rise=1.0_fall=0.25,15,1.4666666666666666,0.8844332774281067
844.0,,,,,,,,delta_rise=1.0_fall=0.5,15,1.4666666666666666,0.8844332774281067
844.0,,,,,,,,delta_rise=1.0_fall=0.75,15,1.4666666666666666,0.8844332774281067
844.0,,,,,,,,delta_rise=1.0_fall=1.0,8,2.75,2.9047375096555625
844.0,,,,,,,,multimodal_alpha=0.0,0,22.0,0.0
844.0,,,,,,,,multimodal_alpha=0.1,4,4.4,0.7999999999999999
844.0,,,,,,,,multimodal_alpha=0.2,4,4.4,0.7999999999999999
844.0,,,,,,,,multimodal_alpha=0.30000000000000004,4,4.4,0.7999999999999999
844.0,,,,,,,,multimodal_alpha=0.4,4,4.4,0.7999999999999999
844.0,,,,,,,,multimodal_alpha=0.5,4,4.4,0.7999999999999999
844.0,,,,,,,,multimodal_alpha=0.6000000000000001,4,4.4,1.0198039027185568
844.0,,,,,,,,multimodal_alpha=0.7000000000000001,4,4.4,1.0198039027185568
844.0,,,,,,,,multimodal_alpha=0.8,4,4.4,1.0198039027185568
844.0,,,,,,,,multimodal_alpha=0.9,5,3.6666666666666665,1.4907119849998598
844.0,,,,,,,,multimodal_alpha=1.0,5,3.6666666666666665,1.4907119849998598
844.0,,,,,,,,norms_associative,13,1.6923076923076923,0.9101661204768638
844.0,,,,,,,,norms_categorical,13,1.6923076923076923,0.9101661204768638
844.0,,,,,,,,simdrop,5,3.6666666666666665,1.4907119849998598
856.0,0.3891893866562126,0.1335103346079805,5.990565318194679,1.0288900347510468,0.16896,0.09409012464417058,25.0,delta_rise=0.0_fall=0.0,14,1.7857142857142858,0.7726181304565691
856.0,,,,,,,,delta_rise=0.0_fall=0.25,14,1.7857142857142858,0.7726181304565691
856.0,,,,,,,,delta_rise=0.0_fall=0.5,12,2.0833333333333335,1.0374916331657276
856.0,,,,,,,,delta_rise=0.0_fall=0.75,10,2.5,1.857417562100671
856.0,,,,,,,,delta_rise=0.0_fall=1.0,10,2.5,1.857417562100671
856.0,,,,,,,,delta_rise=0.25_fall=0.0,14,1.7857142857142858,0.7726181304565691
856.0,,,,,,,,delta_rise=0.25_fall=0.25,14,1.7857142857142858,0.7726181304565691
856.0,,,,,,,,delta_rise=0.25_fall=0.5,12,2.0833333333333335,1.0374916331657276
856.0,,,,,,,,delta_rise=0.25_fall=0.75,10,2.5,1.857417562100671
856.0,,,,,,,,delta_rise=0.25_fall=1.0,10,2.5,1.857417562100671
856.0,,,,,,,,delta_rise=0.5_fall=0.0,14,1.7857142857142858,0.7726181304565691
856.0,,,,,,,,delta_rise=0.5_fall=0.25,14,1.7857142857142858,0.7726181304565691
856.0,,,,,,,,delta_rise=0.5_fall=0.5,12,2.0833333333333335,1.0374916331657276
856.0,,,,,,,,delta_rise=0.5_fall=0.75,10,2.5,1.857417562100671
856.0,,,,,,,,delta_rise=0.5_fall=1.0,10,2.5,1.857417562100671
856.0,,,,,,,,delta_rise=0.75_fall=0.0,16,1.5625,0.7880950133074057
856.0,,,,,,,,delta_rise=0.75_fall=0.25,16,1.5625,0.7880950133074057
856.0,,,,,,,,delta_rise=0.75_fall=0.5,16,1.5625,0.7880950133074057
856.0,,,,,,,,delta_rise=0.75_fall=0.75,12,2.0833333333333335,1.70579079087156
856.0,,,,,,,,delta_rise=0.75_fall=1.0,12,2.0833333333333335,1.70579079087156
856.0,,,,,,,,delta_rise=1.0_fall=0.0,17,1.4705882352941178,0.7759356446042893
856.0,,,,,,,,delta_rise=1.0_fall=0.25,17,1.4705882352941178,0.7759356446042893
856.0,,,,,,,,delta_rise=1.0_fall=0.5,17,1.4705882352941178,0.7759356446042893
856.0,,,,,,,,delta_rise=1.0_fall=0.75,13,1.9230769230769231,1.6853001769389728
856.0,,,,,,,,delta_rise=1.0_fall=1.0,13,1.9230769230769231,1.6853001769389728
856.0,,,,,,,,multimodal_alpha=0.0,1,12.5,10.5
856.0,,,,,,,,multimodal_alpha=0.1,7,3.125,1.5360257159305635
856.0,,,,,,,,multimodal_alpha=0.2,7,3.125,1.5360257159305635
856.0,,,,,,,,multimodal_alpha=0.30000000000000004,6,3.5714285714285716,1.6781914463529615
856.0,,,,,,,,multimodal_alpha=0.4,7,3.125,1.6153559979150107
856.0,,,,,,,,multimodal_alpha=0.5,6,3.5714285714285716,1.4982983545287878
856.0,,,,,,,,multimodal_alpha=0.6000000000000001,6,3.5714285714285716,1.4982983545287878
856.0,,,,,,,,multimodal_alpha=0.7000000000000001,6,3.5714285714285716,1.4982983545287878
856.0,,,,,,,,multimodal_alpha=0.8,7,3.125,0.9270248108869579
856.0,,,,,,,,multimodal_alpha=0.9,7,3.125,0.9270248108869579
856.0,,,,,,,,multimodal_alpha=1.0,7,3.125,0.9270248108869579
856.0,,,,,,,,norms_associative,9,2.7777777777777777,1.314684396244359
856.0,,,,,,,,norms_categorical,9,2.7777777777777777,1.314684396244359
856.0,,,,,,,,simdrop,7,3.125,0.9270248108869579
857.0,0.3999097661294673,0.1273083655294622,6.091684565542987,1.3754902299645126,0.13096666666666665,0.04296153318182829,13.0,delta_rise=0.0_fall=0.0,5,2.1666666666666665,0.3726779962499649
857.0,,,,,,,,delta_rise=0.0_fall=0.25,5,2.1666666666666665,0.3726779962499649
857.0,,,,,,,,delta_rise=0.0_fall=0.5,5,2.1666666666666665,0.3726779962499649
857.0,,,,,,,,delta_rise=0.0_fall=0.75,5,2.1666666666666665,0.3726779962499649
857.0,,,,,,,,delta_rise=0.0_fall=1.0,5,2.1666666666666665,0.3726779962499649
857.0,,,,,,,,delta_rise=0.25_fall=0.0,5,2.1666666666666665,0.3726779962499649
857.0,,,,,,,,delta_rise=0.25_fall=0.25,5,2.1666666666666665,0.3726779962499649
857.0,,,,,,,,delta_rise=0.25_fall=0.5,5,2.1666666666666665,0.3726779962499649
857.0,,,,,,,,delta_rise=0.25_fall=0.75,5,2.1666666666666665,0.3726779962499649
857.0,,,,,,,,delta_rise=0.25_fall=1.0,5,2.1666666666666665,0.3726779962499649
857.0,,,,,,,,delta_rise=0.5_fall=0.0,7,1.625,0.6959705453537527
857.0,,,,,,,,delta_rise=0.5_fall=0.25,7,1.625,0.6959705453537527
857.0,,,,,,,,delta_rise=0.5_fall=0.5,7,1.625,0.6959705453537527
857.0,,,,,,,,delta_rise=0.5_fall=0.75,7,1.625,0.6959705453537527
857.0,,,,,,,,delta_rise=0.5_fall=1.0,7,1.625,0.6959705453537527
857.0,,,,,,,,delta_rise=0.75_fall=0.0,7,1.625,0.6959705453537527
857.0,,,,,,,,delta_rise=0.75_fall=0.25,7,1.625,0.6959705453537527
857.0,,,,,,,,delta_rise=0.75_fall=0.5,7,1.625,0.6959705453537527
857.0,,,,,,,,delta_rise=0.75_fall=0.75,7,1.625,0.6959705453537527
857.0,,,,,,,,delta_rise=0.75_fall=1.0,7,1.625,0.6959705453537527
857.0,,,,,,,,delta_rise=1.0_fall=0.0,8,1.625,0.6959705453537527
857.0,,,,,,,,delta_rise=1.0_fall=0.25,8,1.625,0.6959705453537527
857.0,,,,,,,,delta_rise=1.0_fall=0.5,8,1.625,0.6959705453537527
857.0,,,,,,,,delta_rise=1.0_fall=0.75,8,1.625,0.6959705453537527
857.0,,,,,,,,delta_rise=1.0_fall=1.0,8,1.625,0.6959705453537527
857.0,,,,,,,,multimodal_alpha=0.0,0,13.0,0.0
857.0,,,,,,,,multimodal_alpha=0.1,4,2.6,0.8
857.0,,,,,,,,multimodal_alpha=0.2,4,2.6,0.8
857.0,,,,,,,,multimodal_alpha=0.30000000000000004,4,2.6,0.8
857.0,,,,,,,,multimodal_alpha=0.4,4,2.6,0.8
857.0,,,,,,,,multimodal_alpha=0.5,4,2.6,0.8
857.0,,,,,,,,multimodal_alpha=0.6000000000000001,4,2.6,0.8
857.0,,,,,,,,multimodal_alpha=0.7000000000000001,4,2.6,0.8
857.0,,,,,,,,multimodal_alpha=0.8,4,2.6,0.8
857.0,,,,,,,,multimodal_alpha=0.9,4,2.6,0.8
857.0,,,,,,,,multimodal_alpha=1.0,4,2.6,0.8
857.0,,,,,,,,norms_associative,8,1.625,0.4841229182759271
857.0,,,,,,,,norms_categorical,8,1.625,0.4841229182759271
857.0,,,,,,,,simdrop,4,2.6,0.8
859.0,0.416894679187804,0.13221502168062158,6.182573167368537,0.7720882913299847,0.22924444444444447,0.09901571985183857,30.0,delta_rise=0.0_fall=0.0,14,2.0,0.816496580927726
859.0,,,,,,,,delta_rise=0.0_fall=0.25,14,2.0,0.816496580927726
859.0,,,,,,,,delta_rise=0.0_fall=0.5,12,2.3076923076923075,1.2015768732164083
859.0,,,,,,,,delta_rise=0.0_fall=0.75,10,2.727272727272727,1.5427784316797402
859.0,,,,,,,,delta_rise=0.0_fall=1.0,9,3.0,1.61245154965971
859.0,,,,,,,,delta_rise=0.25_fall=0.0,16,1.7647058823529411,0.7299808027053445
859.0,,,,,,,,delta_rise=0.25_fall=0.25,16,1.7647058823529411,0.7299808027053445
859.0,,,,,,,,delta_rise=0.25_fall=0.5,13,2.142857142857143,1.1866605518454394
859.0,,,,,,,,delta_rise=0.25_fall=0.75,10,2.727272727272727,1.5427784316797402
859.0,,,,,,,,delta_rise=0.25_fall=1.0,9,3.0,1.61245154965971
859.0,,,,,,,,delta_rise=0.5_fall=0.0,18,1.5789473684210527,0.6740130776245103
859.0,,,,,,,,delta_rise=0.5_fall=0.25,18,1.5789473684210527,0.6740130776245103
859.0,,,,,,,,delta_rise=0.5_fall=0.5,15,1.875,1.1110243021644486
859.0,,,,,,,,delta_rise=0.5_fall=0.75,14,2.0,1.2649110640673518
859.0,,,,,,,,delta_rise=0.5_fall=1.0,13,2.142857142857143,1.355261854357877
859.0,,,,,,,,delta_rise=0.75_fall=0.0,21,1.4285714285714286,0.6598288790738581
859.0,,,,,,,,delta_rise=0.75_fall=0.25,21,1.4285714285714286,0.6598288790738581
859.0,,,,,,,,delta_rise=0.75_fall=0.5,20,1.5,0.7416198487095663
859.0,,,,,,,,delta_rise=0.75_fall=0.75,19,1.5789473684210527,0.9355994123490093
859.0,,,,,,,,delta_rise=0.75_fall=1.0,17,1.6666666666666667,1.0540925533894598
859.0,,,,,,,,delta_rise=1.0_fall=0.0,21,1.4285714285714286,0.6598288790738581
859.0,,,,,,,,delta_rise=1.0_fall=0.25,21,1.4285714285714286,0.6598288790738581
859.0,,,,,,,,delta_rise=1.0_fall=0.5,20,1.5,0.7416198487095663
859.0,,,,,,,,delta_rise=1.0_fall=0.75,19,1.5789473684210527,0.9355994123490093
859.0,,,,,,,,delta_rise=1.0_fall=1.0,17,1.6666666666666667,1.0540925533894598
859.0,,,,,,,,multimodal_alpha=0.0,2,10.0,5.715476066494082
859.0,,,,,,,,multimodal_alpha=0.1,9,3.0,1.0
859.0,,,,,,,,multimodal_alpha=0.2,9,3.0,1.0
859.0,,,,,,,,multimodal_alpha=0.30000000000000004,8,3.3333333333333335,0.9428090415820634
859.0,,,,,,,,multimodal_alpha=0.4,8,3.3333333333333335,0.9428090415820634
859.0,,,,,,,,multimodal_alpha=0.5,8,3.3333333333333335,0.9428090415820634
859.0,,,,,,,,multimodal_alpha=0.6000000000000001,8,3.3333333333333335,0.9428090415820634
859.0,,,,,,,,multimodal_alpha=0.7000000000000001,8,3.3333333333333335,1.0540925533894598
859.0,,,,,,,,multimodal_alpha=0.8,9,3.0,1.0954451150103321
859.0,,,,,,,,multimodal_alpha=0.9,10,2.727272727272727,1.052348809344566
859.0,,,,,,,,multimodal_alpha=1.0,10,2.727272727272727,1.052348809344566
859.0,,,,,,,,norms_associative,10,2.727272727272727,1.2856486930664501
859.0,,,,,,,,norms_categorical,13,2.142857142857143,1.124858267715973
859.0,,,,,,,,simdrop,10,2.727272727272727,1.052348809344566
860.0,0.3997321605494339,0.12090573381216844,6.0950517051900475,0.9968488508149794,0.17178571428571426,0.07709620458819462,15.0,delta_rise=0.0_fall=0.0,6,2.5,1.2583057392117916
860.0,,,,,,,,delta_rise=0.0_fall=0.25,6,2.5,1.2583057392117916
860.0,,,,,,,,delta_rise=0.0_fall=0.5,5,3.0,1.4142135623730951
860.0,,,,,,,,delta_rise=0.0_fall=0.75,5,3.0,1.4142135623730951
860.0,,,,,,,,delta_rise=0.0_fall=1.0,5,3.0,1.4142135623730951
860.0,,,,,,,,delta_rise=0.25_fall=0.0,6,2.5,1.2583057392117916
860.0,,,,,,,,delta_rise=0.25_fall=0.25,6,2.5,1.2583057392117916
860.0,,,,,,,,delta_rise=0.25_fall=0.5,5,3.0,1.4142135623730951
860.0,,,,,,,,delta_rise=0.25_fall=0.75,5,3.0,1.4142135623730951
860.0,,,,,,,,delta_rise=0.25_fall=1.0,5,3.0,1.4142135623730951
860.0,,,,,,,,delta_rise=0.5_fall=0.0,9,1.6666666666666667,0.816496580927726
860.0,,,,,,,,delta_rise=0.5_fall=0.25,9,1.6666666666666667,0.816496580927726
860.0,,,,,,,,delta_rise=0.5_fall=0.5,8,1.875,1.0532687216470449
860.0,,,,,,,,delta_rise=0.5_fall=0.75,8,1.875,1.0532687216470449
860.0,,,,,,,,delta_rise=0.5_fall=1.0,8,1.875,1.0532687216470449
860.0,,,,,,,,delta_rise=0.75_fall=0.0,10,1.5,0.6708203932499369
860.0,,,,,,,,delta_rise=0.75_fall=0.25,10,1.5,0.6708203932499369
860.0,,,,,,,,delta_rise=0.75_fall=0.5,9,1.6666666666666667,0.9428090415820632
860.0,,,,,,,,delta_rise=0.75_fall=0.75,9,1.6666666666666667,0.9428090415820632
860.0,,,,,,,,delta_rise=0.75_fall=1.0,9,1.6666666666666667,0.9428090415820632
860.0,,,,,,,,delta_rise=1.0_fall=0.0,10,1.5,0.6708203932499369
860.0,,,,,,,,delta_rise=1.0_fall=0.25,10,1.5,0.6708203932499369
860.0,,,,,,,,delta_rise=1.0_fall=0.5,9,1.6666666666666667,0.9428090415820632
860.0,,,,,,,,delta_rise=1.0_fall=0.75,9,1.6666666666666667,0.9428090415820632
860.0,,,,,,,,delta_rise=1.0_fall=1.0,9,1.6666666666666667,0.9428090415820632
860.0,,,,,,,,multimodal_alpha=0.0,1,7.5,5.5
860.0,,,,,,,,multimodal_alpha=0.1,4,3.0,0.6324555320336759
860.0,,,,,,,,multimodal_alpha=0.2,3,3.75,0.82915619758885
860.0,,,,,,,,multimodal_alpha=0.30000000000000004,3,3.75,0.82915619758885
860.0,,,,,,,,multimodal_alpha=0.4,3,3.75,0.82915619758885
860.0,,,,,,,,multimodal_alpha=0.5,3,3.75,0.4330127018922193
860.0,,,,,,,,multimodal_alpha=0.6000000000000001,3,3.75,0.4330127018922193
860.0,,,,,,,,multimodal_alpha=0.7000000000000001,3,3.75,0.4330127018922193
860.0,,,,,,,,multimodal_alpha=0.8,3,3.75,0.4330127018922193
860.0,,,,,,,,multimodal_alpha=0.9,2,5.0,1.4142135623730951
860.0,,,,,,,,multimodal_alpha=1.0,2,5.0,0.816496580927726
860.0,,,,,,,,norms_associative,7,2.142857142857143,1.3552618543578767
860.0,,,,,,,,norms_categorical,7,2.142857142857143,1.3552618543578767
860.0,,,,,,,,simdrop,2,5.0,0.816496580927726
861.0,0.43191814743398155,0.13269439634267666,6.144807257671976,0.8667126254964309,0.23707499999999998,0.1431650371324747,22.0,delta_rise=0.0_fall=0.0,11,2.0,0.8528028654224418
861.0,,,,,,,,delta_rise=0.0_fall=0.25,10,2.2,0.8717797887081347
861.0,,,,,,,,delta_rise=0.0_fall=0.5,8,2.75,1.299038105676658
861.0,,,,,,,,delta_rise=0.0_fall=0.75,7,3.142857142857143,2.0303814862216996
861.0,,,,,,,,delta_rise=0.0_fall=1.0,5,4.4,2.65329983228432
861.0,,,,,,,,delta_rise=0.25_fall=0.0,14,1.5714285714285714,0.7284313590846836
861.0,,,,,,,,delta_rise=0.25_fall=0.25,13,1.6923076923076923,0.8213137116947163
861.0,,,,,,,,delta_rise=0.25_fall=0.5,12,1.8333333333333333,0.9860132971832694
861.0,,,,,,,,delta_rise=0.25_fall=0.75,11,2.0,1.7056057308448835
861.0,,,,,,,,delta_rise=0.25_fall=1.0,9,2.4444444444444446,2.454524670486058
861.0,,,,,,,,delta_rise=0.5_fall=0.0,16,1.375,0.6959705453537527
861.0,,,,,,,,delta_rise=0.5_fall=0.25,16,1.375,0.6959705453537527
861.0,,,,,,,,delta_rise=0.5_fall=0.5,15,1.4666666666666666,0.8844332774281066
861.0,,,,,,,,delta_rise=0.5_fall=0.75,12,1.8333333333333333,1.6749792701868151
861.0,,,,,,,,delta_rise=0.5_fall=1.0,10,2.2,2.4
861.0,,,,,,,,delta_rise=0.75_fall=0.0,16,1.375,0.6959705453537527
861.0,,,,,,,,delta_rise=0.75_fall=0.25,16,1.375,0.6959705453537527
861.0,,,,,,,,delta_rise=0.75_fall=0.5,15,1.4666666666666666,0.8844332774281066
861.0,,,,,,,,delta_rise=0.75_fall=0.75,12,1.8333333333333333,1.6749792701868151
861.0,,,,,,,,delta_rise=0.75_fall=1.0,10,2.2,2.4
861.0,,,,,,,,delta_rise=1.0_fall=0.0,18,1.2222222222222223,0.5328701692569688
861.0,,,,,,,,delta_rise=1.0_fall=0.25,18,1.2222222222222223,0.5328701692569688
861.0,,,,,,,,delta_rise=1.0_fall=0.5,18,1.2222222222222223,0.5328701692569688
861.0,,,,,,,,delta_rise=1.0_fall=0.75,18,1.2222222222222223,0.5328701692569688
861.0,,,,,,,,delta_rise=1.0_fall=1.0,17,1.2941176470588236,0.6655122646461624
861.0,,,,,,,,multimodal_alpha=0.0,2,7.333333333333333,7.542472332656507
861.0,,,,,,,,multimodal_alpha=0.1,7,2.75,0.82915619758885
861.0,,,,,,,,multimodal_alpha=0.2,7,2.75,0.82915619758885
861.0,,,,,,,,multimodal_alpha=0.30000000000000004,7,2.75,0.82915619758885
861.0,,,,,,,,multimodal_alpha=0.4,7,2.75,0.82915619758885
861.0,,,,,,,,multimodal_alpha=0.5,7,2.75,0.82915619758885
861.0,,,,,,,,multimodal_alpha=0.6000000000000001,7,2.75,0.82915619758885
861.0,,,,,,,,multimodal_alpha=0.7000000000000001,7,2.75,0.82915619758885
861.0,,,,,,,,multimodal_alpha=0.8,7,2.75,0.82915619758885
861.0,,,,,,,,multimodal_alpha=0.9,5,3.6666666666666665,1.699673171197595
861.0,,,,,,,,multimodal_alpha=1.0,6,3.142857142857143,0.8329931278350429
861.0,,,,,,,,norms_associative,12,1.8333333333333333,1.0671873729054748
861.0,,,,,,,,norms_categorical,13,1.6923076923076923,0.9910845174403942
861.0,,,,,,,,simdrop,6,3.142857142857143,0.8329931278350429
863.0,0.4478931365391487,0.11932069213900615,6.33011061051617,0.7210411908812762,0.2024,0.055815947541898815,21.0,delta_rise=0.0_fall=0.0,10,2.1,0.9433981132056604
863.0,,,,,,,,delta_rise=0.0_fall=0.25,9,2.3333333333333335,0.9428090415820634
863.0,,,,,,,,delta_rise=0.0_fall=0.5,8,2.625,0.8569568250501305
863.0,,,,,,,,delta_rise=0.0_fall=0.75,6,3.5,1.3844373104863459
863.0,,,,,,,,delta_rise=0.0_fall=1.0,5,4.2,2.3151673805580453
863.0,,,,,,,,delta_rise=0.25_fall=0.0,11,1.9090909090909092,0.9958591954639383
863.0,,,,,,,,delta_rise=0.25_fall=0.25,10,2.1,1.044030650891055
863.0,,,,,,,,delta_rise=0.25_fall=0.5,10,2.1,1.044030650891055
863.0,,,,,,,,delta_rise=0.25_fall=0.75,9,2.3333333333333335,1.4142135623730951
863.0,,,,,,,,delta_rise=0.25_fall=1.0,5,4.2,2.3151673805580453
863.0,,,,,,,,delta_rise=0.5_fall=0.0,13,1.6153846153846154,0.923076923076923
863.0,,,,,,,,delta_rise=0.5_fall=0.25,13,1.6153846153846154,0.923076923076923
863.0,,,,,,,,delta_rise=0.5_fall=0.5,13,1.6153846153846154,0.923076923076923
863.0,,,,,,,,delta_rise=0.5_fall=0.75,13,1.6153846153846154,0.923076923076923
863.0,,,,,,,,delta_rise=0.5_fall=1.0,9,2.3333333333333335,1.9436506316150999
863.0,,,,,,,,delta_rise=0.75_fall=0.0,13,1.6153846153846154,0.923076923076923
863.0,,,,,,,,delta_rise=0.75_fall=0.25,13,1.6153846153846154,0.923076923076923
863.0,,,,,,,,delta_rise=0.75_fall=0.5,13,1.6153846153846154,0.923076923076923
863.0,,,,,,,,delta_rise=0.75_fall=0.75,13,1.6153846153846154,0.923076923076923
863.0,,,,,,,,delta_rise=0.75_fall=1.0,9,2.3333333333333335,1.9436506316150999
863.0,,,,,,,,delta_rise=1.0_fall=0.0,13,1.6153846153846154,0.923076923076923
863.0,,,,,,,,delta_rise=1.0_fall=0.25,13,1.6153846153846154,0.923076923076923
863.0,,,,,,,,delta_rise=1.0_fall=0.5,13,1.6153846153846154,0.923076923076923
863.0,,,,,,,,delta_rise=1.0_fall=0.75,13,1.6153846153846154,0.923076923076923
863.0,,,,,,,,delta_rise=1.0_fall=1.0,9,2.3333333333333335,1.9436506316150999
863.0,,,,,,,,multimodal_alpha=0.0,1,10.5,1.5
863.0,,,,,,,,multimodal_alpha=0.1,6,3.0,0.7559289460184544
863.0,,,,,,,,multimodal_alpha=0.2,6,3.0,0.7559289460184544
863.0,,,,,,,,multimodal_alpha=0.30000000000000004,6,3.0,0.7559289460184544
863.0,,,,,,,,multimodal_alpha=0.4,6,3.0,0.7559289460184544
863.0,,,,,,,,multimodal_alpha=0.5,6,3.0,0.7559289460184544
863.0,,,,,,,,multimodal_alpha=0.6000000000000001,6,3.0,0.7559289460184544
863.0,,,,,,,,multimodal_alpha=0.7000000000000001,6,3.0,0.7559289460184544
863.0,,,,,,,,multimodal_alpha=0.8,6,3.0,0.7559289460184544
863.0,,,,,,,,multimodal_alpha=0.9,6,3.0,0.7559289460184544
863.0,,,,,,,,multimodal_alpha=1.0,6,3.0,0.7559289460184544
863.0,,,,,,,,norms_associative,9,2.3333333333333335,1.7638342073763935
863.0,,,,,,,,norms_categorical,11,1.9090909090909092,0.668042657122685
863.0,,,,,,,,simdrop,6,3.0,0.7559289460184544
865.0,0.3576960030155197,0.08246360639367843,6.243079382967883,0.6146332006757319,0.28572000000000003,0.11604450439378854,19.0,delta_rise=0.0_fall=0.0,7,2.375,1.4086784586980805
865.0,,,,,,,,delta_rise=0.0_fall=0.25,7,2.375,1.4086784586980805
865.0,,,,,,,,delta_rise=0.0_fall=0.5,7,2.375,1.4086784586980805
865.0,,,,,,,,delta_rise=0.0_fall=0.75,7,2.375,1.4086784586980805
865.0,,,,,,,,delta_rise=0.0_fall=1.0,5,3.1666666666666665,2.544056253745625
865.0,,,,,,,,delta_rise=0.25_fall=0.0,9,1.9,1.1357816691600549
865.0,,,,,,,,delta_rise=0.25_fall=0.25,9,1.9,1.1357816691600549
865.0,,,,,,,,delta_rise=0.25_fall=0.5,9,1.9,1.1357816691600549
865.0,,,,,,,,delta_rise=0.25_fall=0.75,9,1.9,1.1357816691600549
865.0,,,,,,,,delta_rise=0.25_fall=1.0,6,2.7142857142857144,2.4327694808466287
865.0,,,,,,,,delta_rise=0.5_fall=0.0,11,1.5833333333333333,1.0374916331657278
865.0,,,,,,,,delta_rise=0.5_fall=0.25,11,1.5833333333333333,1.0374916331657278
865.0,,,,,,,,delta_rise=0.5_fall=0.5,11,1.5833333333333333,1.0374916331657278
865.0,,,,,,,,delta_rise=0.5_fall=0.75,11,1.5833333333333333,1.0374916331657278
865.0,,,,,,,,delta_rise=0.5_fall=1.0,11,1.5833333333333333,1.0374916331657278
865.0,,,,,,,,delta_rise=0.75_fall=0.0,11,1.5833333333333333,1.0374916331657278
865.0,,,,,,,,delta_rise=0.75_fall=0.25,11,1.5833333333333333,1.0374916331657278
865.0,,,,,,,,delta_rise=0.75_fall=0.5,11,1.5833333333333333,1.0374916331657278
865.0,,,,,,,,delta_rise=0.75_fall=0.75,11,1.5833333333333333,1.0374916331657278
865.0,,,,,,,,delta_rise=0.75_fall=1.0,11,1.5833333333333333,1.0374916331657278
865.0,,,,,,,,delta_rise=1.0_fall=0.0,11,1.5833333333333333,1.0374916331657278
865.0,,,,,,,,delta_rise=1.0_fall=0.25,11,1.5833333333333333,1.0374916331657278
865.0,,,,,,,,delta_rise=1.0_fall=0.5,11,1.5833333333333333,1.0374916331657278
865.0,,,,,,,,delta_rise=1.0_fall=0.75,11,1.5833333333333333,1.0374916331657278
865.0,,,,,,,,delta_rise=1.0_fall=1.0,11,1.5833333333333333,1.0374916331657278
865.0,,,,,,,,multimodal_alpha=0.0,1,9.5,2.5
865.0,,,,,,,,multimodal_alpha=0.1,4,3.8,1.469693845669907
865.0,,,,,,,,multimodal_alpha=0.2,4,3.8,1.469693845669907
865.0,,,,,,,,multimodal_alpha=0.30000000000000004,4,3.8,1.469693845669907
865.0,,,,,,,,multimodal_alpha=0.4,4,3.8,1.469693845669907
865.0,,,,,,,,multimodal_alpha=0.5,4,3.8,1.469693845669907
865.0,,,,,,,,multimodal_alpha=0.6000000000000001,4,3.8,1.469693845669907
865.0,,,,,,,,multimodal_alpha=0.7000000000000001,3,4.75,1.0897247358851685
865.0,,,,,,,,multimodal_alpha=0.8,3,4.75,1.0897247358851685
865.0,,,,,,,,multimodal_alpha=0.9,4,3.8,1.469693845669907
865.0,,,,,,,,multimodal_alpha=1.0,4,3.8,1.469693845669907
865.0,,,,,,,,norms_associative,16,1.1875,0.3903123748998999
865.0,,,,,,,,norms_categorical,15,1.2666666666666666,0.44221663871405337
865.0,,,,,,,,simdrop,4,3.8,1.469693845669907
866.0,0.49649676050929265,0.13497662308010183,5.6802616195288955,0.9163106372541442,0.19421666666666668,0.09145167460401579,20.0,delta_rise=0.0_fall=0.0,9,2.0,0.8944271909999159
866.0,,,,,,,,delta_rise=0.0_fall=0.25,8,2.2222222222222223,0.9162456945817024
866.0,,,,,,,,delta_rise=0.0_fall=0.5,7,2.5,1.3228756555322954
866.0,,,,,,,,delta_rise=0.0_fall=0.75,6,2.857142857142857,1.958758457257441
866.0,,,,,,,,delta_rise=0.0_fall=1.0,3,5.0,1.224744871391589
866.0,,,,,,,,delta_rise=0.25_fall=0.0,10,2.0,0.8944271909999159
866.0,,,,,,,,delta_rise=0.25_fall=0.25,9,2.2222222222222223,0.9162456945817024
866.0,,,,,,,,delta_rise=0.25_fall=0.5,8,2.5,1.3228756555322954
866.0,,,,,,,,delta_rise=0.25_fall=0.75,7,2.857142857142857,1.958758457257441
866.0,,,,,,,,delta_rise=0.25_fall=1.0,3,5.0,1.224744871391589
866.0,,,,,,,,delta_rise=0.5_fall=0.0,12,1.6666666666666667,0.9428090415820632
866.0,,,,,,,,delta_rise=0.5_fall=0.25,12,1.6666666666666667,0.9428090415820632
866.0,,,,,,,,delta_rise=0.5_fall=0.5,10,2.0,1.3416407864998738
866.0,,,,,,,,delta_rise=0.5_fall=0.75,9,2.2222222222222223,1.9309052441091963
866.0,,,,,,,,delta_rise=0.5_fall=1.0,6,2.857142857142857,2.099562636671296
866.0,,,,,,,,delta_rise=0.75_fall=0.0,12,1.6666666666666667,0.9428090415820632
866.0,,,,,,,,delta_rise=0.75_fall=0.25,12,1.6666666666666667,0.9428090415820632
866.0,,,,,,,,delta_rise=0.75_fall=0.5,10,2.0,1.3416407864998738
866.0,,,,,,,,delta_rise=0.75_fall=0.75,9,2.2222222222222223,1.9309052441091963
866.0,,,,,,,,delta_rise=0.75_fall=1.0,6,2.857142857142857,2.099562636671296
866.0,,,,,,,,delta_rise=1.0_fall=0.0,13,1.5384615384615385,0.9294650748918902
866.0,,,,,,,,delta_rise=1.0_fall=0.25,13,1.5384615384615385,0.9294650748918902
866.0,,,,,,,,delta_rise=1.0_fall=0.5,11,1.8181818181818181,1.3360853142453697
866.0,,,,,,,,delta_rise=1.0_fall=0.75,9,2.2222222222222223,1.9309052441091963
866.0,,,,,,,,delta_rise=1.0_fall=1.0,6,2.857142857142857,2.099562636671296
866.0,,,,,,,,multimodal_alpha=0.0,4,4.0,3.0983866769659336
866.0,,,,,,,,multimodal_alpha=0.1,7,2.5,0.7071067811865476
866.0,,,,,,,,multimodal_alpha=0.2,7,2.5,0.7071067811865476
866.0,,,,,,,,multimodal_alpha=0.30000000000000004,7,2.5,0.7071067811865476
866.0,,,,,,,,multimodal_alpha=0.4,7,2.5,0.7071067811865476
866.0,,,,,,,,multimodal_alpha=0.5,7,2.5,0.7071067811865476
866.0,,,,,,,,multimodal_alpha=0.6000000000000001,7,2.5,0.7071067811865476
866.0,,,,,,,,multimodal_alpha=0.7000000000000001,6,2.857142857142857,0.8329931278350429
866.0,,,,,,,,multimodal_alpha=0.8,6,2.857142857142857,0.8329931278350429
866.0,,,,,,,,multimodal_alpha=0.9,7,2.5,0.7071067811865476
866.0,,,,,,,,multimodal_alpha=1.0,7,2.5,0.8660254037844386
866.0,,,,,,,,norms_associative,8,2.2222222222222223,1.1331154474650633
866.0,,,,,,,,norms_categorical,8,2.2222222222222223,1.1331154474650633
866.0,,,,,,,,simdrop,7,2.5,0.8660254037844386
867.0,0.44469157088967254,0.1231140472526667,5.865589656981726,0.9933833719201338,0.1420375,0.03199490751889834,28.0,delta_rise=0.0_fall=0.0,14,2.0,0.7559289460184544
867.0,,,,,,,,delta_rise=0.0_fall=0.25,13,2.1538461538461537,0.7692307692307693
867.0,,,,,,,,delta_rise=0.0_fall=0.5,10,2.8,1.4696938456699067
867.0,,,,,,,,delta_rise=0.0_fall=0.75,8,3.5,1.7320508075688772
867.0,,,,,,,,delta_rise=0.0_fall=1.0,4,5.6,1.0198039027185568
867.0,,,,,,,,delta_rise=0.25_fall=0.0,15,1.8666666666666667,0.7180219742846006
867.0,,,,,,,,delta_rise=0.25_fall=0.25,14,2.0,0.7559289460184544
867.0,,,,,,,,delta_rise=0.25_fall=0.5,10,2.8,1.4696938456699067
867.0,,,,,,,,delta_rise=0.25_fall=0.75,8,3.5,1.7320508075688772
867.0,,,,,,,,delta_rise=0.25_fall=1.0,4,5.6,1.0198039027185568
867.0,,,,,,,,delta_rise=0.5_fall=0.0,17,1.6470588235294117,0.7624400821656306
867.0,,,,,,,,delta_rise=0.5_fall=0.25,16,1.75,0.82915619758885
867.0,,,,,,,,delta_rise=0.5_fall=0.5,13,2.1538461538461537,1.2917581249035897
867.0,,,,,,,,delta_rise=0.5_fall=0.75,11,2.5454545454545454,1.7248787237282068
867.0,,,,,,,,delta_rise=0.5_fall=1.0,7,3.5,2.23606797749979
867.0,,,,,,,,delta_rise=0.75_fall=0.0,17,1.6470588235294117,0.7624400821656306
867.0,,,,,,,,delta_rise=0.75_fall=0.25,16,1.75,0.82915619758885
867.0,,,,,,,,delta_rise=0.75_fall=0.5,13,2.1538461538461537,1.2917581249035897
867.0,,,,,,,,delta_rise=0.75_fall=0.75,11,2.5454545454545454,1.7248787237282068
867.0,,,,,,,,delta_rise=0.75_fall=1.0,7,3.5,2.23606797749979
867.0,,,,,,,,delta_rise=1.0_fall=0.0,18,1.5555555555555556,0.7617394000445604
867.0,,,,,,,,delta_rise=1.0_fall=0.25,18,1.5555555555555556,0.7617394000445604
867.0,,,,,,,,delta_rise=1.0_fall=0.5,15,1.8666666666666667,1.2578641509408806
867.0,,,,,,,,delta_rise=1.0_fall=0.75,11,2.5454545454545454,1.7248787237282068
867.0,,,,,,,,delta_rise=1.0_fall=1.0,7,3.5,2.23606797749979
867.0,,,,,,,,multimodal_alpha=0.0,1,14.0,3.0
867.0,,,,,,,,multimodal_alpha=0.1,8,3.111111111111111,0.9938079899999066
867.0,,,,,,,,multimodal_alpha=0.2,8,3.111111111111111,0.9938079899999066
867.0,,,,,,,,multimodal_alpha=0.30000000000000004,9,2.8,0.9797958971132712
867.0,,,,,,,,multimodal_alpha=0.4,10,2.5454545454545454,0.8907235428302466
867.0,,,,,,,,multimodal_alpha=0.5,9,2.8,0.8717797887081347
867.0,,,,,,,,multimodal_alpha=0.6000000000000001,9,2.8,0.8717797887081347
867.0,,,,,,,,multimodal_alpha=0.7000000000000001,9,2.8,0.8717797887081347
867.0,,,,,,,,multimodal_alpha=0.8,9,2.8,0.8717797887081347
867.0,,,,,,,,multimodal_alpha=0.9,9,2.8,0.8717797887081347
867.0,,,,,,,,multimodal_alpha=1.0,9,2.8,0.8717797887081347
867.0,,,,,,,,norms_associative,14,2.0,0.8451542547285166
867.0,,,,,,,,norms_categorical,13,2.1538461538461537,0.7692307692307693
867.0,,,,,,,,simdrop,9,2.8,0.8717797887081347
870.0,0.41872551820664916,0.15470473353833028,5.863147246674591,0.917548725634912,0.1926,0.14513985783833927,33.0,delta_rise=0.0_fall=0.0,15,2.2,1.2754084313139327
870.0,,,,,,,,delta_rise=0.0_fall=0.25,15,2.2,1.2754084313139327
870.0,,,,,,,,delta_rise=0.0_fall=0.5,12,2.75,1.479019945774904
870.0,,,,,,,,delta_rise=0.0_fall=0.75,11,2.75,1.479019945774904
870.0,,,,,,,,delta_rise=0.0_fall=1.0,11,2.75,1.479019945774904
870.0,,,,,,,,delta_rise=0.25_fall=0.0,15,2.2,1.2754084313139327
870.0,,,,,,,,delta_rise=0.25_fall=0.25,15,2.2,1.2754084313139327
870.0,,,,,,,,delta_rise=0.25_fall=0.5,12,2.75,1.479019945774904
870.0,,,,,,,,delta_rise=0.25_fall=0.75,11,2.75,1.479019945774904
870.0,,,,,,,,delta_rise=0.25_fall=1.0,11,2.75,1.479019945774904
870.0,,,,,,,,delta_rise=0.5_fall=0.0,20,1.65,0.7262919523166975
870.0,,,,,,,,delta_rise=0.5_fall=0.25,20,1.65,0.7262919523166975
870.0,,,,,,,,delta_rise=0.5_fall=0.5,19,1.736842105263158,0.7841928645132284
870.0,,,,,,,,delta_rise=0.5_fall=0.75,18,1.736842105263158,0.7841928645132284
870.0,,,,,,,,delta_rise=0.5_fall=1.0,18,1.736842105263158,0.7841928645132284
870.0,,,,,,,,delta_rise=0.75_fall=0.0,22,1.5,0.6571287406727709
870.0,,,,,,,,delta_rise=0.75_fall=0.25,22,1.5,0.6571287406727709
870.0,,,,,,,,delta_rise=0.75_fall=0.5,21,1.5714285714285714,0.7284313590846836
870.0,,,,,,,,delta_rise=0.75_fall=0.75,20,1.5714285714285714,0.7284313590846836
870.0,,,,,,,,delta_rise=0.75_fall=1.0,20,1.5714285714285714,0.7284313590846836
870.0,,,,,,,,delta_rise=1.0_fall=0.0,25,1.32,0.5455272678794342
870.0,,,,,,,,delta_rise=1.0_fall=0.25,25,1.32,0.5455272678794342
870.0,,,,,,,,delta_rise=1.0_fall=0.5,24,1.375,0.6332785063987777
870.0,,,,,,,,delta_rise=1.0_fall=0.75,23,1.375,0.6332785063987777
870.0,,,,,,,,delta_rise=1.0_fall=1.0,23,1.375,0.6332785063987777
870.0,,,,,,,,multimodal_alpha=0.0,1,16.5,3.5
870.0,,,,,,,,multimodal_alpha=0.1,7,4.125,1.6909686573085854
870.0,,,,,,,,multimodal_alpha=0.2,8,3.6666666666666665,1.247219128924647
870.0,,,,,,,,multimodal_alpha=0.30000000000000004,9,3.3,1.004987562112089
870.0,,,,,,,,multimodal_alpha=0.4,10,3.0,0.8528028654224418
870.0,,,,,,,,multimodal_alpha=0.5,10,3.0,0.8528028654224418
870.0,,,,,,,,multimodal_alpha=0.6000000000000001,10,3.0,0.8528028654224418
870.0,,,,,,,,multimodal_alpha=0.7000000000000001,10,3.0,0.8528028654224418
870.0,,,,,,,,multimodal_alpha=0.8,10,3.0,0.8528028654224418
870.0,,,,,,,,multimodal_alpha=0.9,10,3.0,0.8528028654224418
870.0,,,,,,,,multimodal_alpha=1.0,9,3.3,1.1874342087037917
870.0,,,,,,,,norms_associative,18,1.736842105263158,0.7841928645132284
870.0,,,,,,,,norms_categorical,19,1.65,0.7262919523166975
870.0,,,,,,,,simdrop,9,3.3,1.1874342087037917
872.0,0.41642005305738194,0.17070755288057496,5.237677937515706,1.2628292303884792,0.19440588235294118,0.13363490594988758,24.0,delta_rise=0.0_fall=0.0,13,1.8461538461538463,0.7692307692307693
872.0,,,,,,,,delta_rise=0.0_fall=0.25,12,2.0,0.816496580927726
872.0,,,,,,,,delta_rise=0.0_fall=0.5,10,2.4,1.6852299546352718
872.0,,,,,,,,delta_rise=0.0_fall=0.75,10,2.4,1.6852299546352718
872.0,,,,,,,,delta_rise=0.0_fall=1.0,9,2.6666666666666665,2.2607766610417563
872.0,,,,,,,,delta_rise=0.25_fall=0.0,14,1.7142857142857142,0.6998542122237651
872.0,,,,,,,,delta_rise=0.25_fall=0.25,13,1.8461538461538463,0.7692307692307693
872.0,,,,,,,,delta_rise=0.25_fall=0.5,10,2.4,1.6852299546352718
872.0,,,,,,,,delta_rise=0.25_fall=0.75,10,2.4,1.6852299546352718
872.0,,,,,,,,delta_rise=0.25_fall=1.0,9,2.6666666666666665,2.2607766610417563
872.0,,,,,,,,delta_rise=0.5_fall=0.0,14,1.7142857142857142,0.6998542122237651
872.0,,,,,,,,delta_rise=0.5_fall=0.25,13,1.8461538461538463,0.7692307692307693
872.0,,,,,,,,delta_rise=0.5_fall=0.5,10,2.4,1.6852299546352718
872.0,,,,,,,,delta_rise=0.5_fall=0.75,10,2.4,1.6852299546352718
872.0,,,,,,,,delta_rise=0.5_fall=1.0,9,2.6666666666666665,2.2607766610417563
872.0,,,,,,,,delta_rise=0.75_fall=0.0,14,1.7142857142857142,0.6998542122237651
872.0,,,,,,,,delta_rise=0.75_fall=0.25,13,1.8461538461538463,0.7692307692307693
872.0,,,,,,,,delta_rise=0.75_fall=0.5,10,2.4,1.6852299546352718
872.0,,,,,,,,delta_rise=0.75_fall=0.75,10,2.4,1.6852299546352718
872.0,,,,,,,,delta_rise=0.75_fall=1.0,9,2.6666666666666665,2.2607766610417563
872.0,,,,,,,,delta_rise=1.0_fall=0.0,18,1.3333333333333333,0.6666666666666666
872.0,,,,,,,,delta_rise=1.0_fall=0.25,18,1.3333333333333333,0.6666666666666666
872.0,,,,,,,,delta_rise=1.0_fall=0.5,18,1.3333333333333333,0.6666666666666666
872.0,,,,,,,,delta_rise=1.0_fall=0.75,18,1.3333333333333333,0.6666666666666666
872.0,,,,,,,,delta_rise=1.0_fall=1.0,18,1.3333333333333333,0.6666666666666666
872.0,,,,,,,,multimodal_alpha=0.0,7,3.0,0.7071067811865476
872.0,,,,,,,,multimodal_alpha=0.1,7,3.0,0.7071067811865476
872.0,,,,,,,,multimodal_alpha=0.2,7,3.0,1.0
872.0,,,,,,,,multimodal_alpha=0.30000000000000004,7,3.0,1.0
872.0,,,,,,,,multimodal_alpha=0.4,7,3.0,1.0
872.0,,,,,,,,multimodal_alpha=0.5,7,3.0,1.0
872.0,,,,,,,,multimodal_alpha=0.6000000000000001,7,3.0,1.0
872.0,,,,,,,,multimodal_alpha=0.7000000000000001,7,3.0,1.0
872.0,,,,,,,,multimodal_alpha=0.8,7,3.0,1.0
872.0,,,,,,,,multimodal_alpha=0.9,6,3.4285714285714284,1.178030178747903
872.0,,,,,,,,multimodal_alpha=1.0,6,3.4285714285714284,1.178030178747903
872.0,,,,,,,,norms_associative,7,3.0,1.5
872.0,,,,,,,,norms_categorical,8,2.6666666666666665,1.4142135623730951
872.0,,,,,,,,simdrop,6,3.4285714285714284,1.178030178747903
875.0,0.4915858307312982,0.08706129851422105,6.418485415467656,0.7730353319491514,0.23096666666666665,0.10921995544160724,19.0,delta_rise=0.0_fall=0.0,10,1.7272727272727273,0.616575453011388
875.0,,,,,,,,delta_rise=0.0_fall=0.25,10,1.7272727272727273,0.616575453011388
875.0,,,,,,,,delta_rise=0.0_fall=0.5,8,2.111111111111111,1.1967032904743342
875.0,,,,,,,,delta_rise=0.0_fall=0.75,6,2.7142857142857144,2.249716535431946
875.0,,,,,,,,delta_rise=0.0_fall=1.0,6,2.7142857142857144,2.249716535431946
875.0,,,,,,,,delta_rise=0.25_fall=0.0,10,1.7272727272727273,0.616575453011388
875.0,,,,,,,,delta_rise=0.25_fall=0.25,10,1.7272727272727273,0.616575453011388
875.0,,,,,,,,delta_rise=0.25_fall=0.5,8,2.111111111111111,1.1967032904743342
875.0,,,,,,,,delta_rise=0.25_fall=0.75,6,2.7142857142857144,2.249716535431946
875.0,,,,,,,,delta_rise=0.25_fall=1.0,6,2.7142857142857144,2.249716535431946
875.0,,,,,,,,delta_rise=0.5_fall=0.0,12,1.4615384615384615,0.6343239424027171
875.0,,,,,,,,delta_rise=0.5_fall=0.25,12,1.4615384615384615,0.6343239424027171
875.0,,,,,,,,delta_rise=0.5_fall=0.5,12,1.4615384615384615,0.6343239424027171
875.0,,,,,,,,delta_rise=0.5_fall=0.75,12,1.4615384615384615,0.6343239424027171
875.0,,,,,,,,delta_rise=0.5_fall=1.0,12,1.4615384615384615,0.6343239424027171
875.0,,,,,,,,delta_rise=0.75_fall=0.0,12,1.4615384615384615,0.6343239424027171
875.0,,,,,,,,delta_rise=0.75_fall=0.25,12,1.4615384615384615,0.6343239424027171
875.0,,,,,,,,delta_rise=0.75_fall=0.5,12,1.4615384615384615,0.6343239424027171
875.0,,,,,,,,delta_rise=0.75_fall=0.75,12,1.4615384615384615,0.6343239424027171
875.0,,,,,,,,delta_rise=0.75_fall=1.0,12,1.4615384615384615,0.6343239424027171
875.0,,,,,,,,delta_rise=1.0_fall=0.0,14,1.2666666666666666,0.573488351136175
875.0,,,,,,,,delta_rise=1.0_fall=0.25,14,1.2666666666666666,0.573488351136175
875.0,,,,,,,,delta_rise=1.0_fall=0.5,14,1.2666666666666666,0.573488351136175
875.0,,,,,,,,delta_rise=1.0_fall=0.75,14,1.2666666666666666,0.573488351136175
875.0,,,,,,,,delta_rise=1.0_fall=1.0,14,1.2666666666666666,0.573488351136175
875.0,,,,,,,,multimodal_alpha=0.0,0,19.0,0.0
875.0,,,,,,,,multimodal_alpha=0.1,4,3.8,0.7483314773547882
875.0,,,,,,,,multimodal_alpha=0.2,4,3.8,0.7483314773547882
875.0,,,,,,,,multimodal_alpha=0.30000000000000004,4,3.8,0.7483314773547882
875.0,,,,,,,,multimodal_alpha=0.4,4,3.8,0.7483314773547882
875.0,,,,,,,,multimodal_alpha=0.5,4,3.8,0.9797958971132712
875.0,,,,,,,,multimodal_alpha=0.6000000000000001,5,3.1666666666666665,1.4624940645653537
875.0,,,,,,,,multimodal_alpha=0.7000000000000001,5,3.1666666666666665,1.4624940645653537
875.0,,,,,,,,multimodal_alpha=0.8,5,3.1666666666666665,1.4624940645653537
875.0,,,,,,,,multimodal_alpha=0.9,7,2.375,0.6959705453537527
875.0,,,,,,,,multimodal_alpha=1.0,7,2.375,0.6959705453537527
875.0,,,,,,,,norms_associative,4,3.8,1.16619037896906
875.0,,,,,,,,norms_categorical,4,3.8,1.16619037896906
875.0,,,,,,,,simdrop,7,2.375,0.6959705453537527
876.0,0.4509142675262117,0.11211637367996748,6.291716766630342,0.6738578216685505,0.2399,0.11619130776439347,20.0,delta_rise=0.0_fall=0.0,10,2.0,0.6324555320336759
876.0,,,,,,,,delta_rise=0.0_fall=0.25,8,2.5,1.118033988749895
876.0,,,,,,,,delta_rise=0.0_fall=0.5,7,2.857142857142857,1.2453996981544782
876.0,,,,,,,,delta_rise=0.0_fall=0.75,7,2.857142857142857,1.2453996981544782
876.0,,,,,,,,delta_rise=0.0_fall=1.0,6,3.3333333333333335,1.4907119849998598
876.0,,,,,,,,delta_rise=0.25_fall=0.0,10,2.0,0.6324555320336759
876.0,,,,,,,,delta_rise=0.25_fall=0.25,8,2.5,1.118033988749895
876.0,,,,,,,,delta_rise=0.25_fall=0.5,7,2.857142857142857,1.2453996981544782
876.0,,,,,,,,delta_rise=0.25_fall=0.75,7,2.857142857142857,1.2453996981544782
876.0,,,,,,,,delta_rise=0.25_fall=1.0,6,3.3333333333333335,1.4907119849998598
876.0,,,,,,,,delta_rise=0.5_fall=0.0,10,2.0,0.6324555320336759
876.0,,,,,,,,delta_rise=0.5_fall=0.25,8,2.5,1.118033988749895
876.0,,,,,,,,delta_rise=0.5_fall=0.5,7,2.857142857142857,1.2453996981544782
876.0,,,,,,,,delta_rise=0.5_fall=0.75,7,2.857142857142857,1.2453996981544782
876.0,,,,,,,,delta_rise=0.5_fall=1.0,6,3.3333333333333335,1.4907119849998598
876.0,,,,,,,,delta_rise=0.75_fall=0.0,12,1.6666666666666667,0.7453559924999298
876.0,,,,,,,,delta_rise=0.75_fall=0.25,8,2.5,1.118033988749895
876.0,,,,,,,,delta_rise=0.75_fall=0.5,7,2.857142857142857,1.2453996981544782
876.0,,,,,,,,delta_rise=0.75_fall=0.75,7,2.857142857142857,1.2453996981544782
876.0,,,,,,,,delta_rise=0.75_fall=1.0,6,3.3333333333333335,1.4907119849998598
876.0,,,,,,,,delta_rise=1.0_fall=0.0,12,1.6666666666666667,0.7453559924999298
876.0,,,,,,,,delta_rise=1.0_fall=0.25,8,2.5,1.118033988749895
876.0,,,,,,,,delta_rise=1.0_fall=0.5,7,2.857142857142857,1.2453996981544782
876.0,,,,,,,,delta_rise=1.0_fall=0.75,7,2.857142857142857,1.2453996981544782
876.0,,,,,,,,delta_rise=1.0_fall=1.0,6,3.3333333333333335,1.4907119849998598
876.0,,,,,,,,multimodal_alpha=0.0,1,10.0,3.0
876.0,,,,,,,,multimodal_alpha=0.1,7,2.5,0.7071067811865476
876.0,,,,,,,,multimodal_alpha=0.2,7,2.5,0.7071067811865476
876.0,,,,,,,,multimodal_alpha=0.30000000000000004,7,2.5,0.7071067811865476
876.0,,,,,,,,multimodal_alpha=0.4,7,2.5,0.7071067811865476
876.0,,,,,,,,multimodal_alpha=0.5,7,2.5,0.7071067811865476
876.0,,,,,,,,multimodal_alpha=0.6000000000000001,7,2.5,0.7071067811865476
876.0,,,,,,,,multimodal_alpha=0.7000000000000001,7,2.5,0.7071067811865476
876.0,,,,,,,,multimodal_alpha=0.8,7,2.5,0.7071067811865476
876.0,,,,,,,,multimodal_alpha=0.9,7,2.5,0.7071067811865476
876.0,,,,,,,,multimodal_alpha=1.0,7,2.5,0.7071067811865476
876.0,,,,,,,,norms_associative,8,2.2222222222222223,1.3966450099973926
876.0,,,,,,,,norms_categorical,8,2.2222222222222223,1.3966450099973926
876.0,,,,,,,,simdrop,7,2.5,0.7071067811865476
901.0,0.40255064425384846,0.10267960724695191,5.975165426654885,0.6432321756315561,0.26503076923076924,0.18806933289177952,32.0,delta_rise=0.0_fall=0.0,14,2.2857142857142856,1.4356965173029843
901.0,,,,,,,,delta_rise=0.0_fall=0.25,14,2.2857142857142856,1.4356965173029843
901.0,,,,,,,,delta_rise=0.0_fall=0.5,12,2.6666666666666665,1.5456030825826172
901.0,,,,,,,,delta_rise=0.0_fall=0.75,11,2.6666666666666665,1.5456030825826172
901.0,,,,,,,,delta_rise=0.0_fall=1.0,11,2.6666666666666665,1.5456030825826172
901.0,,,,,,,,delta_rise=0.25_fall=0.0,14,2.2857142857142856,1.4356965173029843
901.0,,,,,,,,delta_rise=0.25_fall=0.25,14,2.2857142857142856,1.4356965173029843
901.0,,,,,,,,delta_rise=0.25_fall=0.5,12,2.6666666666666665,1.5456030825826172
901.0,,,,,,,,delta_rise=0.25_fall=0.75,11,2.6666666666666665,1.5456030825826172
901.0,,,,,,,,delta_rise=0.25_fall=1.0,11,2.6666666666666665,1.5456030825826172
901.0,,,,,,,,delta_rise=0.5_fall=0.0,16,2.0,1.4142135623730951
901.0,,,,,,,,delta_rise=0.5_fall=0.25,16,2.0,1.4142135623730951
901.0,,,,,,,,delta_rise=0.5_fall=0.5,15,2.1333333333333333,1.4544949486180951
901.0,,,,,,,,delta_rise=0.5_fall=0.75,14,2.1333333333333333,1.4544949486180951
901.0,,,,,,,,delta_rise=0.5_fall=1.0,14,2.1333333333333333,1.4544949486180951
901.0,,,,,,,,delta_rise=0.75_fall=0.0,19,1.6842105263157894,1.172160918490531
901.0,,,,,,,,delta_rise=0.75_fall=0.25,19,1.6842105263157894,1.172160918490531
901.0,,,,,,,,delta_rise=0.75_fall=0.5,18,1.7777777777777777,1.2272623352430287
901.0,,,,,,,,delta_rise=0.75_fall=0.75,17,1.7777777777777777,1.2272623352430287
901.0,,,,,,,,delta_rise=0.75_fall=1.0,17,1.7777777777777777,1.2272623352430287
901.0,,,,,,,,delta_rise=1.0_fall=0.0,20,1.6,1.1575836902790226
901.0,,,,,,,,delta_rise=1.0_fall=0.25,20,1.6,1.1575836902790226
901.0,,,,,,,,delta_rise=1.0_fall=0.5,19,1.6842105263157894,1.2162336850832993
901.0,,,,,,,,delta_rise=1.0_fall=0.75,18,1.6842105263157894,1.2162336850832993
901.0,,,,,,,,delta_rise=1.0_fall=1.0,18,1.6842105263157894,1.2162336850832993
901.0,,,,,,,,multimodal_alpha=0.0,3,8.0,4.242640687119285
901.0,,,,,,,,multimodal_alpha=0.1,10,2.909090909090909,1.1642044068059723
901.0,,,,,,,,multimodal_alpha=0.2,10,2.909090909090909,1.1642044068059723
901.0,,,,,,,,multimodal_alpha=0.30000000000000004,10,2.909090909090909,1.1642044068059723
901.0,,,,,,,,multimodal_alpha=0.4,10,2.909090909090909,1.1642044068059723
901.0,,,,,,,,multimodal_alpha=0.5,10,2.909090909090909,1.1642044068059723
901.0,,,,,,,,multimodal_alpha=0.6000000000000001,10,2.909090909090909,1.1642044068059723
901.0,,,,,,,,multimodal_alpha=0.7000000000000001,10,2.909090909090909,1.1642044068059723
901.0,,,,,,,,multimodal_alpha=0.8,9,3.2,1.32664991614216
901.0,,,,,,,,multimodal_alpha=0.9,9,3.2,1.32664991614216
901.0,,,,,,,,multimodal_alpha=1.0,9,3.2,1.32664991614216
901.0,,,,,,,,norms_associative,21,1.5238095238095237,0.9571310115353231
901.0,,,,,,,,norms_categorical,22,1.4545454545454546,0.7820295697311479
901.0,,,,,,,,simdrop,9,3.2,1.32664991614216
909.0,0.46339126204550046,0.0970780512343933,6.0655555758030095,1.0297694039922016,0.16111999999999999,0.056934014437768216,24.0,delta_rise=0.0_fall=0.0,14,1.7142857142857142,0.5890150893739515
909.0,,,,,,,,delta_rise=0.0_fall=0.25,14,1.7142857142857142,0.5890150893739515
909.0,,,,,,,,delta_rise=0.0_fall=0.5,14,1.7142857142857142,0.5890150893739515
909.0,,,,,,,,delta_rise=0.0_fall=0.75,11,2.1818181818181817,1.2662171161076472
909.0,,,,,,,,delta_rise=0.0_fall=1.0,8,3.0,1.9364916731037085
909.0,,,,,,,,delta_rise=0.25_fall=0.0,14,1.7142857142857142,0.5890150893739515
909.0,,,,,,,,delta_rise=0.25_fall=0.25,14,1.7142857142857142,0.5890150893739515
909.0,,,,,,,,delta_rise=0.25_fall=0.5,14,1.7142857142857142,0.5890150893739515
909.0,,,,,,,,delta_rise=0.25_fall=0.75,11,2.1818181818181817,1.2662171161076472
909.0,,,,,,,,delta_rise=0.25_fall=1.0,8,3.0,1.9364916731037085
909.0,,,,,,,,delta_rise=0.5_fall=0.0,15,1.6,0.6110100926607788
909.0,,,,,,,,delta_rise=0.5_fall=0.25,15,1.6,0.6110100926607788
909.0,,,,,,,,delta_rise=0.5_fall=0.5,15,1.6,0.6110100926607788
909.0,,,,,,,,delta_rise=0.5_fall=0.75,11,2.1818181818181817,1.2662171161076472
909.0,,,,,,,,delta_rise=0.5_fall=1.0,8,3.0,1.9364916731037085
909.0,,,,,,,,delta_rise=0.75_fall=0.0,15,1.6,0.6110100926607788
909.0,,,,,,,,delta_rise=0.75_fall=0.25,15,1.6,0.6110100926607788
909.0,,,,,,,,delta_rise=0.75_fall=0.5,15,1.6,0.6110100926607788
909.0,,,,,,,,delta_rise=0.75_fall=0.75,11,2.1818181818181817,1.2662171161076472
909.0,,,,,,,,delta_rise=0.75_fall=1.0,8,3.0,1.9364916731037085
909.0,,,,,,,,delta_rise=1.0_fall=0.0,16,1.5,0.6123724356957945
909.0,,,,,,,,delta_rise=1.0_fall=0.25,16,1.5,0.6123724356957945
909.0,,,,,,,,delta_rise=1.0_fall=0.5,16,1.5,0.6123724356957945
909.0,,,,,,,,delta_rise=1.0_fall=0.75,13,1.8461538461538463,1.0986812966989
909.0,,,,,,,,delta_rise=1.0_fall=1.0,8,3.0,1.9364916731037085
909.0,,,,,,,,multimodal_alpha=0.0,1,12.0,2.0
909.0,,,,,,,,multimodal_alpha=0.1,8,2.6666666666666665,0.816496580927726
909.0,,,,,,,,multimodal_alpha=0.2,8,2.6666666666666665,0.816496580927726
909.0,,,,,,,,multimodal_alpha=0.30000000000000004,8,2.6666666666666665,0.816496580927726
909.0,,,,,,,,multimodal_alpha=0.4,9,2.4,0.66332495807108
909.0,,,,,,,,multimodal_alpha=0.5,9,2.4,0.66332495807108
909.0,,,,,,,,multimodal_alpha=0.6000000000000001,8,2.6666666666666665,0.6666666666666666
909.0,,,,,,,,multimodal_alpha=0.7000000000000001,8,2.6666666666666665,0.6666666666666666
909.0,,,,,,,,multimodal_alpha=0.8,8,2.6666666666666665,0.6666666666666666
909.0,,,,,,,,multimodal_alpha=0.9,8,2.6666666666666665,0.6666666666666666
909.0,,,,,,,,multimodal_alpha=1.0,8,2.6666666666666665,0.6666666666666666
909.0,,,,,,,,norms_associative,12,2.0,1.2909944487358056
909.0,,,,,,,,norms_categorical,12,2.0,1.2909944487358056
909.0,,,,,,,,simdrop,8,2.6666666666666665,0.6666666666666666
912.0,0.4256082899075868,0.1239839893707839,6.122955190794621,0.811941570809628,0.19306666666666664,0.07270781709463342,22.0,delta_rise=0.0_fall=0.0,10,2.2,1.16619037896906
912.0,,,,,,,,delta_rise=0.0_fall=0.25,10,2.2,1.16619037896906
912.0,,,,,,,,delta_rise=0.0_fall=0.5,10,2.2,1.16619037896906
912.0,,,,,,,,delta_rise=0.0_fall=0.75,10,2.2,1.16619037896906
912.0,,,,,,,,delta_rise=0.0_fall=1.0,8,2.75,1.920286436967152
912.0,,,,,,,,delta_rise=0.25_fall=0.0,10,2.2,1.16619037896906
912.0,,,,,,,,delta_rise=0.25_fall=0.25,10,2.2,1.16619037896906
912.0,,,,,,,,delta_rise=0.25_fall=0.5,10,2.2,1.16619037896906
912.0,,,,,,,,delta_rise=0.25_fall=0.75,10,2.2,1.16619037896906
912.0,,,,,,,,delta_rise=0.25_fall=1.0,8,2.75,1.920286436967152
912.0,,,,,,,,delta_rise=0.5_fall=0.0,11,2.0,1.2060453783110545
912.0,,,,,,,,delta_rise=0.5_fall=0.25,11,2.0,1.2060453783110545
912.0,,,,,,,,delta_rise=0.5_fall=0.5,11,2.0,1.2060453783110545
912.0,,,,,,,,delta_rise=0.5_fall=0.75,11,2.0,1.2060453783110545
912.0,,,,,,,,delta_rise=0.5_fall=1.0,11,2.0,1.2060453783110545
912.0,,,,,,,,delta_rise=0.75_fall=0.0,11,2.0,1.2060453783110545
912.0,,,,,,,,delta_rise=0.75_fall=0.25,11,2.0,1.2060453783110545
912.0,,,,,,,,delta_rise=0.75_fall=0.5,11,2.0,1.2060453783110545
912.0,,,,,,,,delta_rise=0.75_fall=0.75,11,2.0,1.2060453783110545
912.0,,,,,,,,delta_rise=0.75_fall=1.0,11,2.0,1.2060453783110545
912.0,,,,,,,,delta_rise=1.0_fall=0.0,13,1.6923076923076923,0.9910845174403942
912.0,,,,,,,,delta_rise=1.0_fall=0.25,13,1.6923076923076923,0.9910845174403942
912.0,,,,,,,,delta_rise=1.0_fall=0.5,13,1.6923076923076923,0.9910845174403942
912.0,,,,,,,,delta_rise=1.0_fall=0.75,13,1.6923076923076923,0.9910845174403942
912.0,,,,,,,,delta_rise=1.0_fall=1.0,13,1.6923076923076923,0.9910845174403942
912.0,,,,,,,,multimodal_alpha=0.0,2,7.333333333333333,3.39934634239519
912.0,,,,,,,,multimodal_alpha=0.1,5,3.6666666666666665,0.4714045207910317
912.0,,,,,,,,multimodal_alpha=0.2,5,3.6666666666666665,0.4714045207910317
912.0,,,,,,,,multimodal_alpha=0.30000000000000004,4,4.4,1.3564659966250536
912.0,,,,,,,,multimodal_alpha=0.4,5,3.6666666666666665,0.4714045207910317
912.0,,,,,,,,multimodal_alpha=0.5,5,3.6666666666666665,0.4714045207910317
912.0,,,,,,,,multimodal_alpha=0.6000000000000001,5,3.6666666666666665,0.4714045207910317
912.0,,,,,,,,multimodal_alpha=0.7000000000000001,5,3.6666666666666665,0.4714045207910317
912.0,,,,,,,,multimodal_alpha=0.8,5,3.6666666666666665,0.4714045207910317
912.0,,,,,,,,multimodal_alpha=0.9,5,3.6666666666666665,0.4714045207910317
912.0,,,,,,,,multimodal_alpha=1.0,5,3.6666666666666665,0.4714045207910317
912.0,,,,,,,,norms_associative,8,2.4444444444444446,1.4989708403591155
912.0,,,,,,,,norms_categorical,10,2.2,1.1661903789690602
912.0,,,,,,,,simdrop,5,3.6666666666666665,0.4714045207910317
