"Subject","Fluency_Item","Semantic_Similarity","Frequency_Value","Phonological_Similarity","version"
801,"bird",1e-04,4.63,1e-04,"V1"
801,"cat",0.501603786706676,4.78,1e-04,"V1"
801,"dog",0.623758677641872,5.1,1e-04,"V1"
801,"horse",0.595630247229983,4.76,0.25,"V1"
801,"duck",0.417530514885415,4.21,1e-04,"V1"
801,"butterfly",0.317871852848133,3.93,0.1429,"V1"
801,"squirrel",0.270423280121497,3.69,0.1429,"V1"
801,"monkey",0.352894028994808,4.07,1e-04,"V1"
801,"ant",0.328313999559981,3.86,1e-04,"V1"
801,"anteater",0.601153068744368,2.28,0.5,"V1"
801,"beetle",0.393490711798349,3.53,0.1667,"V1"
801,"pig",0.323359447455418,4.14,1e-04,"V1"
801,"cow",0.507062208055918,4.14,1e-04,"V1"
801,"chicken",0.48357918800001,4.63,0.2,"V1"
801,"hen",0.631252989736692,3.56,0.2,"V1"
801,"bull",0.346425919194418,4.34,1e-04,"V1"
801,"frog",0.369326327339403,3.89,1e-04,"V1"
802,"leopard",1e-04,3.59,1e-04,"V1"
802,"jaguar",0.494597432855949,3.51,1e-04,"V1"
802,"ocelot",0.43838318220437,2.34,0.1667,"V1"
802,"pigeon",0.239327549216908,3.61,1e-04,"V1"
802,"dove",0.425423031426313,3.67,1e-04,"V1"
802,"dog",0.266383451639881,5.1,0.3333,"V1"
802,"cat",0.623758677641872,4.78,1e-04,"V1"
802,"lizard",0.36401934442504,3.63,1e-04,"V1"
802,"chicken",0.3812791384685,4.63,0.2,"V1"
802,"jungle fowl",0.443600709844578,2.97,0.1111,"V1"
802,"pelican",0.359458726423758,3.07,0.1111,"V1"
802,"seagull",0.540837643299267,3.02,1e-04,"V1"
802,"fish",0.422094390461748,4.9,1e-04,"V1"
803,"dog",1e-04,5.1,1e-04,"V1"
803,"cat",0.623758677641872,4.78,1e-04,"V1"
803,"gerbil",0.384561814679085,2.44,1e-04,"V1"
803,"ferret",0.506379893517462,3.01,1e-04,"V1"
803,"guinea pig",0.563364400269093,3.8,1e-04,"V1"
803,"fish",0.338748210528525,4.9,0.1,"V1"
803,"salmon",0.598499815615524,4.01,1e-04,"V1"
803,"bass",0.362284817597758,4.28,0.2,"V1"
803,"walleye",0.445979168478114,2.56,1e-04,"V1"
803,"bluegill",0.745852409769476,2.16,1e-04,"V1"
803,"mouse",0.287103692764752,4.31,1e-04,"V1"
803,"rat",0.604693003387871,4.17,1e-04,"V1"
803,"hamster",0.522937064706868,3.31,0.3333,"V1"
803,"crocodile",0.369722029476018,3.49,1e-04,"V1"
803,"alligator",0.767597315718391,3.32,1e-04,"V1"
803,"caiman",0.536044344237727,2.21,1e-04,"V1"
803,"bat",0.327196302385999,4.3,0.2,"V1"
803,"squirrel",0.407986083818212,3.69,1e-04,"V1"
803,"chipmunk",0.626327545622425,2.74,1e-04,"V1"
803,"rabbit",0.406644762194685,4.05,1e-04,"V1"
803,"goldfish",0.426829633478468,3.28,1e-04,"V1"
804,"dog",1e-04,5.1,1e-04,"V1"
804,"cat",0.623758677641872,4.78,1e-04,"V1"
804,"bird",0.501603786706676,4.63,1e-04,"V1"
804,"manta ray",0.274413195407537,2.81,1e-04,"V1"
804,"stingray",0.661090449298525,2.93,0.2857,"V1"
804,"tiger",0.357793140055651,4.3,0.1667,"V1"
804,"lion",0.528759043418185,4.25,0.25,"V1"
804,"zebra",0.4470930196331,3.4,1e-04,"V1"
804,"hippo",0.443146243456614,3.13,1e-04,"V1"
804,"giraffe",0.512419551841061,3.32,1e-04,"V1"
804,"whale",0.357970813795983,3.98,1e-04,"V1"
804,"dolphin",0.460046398175249,3.67,0.1667,"V1"
804,"kiwi",0.218062991826414,3.33,1e-04,"V1"
804,"elephant",0.322663686608298,4.08,1e-04,"V1"
804,"dodo",0.369827754889141,2.88,1e-04,"V1"
804,"robin",0.337129984708505,4.33,1e-04,"V1"
804,"sparrow",0.46144957717564,3.48,1e-04,"V1"
804,"pigeon",0.458977928129325,3.61,1e-04,"V1"
804,"mouse",0.349468707327024,4.31,1e-04,"V1"
804,"dinosaur",0.235419614615031,3.77,0.1429,"V1"
804,"fish",0.313372103184531,4.9,1e-04,"V1"
804,"bluegill",0.439065367905932,2.16,0.1667,"V1"
804,"shark",0.370179000097694,4.1,1e-04,"V1"
804,"hammerhead shark",0.837943012878003,2.66,0.25,"V1"
805,"dog",1e-04,5.1,1e-04,"V1"
805,"cat",0.623758677641872,4.78,1e-04,"V1"
805,"lizard",0.36401934442504,3.63,1e-04,"V1"
805,"goat",0.337985845796497,4.02,1e-04,"V1"
805,"lion",0.32645646094016,4.25,1e-04,"V1"
805,"tiger",0.528759043418185,4.3,0.25,"V1"
805,"bear",0.450644642430337,4.71,1e-04,"V1"
805,"fish",0.337210521590318,4.9,1e-04,"V1"
805,"cheetah",0.317319329861589,3.2,1e-04,"V1"
805,"ape",0.398985631973062,3.48,1e-04,"V1"
805,"pig",0.38783945117485,4.14,1e-04,"V1"
805,"cow",0.507062208055918,4.14,1e-04,"V1"
805,"raccoon",0.255956066082301,3.27,0.2,"V1"
805,"owl",0.45958374845007,3.87,1e-04,"V1"
805,"ram",0.196480200119178,4.19,1e-04,"V1"
805,"koala",0.20608538989011,3.04,1e-04,"V1"
805,"snake",0.339672056528032,4.23,1e-04,"V1"
806,"kangaroo",1e-04,3.5,1e-04,"V1"
806,"octopus",0.399206706127854,3.46,0.1429,"V1"
806,"dog",0.27440154698538,5.1,1e-04,"V1"
806,"cat",0.623758677641872,4.78,1e-04,"V1"
806,"bird",0.501603786706676,4.63,1e-04,"V1"
806,"penguin",0.517112577948964,3.78,1e-04,"V1"
806,"flamingo",0.475919890760167,3.06,1e-04,"V1"
806,"emu",0.388079531156507,3.05,0.125,"V1"
806,"koala",0.438374167512745,3.04,1e-04,"V1"
806,"polar bear",0.466774940267507,3.89,1e-04,"V1"
806,"rat",0.214027203222876,4.17,1e-04,"V1"
806,"grizzly bear",0.258971878344624,3.26,0.1111,"V1"
806,"moose",0.42698800490503,3.61,1e-04,"V1"
806,"clownfish",0.263717692458064,2.18,1e-04,"V1"
806,"pufferfish",0.633232390460393,1.98,0.4286,"V1"
806,"coyote",0.255958107072628,3.36,1e-04,"V1"
806,"mountain lion",0.430840874675135,4.13,0.0909,"V1"
806,"raccoon",0.346568669928744,3.27,0.0909,"V1"
806,"possum",0.661859434793495,2.94,1e-04,"V1"
806,"deer",0.476818418255198,4.12,1e-04,"V1"
806,"snake",0.373203659344938,4.23,1e-04,"V1"
806,"copperhead",0.603609518475032,2.28,1e-04,"V1"
807,"ape",1e-04,3.48,1e-04,"V1"
807,"monkey",0.673480802480308,4.07,1e-04,"V1"
807,"orangutan",0.56731420164965,2.8,0.125,"V1"
807,"salamander",0.340522672859947,2.76,0.1111,"V1"
807,"lizard",0.592841373894223,3.63,0.2222,"V1"
807,"dog",0.37733031126588,5.1,1e-04,"V1"
807,"cat",0.623758677641872,4.78,1e-04,"V1"
807,"hamster",0.477347031311933,3.31,0.3333,"V1"
807,"ferret",0.495565419103327,3.01,0.1667,"V1"
807,"sun bear",0.284279778539321,4.52,1e-04,"V1"
807,"gerbil",0.183138757260073,2.44,0.1667,"V1"
807,"sheep",0.266616438903018,4.19,0.1667,"V1"
807,"fox",0.322386849463841,4.66,1e-04,"V1"
807,"raccoon",0.331572070474371,3.27,0.2,"V1"
807,"opossum",0.633585573004371,2.47,1e-04,"V1"
807,"goose",0.337844754039967,3.84,0.1667,"V1"
807,"raven",0.280094081405315,3.79,1e-04,"V1"
807,"horse",0.310941264369158,4.76,1e-04,"V1"
807,"dog",0.595630247229983,5.1,0.25,"V1"
807,"cow",0.457685090643497,4.14,1e-04,"V1"
807,"goat",0.446295293272546,4.02,1e-04,"V1"
807,"polar bear",0.294836394420895,3.89,0.1429,"V1"
807,"grizzly bear",0.692172879632678,3.26,0.4444,"V1"
807,"gorilla",0.536865629655607,3.62,0.3333,"V1"
807,"leopard",0.375249840281373,3.59,1e-04,"V1"
807,"antelope",0.420310136689524,3.08,1e-04,"V1"
807,"crocodile",0.329472393969358,3.49,0.125,"V1"
808,"dog",1e-04,5.1,1e-04,"V1"
808,"cat",0.623758677641872,4.78,1e-04,"V1"
808,"pig",0.47400176222462,4.14,1e-04,"V1"
808,"sheep",0.434600000591677,4.19,1e-04,"V1"
808,"llama",0.407234712806363,2.95,1e-04,"V1"
808,"maned wolf",0.326767616037768,1.94,1e-04,"V1"
808,"wolf",0.871996902666937,4.35,0.5,"V1"
808,"coyote",0.548945145770142,3.36,1e-04,"V1"
808,"whale",0.248665967060332,3.98,1e-04,"V1"
808,"ostrich",0.394453076362007,3.05,1e-04,"V1"
808,"giraffe",0.533845752895273,3.32,1e-04,"V1"
808,"hippo",0.512419551841061,3.13,1e-04,"V1"
808,"lion",0.395730520279454,4.25,1e-04,"V1"
808,"tiger",0.528759043418185,4.3,0.25,"V1"
808,"bear",0.450644642430337,4.71,1e-04,"V1"
808,"panda",0.438855559606154,3.65,1e-04,"V1"
808,"fox",0.313859331601797,4.66,1e-04,"V1"
808,"turtle",0.306939125718485,3.91,1e-04,"V1"
808,"squid",0.342727469016696,3.44,1e-04,"V1"
808,"alligator",0.395260392321737,3.32,1e-04,"V1"
808,"fish",0.411213018012003,4.9,1e-04,"V1"
808,"pufferfish",0.631826389234847,1.98,0.4286,"V1"
808,"shark",0.508221830440913,4.1,1e-04,"V1"
808,"whale shark",0.761879619241736,3.73,0.5714,"V1"
808,"piranha",0.407683818755561,2.75,1e-04,"V1"
809,"dog",1e-04,5.1,1e-04,"V1"
809,"cat",0.623758677641872,4.78,1e-04,"V1"
809,"hamster",0.477347031311933,3.31,0.3333,"V1"
809,"gerbil",0.62253266752953,2.44,1e-04,"V1"
809,"snake",0.450148529575073,4.23,1e-04,"V1"
809,"lizard",0.46892304766632,3.63,1e-04,"V1"
809,"frog",0.48427123190069,3.89,1e-04,"V1"
809,"tarantula",0.43471664354545,2.72,0.1111,"V1"
809,"ant",0.340244776241426,3.86,0.2222,"V1"
809,"elephant",0.475952128076119,4.08,0.2857,"V1"
809,"giraffe",0.531728751219335,3.32,0.1429,"V1"
809,"lion",0.409562351292193,4.25,1e-04,"V1"
809,"tiger",0.528759043418185,4.3,0.25,"V1"
809,"blue whale",0.39488542323306,3.95,1e-04,"V1"
809,"shark",0.43329434702999,4.1,1e-04,"V1"
809,"fish",0.534300849683236,4.9,1e-04,"V1"
809,"dolphin",0.431172704094306,3.67,0.1667,"V1"
809,"stingray",0.332193284535177,2.93,1e-04,"V1"
809,"anteater",0.250118863803434,2.28,1e-04,"V1"
809,"bird",0.377357419584347,4.63,1e-04,"V1"
809,"seagull",0.559538893742013,3.02,1e-04,"V1"
809,"butterfly",0.341201677319162,3.93,0.1429,"V1"
810,"dog",1e-04,5.1,1e-04,"V1"
810,"cat",0.623758677641872,4.78,1e-04,"V1"
810,"horse",0.541054220222016,4.76,1e-04,"V1"
810,"deer",0.480233402681603,4.12,0.25,"V1"
810,"alligator",0.377773993526293,3.32,1e-04,"V1"
810,"mouse",0.372630048063199,4.31,1e-04,"V1"
810,"lion",0.34852978356493,4.25,1e-04,"V1"
810,"tiger",0.528759043418185,4.3,0.25,"V1"
811,"pigeon",1e-04,3.61,1e-04,"V1"
811,"sparrow",0.458977928129325,3.48,1e-04,"V1"
811,"chicken",0.285087323496093,4.63,1e-04,"V1"
811,"crow",0.375020368848092,3.8,0.2,"V1"
811,"dolphin",0.301430219000072,3.67,1e-04,"V1"
811,"pig",0.329797484279819,4.14,1e-04,"V1"
811,"cow",0.507062208055918,4.14,1e-04,"V1"
811,"donkey",0.479888166597523,3.62,0.2,"V1"
811,"horse",0.511983336019596,4.76,1e-04,"V1"
811,"monkey",0.442898347369728,4.07,1e-04,"V1"
811,"orangutan",0.56731420164965,2.8,0.125,"V1"
811,"chimpanzee",0.745190027690522,2.96,1e-04,"V1"
811,"lion",0.411887023829813,4.25,0.125,"V1"
811,"zebra",0.4470930196331,3.4,1e-04,"V1"
811,"gazelle",0.452160159566263,2.87,1e-04,"V1"
812,"cat",1e-04,4.78,1e-04,"V1"
812,"dog",0.623758677641872,5.1,1e-04,"V1"
812,"snake",0.45324920609449,4.23,1e-04,"V1"
812,"corn snake",0.695294898118296,3.91,0.2,"V1"
812,"boa",0.415596537104145,3.18,1e-04,"V1"
812,"anaconda",0.465534487927476,2.97,0.125,"V1"
812,"human",0.2104191334062,5.35,0.125,"V1"
812,"manatee",0.241269563286083,2.74,1e-04,"V1"
812,"sperm whale",0.486144990977509,3.6,1e-04,"V1"
812,"blue whale",0.615355610174859,3.95,0.4286,"V1"
812,"killer whale",0.709050024443087,3.86,0.5714,"V1"
812,"frog",0.365129561332222,3.89,1e-04,"V1"
812,"treefrog",0.464065543839367,1.21,0.5714,"V1"
812,"toad",0.457013045479357,3.34,0.1429,"V1"
812,"horned toad",0.817963494014882,2.86,0.3333,"V1"
812,"salamander",0.509697224754379,2.76,1e-04,"V1"
812,"crawdad",0.455741094824651,1.6,0.2222,"V1"
812,"clownfish",0.433099512598507,2.18,0.1429,"V1"
812,"guppy",0.343654156026757,2.49,1e-04,"V1"
812,"goldfish",0.524097963286226,3.28,0.1429,"V1"
812,"parrot",0.36133378119183,3.49,1e-04,"V1"
812,"anaconda",0.259007306313252,2.97,1e-04,"V1"
812,"coral",0.222724206556638,3.86,0.125,"V1"
812,"rabbit",0.248783841639129,4.05,0.2,"V1"
812,"deer",0.464478057516995,4.12,1e-04,"V1"
813,"dog",1e-04,5.1,1e-04,"V1"
813,"gopher",0.267476331064136,2.87,1e-04,"V1"
813,"cat",0.25352750155563,4.78,1e-04,"V1"
813,"lion",0.44665982069985,4.25,1e-04,"V1"
813,"tiger",0.528759043418185,4.3,0.25,"V1"
813,"platypus",0.308782447129563,2.69,0.125,"V1"
813,"walrus",0.493241079069359,2.98,0.25,"V1"
813,"dolphin",0.405763524477674,3.67,0.3333,"V1"
813,"parrot",0.31398154752378,3.49,0.1667,"V1"
813,"parakeet",0.656313092322055,2.48,0.7143,"V1"
813,"spider",0.289388272549011,4.25,1e-04,"V1"
813,"lion",0.317655141254801,4.25,0.2,"V1"
813,"fish",0.321630828524693,4.9,1e-04,"V1"
813,"snake",0.45576735846472,4.23,1e-04,"V1"
813,"stingray",0.341564602406905,2.93,0.1667,"V1"
813,"mantis",0.298577531897414,3.11,1e-04,"V1"
813,"butterfly",0.314460046118032,3.93,1e-04,"V1"
813,"ant",0.323911253828081,3.86,0.1429,"V1"
813,"fire ant",0.707451373153814,3.84,0.5,"V1"
814,"cat",1e-04,4.78,1e-04,"V1"
814,"dog",0.623758677641872,5.1,1e-04,"V1"
814,"snake",0.45324920609449,4.23,1e-04,"V1"
814,"lizard",0.46892304766632,3.63,1e-04,"V1"
814,"ostrich",0.359956614307254,3.05,1e-04,"V1"
814,"goldfish",0.238369221765122,3.28,1e-04,"V1"
814,"koi fish",0.59520013340934,3.06,0.4286,"V1"
814,"lion",0.277145874221646,4.25,1e-04,"V1"
814,"tiger",0.528759043418185,4.3,0.25,"V1"
814,"bear",0.450644642430337,4.71,1e-04,"V1"
814,"panda",0.438855559606154,3.65,1e-04,"V1"
814,"polar bear",0.421628447994598,3.89,0.1429,"V1"
814,"grizzly bear",0.692172879632678,3.26,0.4444,"V1"
814,"jellyfish",0.308728346436609,3.25,0.2222,"V1"
814,"sunfish",0.34673553386392,2.35,0.4286,"V1"
814,"bluegill",0.755220966495651,2.16,1e-04,"V1"
814,"kangaroo",0.239723638285131,3.5,0.1667,"V1"
814,"flamingo",0.345878098145655,3.06,0.125,"V1"
814,"penguin",0.475919890760167,3.78,1e-04,"V1"
814,"squirrel",0.334094693558052,3.69,0.1429,"V1"
814,"chipmunk",0.626327545622425,2.74,1e-04,"V1"
814,"bluebird",0.285389779689978,2.91,1e-04,"V1"
814,"robin",0.479660870655045,4.33,0.1667,"V1"
815,"dog",1e-04,5.1,1e-04,"V1"
815,"cat",0.623758677641872,4.78,1e-04,"V1"
815,"squirrel",0.403456369896554,3.69,0.1667,"V1"
815,"ferret",0.422925669058187,3.01,0.1667,"V1"
815,"tiger",0.308822163927212,4.3,1e-04,"V1"
815,"lion",0.528759043418185,4.25,0.25,"V1"
815,"zebra",0.4470930196331,3.4,1e-04,"V1"
815,"giraffe",0.452872463332715,3.32,1e-04,"V1"
815,"rhino",0.469787727749034,3.57,1e-04,"V1"
815,"crocodile",0.267814963737589,3.49,0.125,"V1"
815,"hamster",0.369722029476018,3.31,1e-04,"V1"
815,"rat",0.522937064706868,4.17,0.3333,"V1"
815,"flamingo",0.283961454059116,3.06,1e-04,"V1"
815,"deer",0.222283533678871,4.12,0.125,"V1"
815,"bull",0.305905121679378,4.34,1e-04,"V1"
815,"bird",0.329992757759425,4.63,0.3333,"V1"
815,"squirrel",0.461480744795949,3.69,0.1667,"V1"
815,"raccoon",0.458479157755561,3.27,1e-04,"V1"
815,"monkey",0.361079321366256,4.07,1e-04,"V1"
815,"gorilla",0.54295988121111,3.62,1e-04,"V1"
815,"gerbil",0.388672379021198,2.44,0.1667,"V1"
816,"cat",1e-04,4.78,1e-04,"V1"
816,"dog",0.623758677641872,5.1,1e-04,"V1"
816,"skunk",0.322095723448413,3.1,1e-04,"V1"
816,"horse",0.39964830157566,4.76,1e-04,"V1"
816,"cow",0.553718551252932,4.14,1e-04,"V1"
816,"bird",0.384971078408363,4.63,1e-04,"V1"
816,"toucan",0.473108237330005,2.36,1e-04,"V1"
816,"parakeet",0.500280712162401,2.48,0.1429,"V1"
816,"penguin",0.43713213979072,3.78,0.2857,"V1"
816,"seal",0.384170708329009,4.3,1e-04,"V1"
816,"polar bear",0.422409667021072,3.89,0.1429,"V1"
816,"stork",0.140926489025563,2.88,1e-04,"V1"
816,"albatross",0.352811990016885,2.9,0.125,"V1"
816,"whale",0.34022399487723,3.98,1e-04,"V1"
816,"killer whale",0.81468553412921,3.86,0.4286,"V1"
816,"narwhal",0.510922279608349,2.28,0.1429,"V1"
816,"sea lion",0.456620125506934,4.19,0.0714,"V1"
816,"lion",0.776113793566895,4.25,0.6667,"V1"
816,"tiger",0.528759043418185,4.3,0.25,"V1"
816,"gorilla",0.356429781381681,3.62,1e-04,"V1"
816,"monkey",0.54295988121111,4.07,1e-04,"V1"
816,"ape",0.673480802480308,3.48,1e-04,"V1"
816,"pelican",0.339815503147579,3.07,1e-04,"V1"
816,"flamingo",0.479801670487799,3.06,0.125,"V1"
818,"dolphin",1e-04,3.67,1e-04,"V1"
818,"alligator",0.417044784125301,3.32,1e-04,"V1"
818,"shark",0.447321413340977,4.1,1e-04,"V1"
818,"scorpion",0.371740597599319,3.37,0.125,"V1"
818,"fish",0.282875095249431,4.9,1e-04,"V1"
818,"lion",0.321630828524693,4.25,1e-04,"V1"
818,"ram",0.278908210177842,4.19,1e-04,"V1"
818,"goat",0.29077743123858,4.02,1e-04,"V1"
818,"raven",0.202784400578918,3.79,1e-04,"V1"
818,"weasel",0.303834682725465,3.19,0.2,"V1"
818,"beaver",0.533411553623283,3.61,0.2,"V1"
818,"snake",0.355888629699518,4.23,1e-04,"V1"
818,"snow goose",0.258177150082385,3.78,0.3333,"V1"
818,"ant",0.231577388610875,3.86,0.1667,"V1"
818,"beetle",0.389718137167658,3.53,0.2,"V1"
818,"wasp",0.491383406019088,3.35,1e-04,"V1"
818,"fly",0.347998647676408,4.75,1e-04,"V1"
818,"dragonfly",0.488741864585173,3.03,0.3,"V1"
818,"lightning bug",0.437011833845259,3.91,1e-04,"V1"
818,"whale",0.247452448191922,3.98,1e-04,"V1"
819,"dog",1e-04,5.1,1e-04,"V1"
819,"pig",0.451739266399012,4.14,0.3333,"V1"
819,"cow",0.507062208055918,4.14,1e-04,"V1"
819,"horse",0.553718551252932,4.76,1e-04,"V1"
819,"sheep",0.491804495180878,4.19,1e-04,"V1"
819,"bird",0.271943846605018,4.63,1e-04,"V1"
819,"shark",0.362634680380138,4.1,1e-04,"V1"
819,"fish",0.534300849683236,4.9,1e-04,"V1"
819,"bear",0.337210521590318,4.71,1e-04,"V1"
819,"lion",0.49098996266998,4.25,1e-04,"V1"
819,"tiger",0.528759043418185,4.3,0.25,"V1"
819,"canary",0.247125254206323,3.44,1e-04,"V1"
819,"ant",0.38906639459464,3.86,0.1667,"V1"
819,"ladybug",0.363867520896045,2.67,1e-04,"V1"
819,"fish",0.183557785281136,4.9,1e-04,"V1"
819,"cat",0.461063375426715,4.78,1e-04,"V1"
819,"eagle",0.339049749096745,4.13,1e-04,"V1"
819,"falcon",0.533169153245033,3.74,0.1667,"V1"
820,"pig",1e-04,4.14,1e-04,"V1"
820,"horse",0.466828901895037,4.76,1e-04,"V1"
820,"cow",0.553718551252932,4.14,1e-04,"V1"
820,"bird",0.384971078408363,4.63,1e-04,"V1"
820,"sheep",0.271943846605018,4.19,1e-04,"V1"
820,"lamb",0.620855294493616,4.02,1e-04,"V1"
820,"fish",0.394078162263378,4.9,1e-04,"V1"
820,"dog",0.508236488035705,5.1,1e-04,"V1"
820,"cat",0.623758677641872,4.78,1e-04,"V1"
820,"monkey",0.483239564089557,4.07,1e-04,"V1"
820,"bear",0.390733314965286,4.71,1e-04,"V1"
820,"tiger",0.450644642430337,4.3,1e-04,"V1"
820,"jaguar",0.458728610690937,3.51,0.1667,"V1"
820,"leopard",0.494597432855949,3.59,1e-04,"V1"
820,"lion",0.566663962063526,4.25,0.2,"V1"
820,"hippo",0.395730520279454,3.13,1e-04,"V1"
820,"hyena",0.479707301867345,2.8,0.2,"V1"
820,"snake",0.276745493486938,4.23,1e-04,"V1"
820,"bird",0.393693254646463,4.63,1e-04,"V1"
820,"ostrich",0.53815864134294,3.05,1e-04,"V1"
820,"shrimp",0.260141092282104,3.79,1e-04,"V1"
820,"crab",0.543292464597952,3.76,0.2,"V1"
820,"lobster",0.654657203369525,3.65,1e-04,"V1"
820,"horse",0.260399917113733,4.76,0.1667,"V1"
820,"llama",0.457693281500085,2.95,1e-04,"V1"
820,"alpaca",0.755472830807546,2.8,0.3333,"V1"
820,"camel",0.434340155420938,3.64,0.1667,"V1"
820,"cheetah",0.291482242475847,3.2,0.2,"V1"
820,"lion",0.476277696890677,4.25,1e-04,"V1"
820,"ape",0.302660859550149,3.48,1e-04,"V1"
820,"monkey",0.673480802480308,4.07,1e-04,"V1"
821,"cow",1e-04,4.14,1e-04,"V1"
821,"pig",0.507062208055918,4.14,1e-04,"V1"
821,"dog",0.451739266399012,5.1,0.3333,"V1"
821,"horse",0.595630247229983,4.76,0.25,"V1"
821,"cat",0.541054220222016,4.78,1e-04,"V1"
821,"sheep",0.34141890467952,4.19,1e-04,"V1"
821,"rabbit",0.389861963944596,4.05,1e-04,"V1"
821,"muskrat",0.410501367509787,2.41,0.1429,"V1"
821,"catfish",0.421148541022883,3.35,1e-04,"V1"
821,"goldfish",0.472038179417144,3.28,0.4286,"V1"
821,"bull",0.274919176346222,4.34,0.1429,"V1"
821,"goat",0.358961622338144,4.02,1e-04,"V1"
821,"mouse",0.327360331193019,4.31,1e-04,"V1"
821,"rat",0.604693003387871,4.17,1e-04,"V1"
821,"ant",0.397358055140315,3.86,0.3333,"V1"
821,"cricket",0.282632138552879,4.39,0.1667,"V1"
821,"human",0.222146283092592,5.35,0.1667,"V1"
821,"seagull",0.203633822117823,3.02,1e-04,"V1"
821,"goose",0.387578860333641,3.84,0.2,"V1"
821,"swan",0.618747981657124,3.84,1e-04,"V1"
822,"dog",1e-04,5.1,1e-04,"V1"
822,"cat",0.623758677641872,4.78,1e-04,"V1"
822,"lion",0.44665982069985,4.25,1e-04,"V1"
822,"turtle",0.349703217129646,3.91,0.2,"V1"
822,"fish",0.427867800766355,4.9,1e-04,"V1"
822,"gerbil",0.416948296355284,2.44,0.1667,"V1"
822,"giraffe",0.286114474737135,3.32,0.1667,"V1"
822,"elephant",0.531728751219335,4.08,0.1429,"V1"
822,"rhinoceros",0.58366577311593,2.85,1e-04,"V1"
822,"hippopotamus",0.702665229188666,2.56,0.2727,"V1"
822,"ostrich",0.4937472546431,3.05,0.0909,"V1"
822,"bird",0.53815864134294,4.63,1e-04,"V1"
822,"toucan",0.473108237330005,2.36,1e-04,"V1"
822,"lion",0.286017822758418,4.25,0.1429,"V1"
822,"bear",0.49098996266998,4.71,1e-04,"V1"
822,"tiger",0.450644642430337,4.3,1e-04,"V1"
822,"rat",0.361441156771212,4.17,1e-04,"V1"
822,"whale",0.322065261395896,3.98,1e-04,"V1"
822,"jellyfish",0.408993217616397,3.25,0.1429,"V1"
822,"stingray",0.44589204969118,2.93,1e-04,"V1"
822,"clownfish",0.492862376079461,2.18,1e-04,"V1"
822,"swordfish",0.403788569057132,2.67,0.2857,"V1"
822,"turtle",0.329769601323961,3.91,1e-04,"V1"
822,"snake",0.43352855063167,4.23,1e-04,"V1"
823,"dog",1e-04,5.1,1e-04,"V1"
823,"cat",0.623758677641872,4.78,1e-04,"V1"
823,"hamster",0.477347031311933,3.31,0.3333,"V1"
823,"bunny",0.516407408938903,3.88,1e-04,"V1"
823,"lizard",0.36669931296842,3.63,1e-04,"V1"
823,"snake",0.46892304766632,4.23,1e-04,"V1"
823,"turtle",0.43352855063167,3.91,1e-04,"V1"
823,"kangaroo",0.31221433393015,3.5,1e-04,"V1"
823,"zebra",0.385207051030521,3.4,1e-04,"V1"
823,"tiger",0.361305832325497,4.3,1e-04,"V1"
823,"lion",0.528759043418185,4.25,0.25,"V1"
823,"gazelle",0.325494419224155,2.87,1e-04,"V1"
823,"reindeer",0.266166319009069,3.32,1e-04,"V1"
823,"doe",0.277623333746506,3.84,0.1667,"V1"
823,"skunk",0.217330416946297,3.1,1e-04,"V1"
823,"snail",0.355908774320445,3.67,0.2,"V1"
823,"butterfly",0.347026100223334,3.93,0.1429,"V1"
823,"worm",0.366169809405523,3.77,1e-04,"V1"
823,"blue jay",0.236650477951268,4.31,1e-04,"V1"
823,"bird",0.440057679532809,4.63,0.2,"V1"
823,"swan",0.433534978519111,3.84,1e-04,"V1"
823,"canary",0.276535948701712,3.44,1e-04,"V1"
823,"cardinal",0.39074379197847,3.9,0.25,"V1"
823,"parakeet",0.332191258964276,2.48,0.25,"V1"
824,"dog",1e-04,5.1,1e-04,"V1"
824,"bear",0.466363296707127,4.71,1e-04,"V1"
824,"cat",0.44500661869508,4.78,1e-04,"V1"
824,"lion",0.44665982069985,4.25,1e-04,"V1"
824,"cheetah",0.476277696890677,3.2,1e-04,"V1"
824,"tiger",0.471096583632851,4.3,1e-04,"V1"
824,"penguin",0.429399110188926,3.78,0.1429,"V1"
824,"zebra",0.404905811108865,3.4,0.1429,"V1"
824,"gorilla",0.424956827639304,3.62,0.2,"V1"
824,"alligator",0.368369531276915,3.32,1e-04,"V1"
824,"crocodile",0.767597315718391,3.49,1e-04,"V1"
824,"koala",0.473793748751888,3.04,0.375,"V1"
824,"lizard",0.419136639487169,3.63,1e-04,"V1"
824,"iguana",0.674275764933406,2.74,1e-04,"V1"
824,"fish",0.339788940499516,4.9,1e-04,"V1"
824,"jellyfish",0.401215094266853,3.25,0.2857,"V1"
824,"shark",0.409842687007093,4.1,1e-04,"V1"
824,"whale",0.478332747466783,3.98,1e-04,"V1"
824,"dog",0.368347100094964,5.1,1e-04,"V1"
825,"dog",1e-04,5.1,1e-04,"V1"
825,"cat",0.623758677641872,4.78,1e-04,"V1"
825,"mouse",0.570587937267601,4.31,1e-04,"V1"
825,"rat",0.604693003387871,4.17,1e-04,"V1"
825,"muskrat",0.606801933858405,2.41,0.2857,"V1"
825,"frog",0.371477193670226,3.89,0.1429,"V1"
825,"fish",0.419826749682539,4.9,0.25,"V1"
825,"giraffe",0.32246638590061,3.32,1e-04,"V1"
825,"horse",0.394084557476188,4.76,1e-04,"V1"
825,"elephant",0.476742986208136,4.08,1e-04,"V1"
825,"zebra",0.398645443334533,3.4,0.1429,"V1"
825,"leopard",0.554449968317689,3.59,1e-04,"V1"
825,"cheetah",0.69012269077637,3.2,1e-04,"V1"
825,"tiger",0.471096583632851,4.3,1e-04,"V1"
825,"eagle",0.394250207681081,4.13,1e-04,"V1"
825,"cockatoo",0.346633126318358,2.52,0.1667,"V1"
825,"dog",0.380659979551048,5.1,1e-04,"V1"
825,"cat",0.623758677641872,4.78,1e-04,"V1"
825,"ferret",0.400406196329811,3.01,0.2,"V1"
825,"goldfish",0.342571144317475,3.28,1e-04,"V1"
825,"bass",0.360681186693394,4.28,1e-04,"V1"
825,"crappie",0.510495756437592,2.32,0.2,"V1"
825,"tapir",0.369218133488149,2.29,0.1667,"V1"
825,"elephant",0.44053351159774,4.08,1e-04,"V1"
825,"crocodile",0.453596556692586,3.49,0.125,"V1"
826,"snail",1e-04,3.67,1e-04,"V1"
826,"eagle",0.194301048709099,4.13,0.25,"V1"
826,"canary",0.286159746728079,3.44,1e-04,"V1"
826,"crow",0.345527348332362,3.8,0.3333,"V1"
826,"bird",0.512525624131713,4.63,1e-04,"V1"
826,"dog",0.489854003832671,5.1,1e-04,"V1"
826,"cat",0.623758677641872,4.78,1e-04,"V1"
826,"mouse",0.570587937267601,4.31,1e-04,"V1"
826,"lizard",0.343965777042339,3.63,1e-04,"V1"
826,"frog",0.48427123190069,3.89,1e-04,"V1"
826,"slug",0.480999845017632,3.31,0.25,"V1"
826,"crane",0.236511706070599,3.92,1e-04,"V1"
826,"flamingo",0.365833728058293,3.06,1e-04,"V1"
826,"egret",0.483265643713914,2.32,1e-04,"V1"
826,"snake",0.263559834837717,4.23,1e-04,"V1"
826,"hippopotamus",0.353326414028926,2.56,1e-04,"V1"
826,"giraffe",0.59208231688589,3.32,1e-04,"V1"
826,"lion",0.409562351292193,4.25,1e-04,"V1"
827,"dog",1e-04,5.1,1e-04,"V1"
827,"cat",0.623758677641872,4.78,1e-04,"V1"
827,"bird",0.501603786706676,4.63,1e-04,"V1"
827,"elephant",0.385424856732111,4.08,1e-04,"V1"
827,"giraffe",0.531728751219335,3.32,0.1429,"V1"
827,"gorilla",0.387173713001127,3.62,0.2,"V1"
827,"monkey",0.54295988121111,4.07,1e-04,"V1"
827,"ostrich",0.295757565678683,3.05,1e-04,"V1"
827,"armadillo",0.456937042722614,2.7,1e-04,"V1"
827,"pangolin",0.579001404265734,2.36,1e-04,"V1"
827,"lion",0.361278242602219,4.25,0.1429,"V1"
827,"puma",0.508371621847942,3.22,1e-04,"V1"
827,"cheetah",0.556979139154695,3.2,0.25,"V1"
827,"octopus",0.328339711435784,3.46,0.2857,"V1"
827,"tiger",0.324045372136847,4.3,0.1429,"V1"
827,"eagle",0.394250207681081,4.13,1e-04,"V1"
827,"hawk",0.56949658413453,3.81,1e-04,"V1"
827,"horse",0.354840930465305,4.76,0.5,"V1"
827,"zebra",0.419710860823885,3.4,0.2,"V1"
827,"baboon",0.478697390220159,2.73,0.2,"V1"
827,"hyena",0.568643743851722,2.8,1e-04,"V1"
828,"gorilla",1e-04,3.62,1e-04,"V1"
828,"monkey",0.54295988121111,4.07,1e-04,"V1"
828,"salamander",0.357887478447355,2.76,0.1111,"V1"
828,"horse",0.331252440699423,4.76,1e-04,"V1"
828,"pig",0.466828901895037,4.14,1e-04,"V1"
828,"cow",0.507062208055918,4.14,1e-04,"V1"
828,"chicken",0.48357918800001,4.63,0.2,"V1"
828,"goat",0.376889650573733,4.02,1e-04,"V1"
828,"donkey",0.442591494695478,3.62,1e-04,"V1"
828,"bird",0.401620962923069,4.63,1e-04,"V1"
828,"snake",0.393693254646463,4.23,1e-04,"V1"
828,"rat",0.522901696803314,4.17,1e-04,"V1"
828,"mouse",0.604693003387871,4.31,1e-04,"V1"
828,"mole",0.35698691877222,3.67,0.3333,"V1"
828,"dog",0.305749811686766,5.1,1e-04,"V1"
828,"cat",0.623758677641872,4.78,1e-04,"V1"
828,"hamster",0.477347031311933,3.31,0.3333,"V1"
828,"guinea pig",0.616514374846831,3.8,1e-04,"V1"
828,"spider",0.312955101201943,4.25,0.2,"V1"
828,"fly",0.405100306145076,4.75,0.2,"V1"
828,"bee",0.333031404592489,4.09,1e-04,"V1"
828,"wasp",0.55973862999507,3.35,1e-04,"V1"
828,"centipede",0.365146722506475,2.79,0.125,"V1"
828,"bat",0.276143304750399,4.3,0.125,"V1"
829,"dog",1e-04,5.1,1e-04,"V1"
829,"cat",0.623758677641872,4.78,1e-04,"V1"
829,"rabbit",0.513849601432203,4.05,0.4,"V1"
829,"gerbil",0.476385292855738,2.44,0.1667,"V1"
829,"mouse",0.469224461579888,4.31,1e-04,"V1"
829,"chinchilla",0.392851410461508,2.57,1e-04,"V1"
829,"iguana",0.418209155368232,2.74,0.1429,"V1"
829,"bird",0.383500479482409,4.63,1e-04,"V1"
829,"owl",0.471534189595298,3.87,1e-04,"V1"
829,"fish",0.260201298592704,4.9,1e-04,"V1"
829,"snake",0.45576735846472,4.23,1e-04,"V1"
829,"lion",0.332235612072057,4.25,1e-04,"V1"
829,"bear",0.49098996266998,4.71,1e-04,"V1"
829,"peacock",0.259759389779945,3.44,1e-04,"V1"
829,"mouse",0.253541219895387,4.31,1e-04,"V1"
830,"cat",1e-04,4.78,1e-04,"V1"
830,"dog",0.623758677641872,5.1,1e-04,"V1"
830,"fish",0.508236488035705,4.9,1e-04,"V1"
830,"frog",0.419826749682539,3.89,0.25,"V1"
830,"duck",0.416598913023674,4.21,1e-04,"V1"
830,"eagle",0.350573926845459,4.13,1e-04,"V1"
830,"zebra",0.33825048098194,3.4,0.2,"V1"
830,"giraffe",0.452872463332715,3.32,1e-04,"V1"
830,"alligator",0.286501085789032,3.32,1e-04,"V1"
830,"shark",0.447321413340977,4.1,1e-04,"V1"
830,"whale",0.478332747466783,3.98,1e-04,"V1"
830,"ladybug",0.204872813113745,2.67,0.1429,"V1"
830,"worm",0.287205805504647,3.77,1e-04,"V1"
830,"fly",0.412028659447942,4.75,1e-04,"V1"
830,"bee",0.333031404592489,4.09,1e-04,"V1"
830,"snake",0.342484157862691,4.23,1e-04,"V1"
830,"hawk",0.364988732439524,3.81,0.25,"V1"
830,"vulture",0.471979998341923,3.18,1e-04,"V1"
830,"elephant",0.385151941742532,4.08,1e-04,"V1"
830,"panda",0.339013642282709,3.65,0.1429,"V1"
830,"panther",0.369964883466364,3.65,0.6,"V1"
830,"wolf",0.402191695741785,4.35,1e-04,"V1"
830,"mountain lion",0.435019996964873,4.13,0.0909,"V1"
830,"fox",0.377683565103604,4.66,1e-04,"V1"
830,"antelope",0.235316975684,3.08,1e-04,"V1"
830,"deer",0.610978558351049,4.12,1e-04,"V1"
830,"turtle",0.274339205427842,3.91,1e-04,"V1"
830,"toad",0.416010254321165,3.34,0.2,"V1"
830,"owl",0.333705360744062,3.87,1e-04,"V1"
831,"cat",1e-04,4.78,1e-04,"V1"
831,"dog",0.623758677641872,5.1,1e-04,"V1"
831,"tiger",0.37671669592022,4.3,0.25,"V1"
831,"lion",0.528759043418185,4.25,0.25,"V1"
831,"pig",0.335929618597655,4.14,1e-04,"V1"
831,"sheep",0.434600000591677,4.19,1e-04,"V1"
831,"cow",0.488831024853225,4.14,1e-04,"V1"
831,"bird",0.384971078408363,4.63,1e-04,"V1"
831,"eagle",0.494692805322781,4.13,1e-04,"V1"
831,"lion",0.410519734098904,4.25,0.25,"V1"
831,"cheetah",0.476277696890677,3.2,1e-04,"V1"
831,"whale",0.291949879155175,3.98,1e-04,"V1"
831,"dolphin",0.460046398175249,3.67,0.1667,"V1"
831,"fish",0.431172704094306,4.9,0.1667,"V1"
831,"seal",0.298762765673974,4.3,1e-04,"V1"
831,"sea lion",0.503388588239401,4.19,0.5,"V1"
831,"shark",0.455872644930541,4.1,1e-04,"V1"
831,"badger",0.273351136208224,3.48,1e-04,"V1"
831,"honey badger",0.820816672671862,3.43,0.5,"V1"
831,"grasshopper",0.38109143604742,3.03,0.125,"V1"
831,"penguin",0.254443819965145,3.78,1e-04,"V1"
831,"giraffe",0.472504301222845,3.32,1e-04,"V1"
831,"sea lion",0.337991364291349,4.19,1e-04,"V1"
832,"dog",1e-04,5.1,1e-04,"V1"
832,"cat",0.623758677641872,4.78,1e-04,"V1"
832,"fish",0.461063375426715,4.9,1e-04,"V1"
832,"pig",0.383476538905792,4.14,0.3333,"V1"
832,"cow",0.507062208055918,4.14,1e-04,"V1"
832,"horse",0.553718551252932,4.76,1e-04,"V1"
832,"chicken",0.45735992369267,4.63,1e-04,"V1"
832,"bear",0.312525365177936,4.71,1e-04,"V1"
832,"lion",0.49098996266998,4.25,1e-04,"V1"
832,"tiger",0.528759043418185,4.3,0.25,"V1"
832,"koala",0.363253451688257,3.04,1e-04,"V1"
832,"giraffe",0.422218903849825,3.32,1e-04,"V1"
832,"polar bear",0.388165781714625,3.89,0.1429,"V1"
832,"bird",0.313428367897651,4.63,0.1429,"V1"
832,"snake",0.393693254646463,4.23,1e-04,"V1"
832,"iguana",0.437853915659915,2.74,1e-04,"V1"
832,"lizard",0.674275764933406,3.63,1e-04,"V1"
833,"dog",1e-04,5.1,1e-04,"V1"
833,"cat",0.623758677641872,4.78,1e-04,"V1"
833,"mouse",0.570587937267601,4.31,1e-04,"V1"
833,"tiger",0.34528862978162,4.3,1e-04,"V1"
833,"penguin",0.429399110188926,3.78,0.1429,"V1"
833,"giraffe",0.472504301222845,3.32,1e-04,"V1"
833,"elephant",0.531728751219335,4.08,0.1429,"V1"
833,"lion",0.505477337855158,4.25,0.4286,"V1"
833,"horse",0.43367053727404,4.76,1e-04,"V1"
833,"donkey",0.511983336019596,3.62,1e-04,"V1"
833,"meerkat",0.378472715416454,2.49,0.1667,"V1"
833,"cheetah",0.503740151336598,3.2,0.1667,"V1"
833,"polar bear",0.340514544413862,3.89,1e-04,"V1"
834,"dog",1e-04,5.1,1e-04,"V1"
834,"cat",0.623758677641872,4.78,1e-04,"V1"
834,"cow",0.439657010685717,4.14,0.3333,"V1"
834,"chicken",0.48357918800001,4.63,0.2,"V1"
834,"pig",0.429527942925902,4.14,0.2,"V1"
834,"lion",0.335929618597655,4.25,1e-04,"V1"
834,"zebra",0.4470930196331,3.4,1e-04,"V1"
834,"elephant",0.398645443334533,4.08,0.1429,"V1"
834,"moose",0.403502798177732,3.61,1e-04,"V1"
834,"deer",0.525516362344028,4.12,1e-04,"V1"
834,"rat",0.345691128792518,4.17,1e-04,"V1"
834,"tiger",0.361441156771212,4.3,1e-04,"V1"
834,"fish",0.383922139439264,4.9,1e-04,"V1"
834,"groundhog",0.186782721281631,2.9,1e-04,"V1"
834,"possum",0.400846943899151,2.94,1e-04,"V1"
834,"horse",0.372001493039423,4.76,1e-04,"V1"
835,"dog",1e-04,5.1,1e-04,"V1"
835,"human",0.506689323195313,5.35,1e-04,"V1"
835,"ape",0.351727794556857,3.48,1e-04,"V1"
835,"insect",0.27938720887951,3.76,1e-04,"V1"
835,"spider",0.487609913823423,4.25,1e-04,"V1"
835,"elephant",0.403085489736227,4.08,1e-04,"V1"
835,"tiger",0.512978420587434,4.3,1e-04,"V1"
835,"moonglow boa",0.293268079476711,1.63,0.1111,"V1"
835,"monkey",0.218289245056078,4.07,0.1111,"V1"
835,"white tiger",0.445706822013225,4.27,1e-04,"V1"
835,"bird",0.336041091995453,4.63,0.1,"V1"
835,"mockingjay",0.245296056394842,2.59,1e-04,"V1"
835,"peacock",0.261818493340749,3.44,0.1429,"V1"
835,"whale",0.332513148162295,3.98,1e-04,"V1"
835,"fish",0.488477821659792,4.9,1e-04,"V1"
835,"tuna",0.556861653835336,3.64,1e-04,"V1"
835,"cod",0.402619958089473,3.89,1e-04,"V1"
835,"giraffe",0.224750376457467,3.32,1e-04,"V1"
837,"bonobo",1e-04,2.38,1e-04,"V1"
837,"orangutan",0.563266241954093,2.8,1e-04,"V1"
837,"chimpanzee",0.745190027690522,2.96,1e-04,"V1"
837,"monkey",0.6560314149813,4.07,0.25,"V1"
837,"whale",0.334326705302273,3.98,1e-04,"V1"
837,"dolphin",0.460046398175249,3.67,0.1667,"V1"
837,"tuna",0.376668904720246,3.64,0.1667,"V1"
837,"goldfish",0.328208569045661,3.28,1e-04,"V1"
837,"salmon",0.425625656306571,4.01,1e-04,"V1"
837,"trout",0.593712938119709,3.78,1e-04,"V1"
837,"tuna",0.417542698005581,3.64,0.25,"V1"
837,"gorilla",0.320405894161146,3.62,0.2,"V1"
837,"giraffe",0.387173713001127,3.32,0.2,"V1"
837,"rhino",0.469787727749034,3.57,1e-04,"V1"
837,"cheetah",0.390980389741252,3.2,1e-04,"V1"
837,"lion",0.476277696890677,4.25,1e-04,"V1"
837,"leopard",0.566663962063526,3.59,0.2,"V1"
837,"panther",0.565526282274968,3.65,1e-04,"V1"
837,"dog",0.371180671796977,5.1,1e-04,"V1"
837,"cat",0.623758677641872,4.78,1e-04,"V1"
837,"panther",0.493383319017462,3.65,0.2,"V1"
837,"pig",0.431568327751153,4.14,0.2,"V1"
837,"horse",0.466828901895037,4.76,1e-04,"V1"
837,"elephant",0.476742986208136,4.08,1e-04,"V1"
838,"panda",1e-04,3.65,1e-04,"V1"
838,"red panda",0.830564529929477,3.64,0.625,"V1"
838,"fox",0.279808352722757,4.66,1e-04,"V1"
838,"wolf",0.502935051328439,4.35,1e-04,"V1"
838,"lion",0.453994279621192,4.25,1e-04,"V1"
838,"tiger",0.528759043418185,4.3,0.25,"V1"
838,"monkey",0.514338441179876,4.07,1e-04,"V1"
838,"snake",0.387609777330676,4.23,0.2,"V1"
838,"horse",0.456031629100002,4.76,1e-04,"V1"
838,"chicken",0.45735992369267,4.63,1e-04,"V1"
838,"pig",0.429527942925902,4.14,0.2,"V1"
838,"mouse",0.352847260767879,4.31,1e-04,"V1"
838,"cat",0.570587937267601,4.78,1e-04,"V1"
838,"dog",0.623758677641872,5.1,1e-04,"V1"
838,"rabbit",0.522929130354053,4.05,1e-04,"V1"
838,"mountain lion",0.37250383927937,4.13,0.0909,"V1"
838,"sheep",0.285316775785887,4.19,1e-04,"V1"
838,"eagle",0.367532075898284,4.13,1e-04,"V1"
838,"bluebird",0.40160515491362,2.91,1e-04,"V1"
838,"blue jay",0.553082791904373,4.31,0.5,"V1"
838,"crow",0.394404423709513,3.8,1e-04,"V1"
839,"lion",1e-04,4.25,1e-04,"V1"
839,"tiger",0.528759043418185,4.3,0.25,"V1"
839,"bear",0.450644642430337,4.71,1e-04,"V1"
839,"zebra",0.29578791022852,3.4,0.2,"V1"
839,"cat",0.342276173174478,4.78,1e-04,"V1"
839,"dog",0.623758677641872,5.1,1e-04,"V1"
839,"polar bear",0.363143956266224,3.89,1e-04,"V1"
839,"grizzly bear",0.692172879632678,3.26,0.4444,"V1"
839,"black bear",0.74584732057904,4.64,0.3333,"V1"
839,"brown bear",0.80015096008879,4.53,0.5714,"V1"
839,"fish",0.272459902463465,4.9,1e-04,"V1"
839,"shark",0.534300849683236,4.1,1e-04,"V1"
839,"penguin",0.435145635332103,3.78,1e-04,"V1"
839,"otter",0.443414699359782,3.37,1e-04,"V1"
839,"seal",0.417205431920807,4.3,1e-04,"V1"
839,"hippo",0.285046109074171,3.13,1e-04,"V1"
839,"pig",0.38342736000944,4.14,0.25,"V1"
839,"horse",0.466828901895037,4.76,1e-04,"V1"
839,"cow",0.553718551252932,4.14,1e-04,"V1"
839,"llama",0.386335586510629,2.95,1e-04,"V1"
839,"alpaca",0.755472830807546,2.8,0.3333,"V1"
839,"camel",0.434340155420938,3.64,0.1667,"V1"
839,"bird",0.289088017324194,4.63,1e-04,"V1"
840,"dog",1e-04,5.1,1e-04,"V1"
840,"cat",0.623758677641872,4.78,1e-04,"V1"
840,"snake",0.44119781216733,4.23,1e-04,"V1"
840,"turtle",0.43352855063167,3.91,1e-04,"V1"
840,"centipede",0.313165963637954,2.79,0.125,"V1"
840,"mouse",0.281613832045811,4.31,1e-04,"V1"
840,"caribou",0.186918324030466,2.97,1e-04,"V1"
840,"wolf",0.377938287503288,4.35,1e-04,"V1"
840,"husky",0.556769310670472,3.29,1e-04,"V1"
840,"frog",0.301555504201587,3.89,1e-04,"V1"
840,"scorpion",0.352774330905314,3.37,0.125,"V1"
840,"grasshopper",0.379134974117632,3.03,1e-04,"V1"
840,"cockroach",0.468625699414373,3.16,1e-04,"V1"
840,"black bear",0.304901556861518,4.64,0.1429,"V1"
840,"polar bear",0.701041483650888,3.89,0.4286,"V1"
840,"grizzly bear",0.692172879632678,3.26,0.4444,"V1"
840,"antelope",0.469977450235473,3.08,0.1111,"V1"
840,"deer",0.610978558351049,4.12,1e-04,"V1"
840,"tiger",0.376120174704508,4.3,1e-04,"V1"
840,"lion",0.528759043418185,4.25,0.25,"V1"
840,"swordfish",0.254273831916992,2.67,1e-04,"V1"
840,"gopher",0.292627814563049,2.87,0.1429,"V1"
840,"porcupine",0.418459741734011,2.88,1e-04,"V1"
840,"rat",0.373920805600477,4.17,0.1111,"V1"
840,"mouse",0.604693003387871,4.31,1e-04,"V1"
840,"viper",0.278646837339007,3.31,1e-04,"V1"
840,"cottonmouth",0.387021719868462,2.1,1e-04,"V1"
841,"giraffe",1e-04,3.32,1e-04,"V1"
841,"elephant",0.531728751219335,4.08,0.1429,"V1"
841,"cat",0.396234547709263,4.78,0.1429,"V1"
841,"dog",0.623758677641872,5.1,1e-04,"V1"
841,"mantis",0.25326720080155,3.11,1e-04,"V1"
841,"shrimp",0.292813037822125,3.79,1e-04,"V1"
841,"whale",0.38160015433708,3.98,1e-04,"V1"
841,"lion",0.401184638241977,4.25,1e-04,"V1"
841,"tiger",0.528759043418185,4.3,0.25,"V1"
841,"hyena",0.353402999331038,2.8,1e-04,"V1"
841,"dingo",0.400248000648918,2.75,1e-04,"V1"
841,"crab",0.311796406651795,3.76,1e-04,"V1"
841,"scorpion",0.447367356979365,3.37,0.25,"V1"
841,"bird",0.286874044539071,4.63,1e-04,"V1"
841,"eagle",0.494692805322781,4.13,1e-04,"V1"
841,"hawk",0.56949658413453,3.81,1e-04,"V1"
841,"horse",0.354840930465305,4.76,0.5,"V1"
841,"cow",0.553718551252932,4.14,1e-04,"V1"
841,"chicken",0.48357918800001,4.63,0.2,"V1"
841,"pig",0.429527942925902,4.14,0.2,"V1"
841,"goat",0.477598781168873,4.02,1e-04,"V1"
841,"snake",0.414765856089703,4.23,1e-04,"V1"
841,"cricket",0.365679770885394,4.39,0.1667,"V1"
841,"frog",0.371803809421045,3.89,0.1667,"V1"
841,"salamander",0.540824972227101,2.76,1e-04,"V1"
841,"crocodile",0.454952736836785,3.49,1e-04,"V1"
841,"alligator",0.767597315718391,3.32,1e-04,"V1"
841,"armadillo",0.388471225935265,2.7,0.125,"V1"
841,"anteater",0.471812757498496,2.28,1e-04,"V1"
842,"dog",1e-04,5.1,1e-04,"V1"
842,"cat",0.623758677641872,4.78,1e-04,"V1"
842,"spider",0.40877206273848,4.25,1e-04,"V1"
842,"ant",0.420240231667779,3.86,1e-04,"V1"
842,"centipede",0.451442779360671,2.79,0.25,"V1"
842,"penguin",0.23079179809527,3.78,0.125,"V1"
842,"dinosaur",0.386078146588189,3.77,1e-04,"V1"
842,"tiger",0.259918394921295,4.3,0.1429,"V1"
842,"lion",0.528759043418185,4.25,0.25,"V1"
842,"horse",0.43367053727404,4.76,1e-04,"V1"
842,"mouse",0.405557406892151,4.31,0.25,"V1"
842,"hamster",0.47310706894873,3.31,0.1667,"V1"
842,"gerbil",0.62253266752953,2.44,1e-04,"V1"
842,"guinea pig",0.560630047302011,3.8,0.1,"V1"
842,"pig",0.586096529953072,4.14,0.1,"V1"
842,"hog",0.631261392020335,3.57,0.3333,"V1"
842,"boar",0.572906417346547,3.3,1e-04,"V1"
842,"bat",0.344842182523476,4.3,0.3333,"V1"
842,"whale",0.341637629739111,3.98,1e-04,"V1"
842,"rhino",0.386589194156309,3.57,1e-04,"V1"
842,"gopher",0.310149850634156,2.87,1e-04,"V1"
842,"camel",0.263857966439518,3.64,1e-04,"V1"
843,"lion",1e-04,4.25,1e-04,"V1"
843,"tiger",0.528759043418185,4.3,0.25,"V1"
843,"bear",0.450644642430337,4.71,1e-04,"V1"
843,"cat",0.44500661869508,4.78,1e-04,"V1"
843,"turtle",0.395959290703404,3.91,0.2,"V1"
843,"flamingo",0.342817895320381,3.06,1e-04,"V1"
843,"shark",0.315950603147331,4.1,1e-04,"V1"
843,"octopus",0.455230878110546,3.46,1e-04,"V1"
843,"clam",0.412762224574426,3.22,0.1429,"V1"
843,"lobster",0.536488461828749,3.65,1e-04,"V1"
843,"dolphin",0.283265920556872,3.67,0.1667,"V1"
843,"alligator",0.417044784125301,3.32,1e-04,"V1"
843,"bird",0.346296254646396,4.63,1e-04,"V1"
843,"pterodactyl",0.480124009867644,2.29,0.1333,"V1"
843,"dinosaur",0.730472577931696,3.77,0.1333,"V1"
843,"amphibian",0.412770289083593,2.72,1e-04,"V1"
843,"crab",0.372180176414598,3.76,0.125,"V1"
843,"shrimp",0.543292464597952,3.79,0.2,"V1"
843,"elephant",0.372678535345021,4.08,1e-04,"V1"
844,"dog",1e-04,5.1,1e-04,"V1"
844,"cat",0.623758677641872,4.78,1e-04,"V1"
844,"penguin",0.401242032739913,3.78,1e-04,"V1"
844,"pig",0.299721259412177,4.14,0.2857,"V1"
844,"rhino",0.395499978042693,3.57,1e-04,"V1"
844,"zebra",0.374786909504473,3.4,1e-04,"V1"
844,"leopard",0.554449968317689,3.59,1e-04,"V1"
844,"cheetah",0.69012269077637,3.2,1e-04,"V1"
844,"tiger",0.471096583632851,4.3,1e-04,"V1"
844,"deer",0.376120174704508,4.12,1e-04,"V1"
844,"bear",0.421648779975054,4.71,0.3333,"V1"
844,"moose",0.423218542908504,3.61,1e-04,"V1"
844,"elephant",0.403502798177732,4.08,1e-04,"V1"
844,"giraffe",0.531728751219335,3.32,0.1429,"V1"
844,"hippo",0.512419551841061,3.13,1e-04,"V1"
844,"hyena",0.479707301867345,2.8,0.2,"V1"
844,"snake",0.276745493486938,4.23,1e-04,"V1"
844,"horse",0.456031629100002,4.76,1e-04,"V1"
844,"sheep",0.491804495180878,4.19,1e-04,"V1"
844,"cow",0.488831024853225,4.14,1e-04,"V1"
844,"pig",0.507062208055918,4.14,1e-04,"V1"
844,"chicken",0.429527942925902,4.63,0.2,"V1"
844,"eagle",0.448375565562655,4.13,0.2,"V1"
844,"crow",0.440585092505651,3.8,1e-04,"V1"
844,"bird",0.512525624131713,4.63,1e-04,"V1"
844,"hedgehog",0.319048242093384,3.25,1e-04,"V1"
844,"groundhog",0.391597411686441,2.9,0.375,"V1"
844,"beaver",0.423582220722746,3.61,1e-04,"V1"
845,"dog",1e-04,5.1,1e-04,"V1"
845,"cat",0.623758677641872,4.78,1e-04,"V1"
845,"shark",0.39536412274923,4.1,1e-04,"V1"
845,"mouse",0.335837346205253,4.31,1e-04,"V1"
845,"lion",0.34852978356493,4.25,1e-04,"V1"
845,"giraffe",0.409562351292193,3.32,1e-04,"V1"
845,"chimpanzee",0.403732313631255,2.96,0.125,"V1"
845,"tiger",0.344805766655242,4.3,1e-04,"V1"
845,"gorilla",0.356429781381681,3.62,1e-04,"V1"
845,"horse",0.309943769661205,4.76,1e-04,"V1"
845,"polar bear",0.348613810610019,3.89,1e-04,"V1"
845,"lizard",0.373078604613089,3.63,0.1429,"V1"
845,"fish",0.345226702069523,4.9,0.2,"V1"
845,"gazelle",0.174608316656858,2.87,1e-04,"V1"
846,"dog",1e-04,5.1,1e-04,"V1"
846,"cat",0.623758677641872,4.78,1e-04,"V1"
846,"canary",0.359595399281809,3.44,0.1667,"V1"
846,"crow",0.345527348332362,3.8,0.3333,"V1"
846,"eagle",0.440585092505651,4.13,1e-04,"V1"
846,"cow",0.244795454070522,4.14,1e-04,"V1"
846,"pig",0.507062208055918,4.14,1e-04,"V1"
846,"jaguar",0.320861647886923,3.51,0.1667,"V1"
846,"cheetah",0.48729728755842,3.2,1e-04,"V1"
846,"rooster",0.274905630722807,3.31,0.2,"V1"
846,"llama",0.338031040970435,2.95,1e-04,"V1"
846,"frog",0.346635153101622,3.89,1e-04,"V1"
846,"fish",0.419826749682539,4.9,0.25,"V1"
846,"shark",0.534300849683236,4.1,1e-04,"V1"
846,"dolphin",0.406287161301196,3.67,0.1667,"V1"
846,"starfish",0.428450677518893,3,0.2857,"V1"
846,"clam",0.4532759850615,3.22,1e-04,"V1"
846,"oyster",0.575417010034238,3.54,1e-04,"V1"
846,"horseshoe crab",0.317529057966635,3.06,0.0833,"V1"
846,"osprey",0.218387610132424,2.89,0.25,"V1"
846,"leech",0.278719053756798,3.17,1e-04,"V1"
846,"grasshopper",0.357160633529375,3.03,1e-04,"V1"
846,"beetle",0.422345566173525,3.53,1e-04,"V1"
846,"stinkbug",0.489596833302961,1.27,0.125,"V1"
846,"lion",0.294859400863523,4.25,0.125,"V1"
846,"tiger",0.528759043418185,4.3,0.25,"V1"
846,"bear",0.450644642430337,4.71,1e-04,"V1"
846,"mountain lion",0.398606783379435,4.13,0.0909,"V1"
846,"hedgehog",0.298623203173673,3.25,0.0909,"V1"
846,"wolverine",0.320116539534464,3.44,1e-04,"V1"
847,"monkey",1e-04,4.07,1e-04,"V1"
847,"elephant",0.422828069976234,4.08,1e-04,"V1"
847,"rhino",0.562852427969856,3.57,0.1429,"V1"
847,"dog",0.266348210598712,5.1,1e-04,"V1"
847,"cat",0.623758677641872,4.78,1e-04,"V1"
847,"otter",0.240198051576523,3.37,1e-04,"V1"
847,"manatee",0.518901760199264,2.74,0.125,"V1"
847,"shark",0.391871083014982,4.1,1e-04,"V1"
847,"bengal tiger",0.332639306442236,3.59,1e-04,"V1"
847,"lion",0.491052614233154,4.25,0.2,"V1"
847,"african elephant",0.438697443525877,4.01,0.2143,"V1"
847,"asian elephant",0.725527559219558,3.98,0.6429,"V1"
847,"woolly mammoth",0.369546153726455,2.89,0.0909,"V1"
847,"dinosaur",0.512455988402376,3.77,1e-04,"V1"
847,"stingray",0.329148004818183,2.93,1e-04,"V1"
847,"shrimp",0.384605071455767,3.79,0.1667,"V1"
847,"siberian cat",0.173442588855964,3.29,0.0833,"V1"
847,"husky",0.46679359527163,3.29,0.0833,"V1"
847,"polar bear",0.39130812599981,3.89,1e-04,"V1"
847,"grizzly bear",0.692172879632678,3.26,0.4444,"V1"
847,"black bear",0.74584732057904,4.64,0.3333,"V1"
847,"wolf",0.40307188010625,4.35,1e-04,"V1"
847,"fox",0.502935051328439,4.66,1e-04,"V1"
847,"chimpanzee",0.252366213017106,2.96,1e-04,"V1"
847,"gorilla",0.626782628219811,3.62,1e-04,"V1"
848,"cat",1e-04,4.78,1e-04,"V1"
848,"mouse",0.570587937267601,4.31,1e-04,"V1"
848,"rat",0.604693003387871,4.17,1e-04,"V1"
848,"dog",0.495871176016939,5.1,1e-04,"V1"
848,"lion",0.399882367232937,4.25,1e-04,"V1"
848,"tiger",0.528759043418185,4.3,0.25,"V1"
848,"bengal tiger",0.732840753234555,3.59,0.4,"V1"
848,"polar bear",0.358559458099761,3.89,0.1,"V1"
848,"grizzly bear",0.692172879632678,3.26,0.4444,"V1"
848,"sun bear",0.653800822510672,4.52,0.3333,"V1"
848,"black bear",0.649342689836463,4.64,0.4286,"V1"
848,"giraffe",0.280675654137612,3.32,0.1429,"V1"
848,"bear",0.327560363790214,4.71,1e-04,"V1"
848,"okapi",0.295560235922192,1.85,1e-04,"V1"
848,"zebra",0.468151906844621,3.4,1e-04,"V1"
848,"deer",0.329253177476666,4.12,0.2,"V1"
848,"elk",0.675210624753035,3.49,1e-04,"V1"
848,"horse",0.463943581440805,4.76,1e-04,"V1"
848,"whale",0.373096217306783,3.98,1e-04,"V1"
848,"blue whale",0.760019254977595,3.95,0.5,"V1"
848,"sperm whale",0.615355610174859,3.6,0.4286,"V1"
848,"humpback whale",0.713906342155897,2.78,0.4,"V1"
848,"shark",0.405848295812513,4.1,0.1,"V1"
848,"hammerhead shark",0.837943012878003,2.66,0.25,"V1"
848,"great white shark",0.787208760235884,4.08,0.25,"V1"
848,"whale shark",0.733398141524675,3.73,0.4545,"V1"
848,"orca",0.576950783131388,2.93,0.1429,"V1"
848,"dolphin",0.539163327138997,3.67,0.1667,"V1"
848,"jellyfish",0.366736332789611,3.25,0.2857,"V1"
848,"goldfish",0.291249750595804,3.28,0.5714,"V1"
849,"giraffe",1e-04,3.32,1e-04,"V1"
849,"zebra",0.452872463332715,3.4,1e-04,"V1"
849,"cat",0.342276173174478,4.78,1e-04,"V1"
849,"parrot",0.381102541330633,3.49,0.2,"V1"
849,"dog",0.402293490438172,5.1,1e-04,"V1"
849,"bunny",0.489020928448042,3.88,1e-04,"V1"
849,"bird",0.471477835604217,4.63,0.25,"V1"
849,"snake",0.393693254646463,4.23,1e-04,"V1"
849,"jellyfish",0.324726780178504,3.25,1e-04,"V1"
849,"shark",0.409842687007093,4.1,1e-04,"V1"
849,"whale",0.478332747466783,3.98,1e-04,"V1"
849,"horse",0.373096217306783,4.76,1e-04,"V1"
849,"platypus",0.307349616420175,2.69,0.125,"V1"
849,"penguin",0.388820937371082,3.78,0.125,"V1"
849,"tiger",0.429399110188926,4.3,0.1429,"V1"
849,"lion",0.528759043418185,4.25,0.25,"V1"
849,"zebra",0.4470930196331,3.4,1e-04,"V1"
849,"rhino",0.374786909504473,3.57,1e-04,"V1"
849,"monkey",0.306940232788086,4.07,1e-04,"V1"
849,"gorilla",0.54295988121111,3.62,1e-04,"V1"
849,"flamingo",0.302952230286876,3.06,0.125,"V1"
849,"owl",0.352296296781159,3.87,0.125,"V1"
849,"duck",0.317215314553718,4.21,1e-04,"V1"
849,"goose",0.637137899046986,3.84,1e-04,"V1"
849,"alligator",0.309653371459433,3.32,0.1429,"V1"
849,"crocodile",0.767597315718391,3.49,1e-04,"V1"
850,"bear",1e-04,4.71,1e-04,"V1"
850,"cheetah",0.32050705429286,3.2,1e-04,"V1"
850,"snake",0.378179104927209,4.23,1e-04,"V1"
850,"bobcat",0.334914082934116,2.8,0.1667,"V1"
850,"cat",0.387437669253462,4.78,0.3333,"V1"
850,"parakeet",0.358046809725003,2.48,0.2857,"V1"
850,"raccoon",0.240942372955,3.27,0.2857,"V1"
850,"rabbit",0.387662193735446,4.05,0.2,"V1"
850,"jaguar",0.251426124593088,3.51,0.1667,"V1"
850,"kangaroo",0.250928336731549,3.5,1e-04,"V1"
851,"dog",1e-04,5.1,1e-04,"V1"
851,"bird",0.489854003832671,4.63,1e-04,"V1"
851,"human",0.379719178779512,5.35,1e-04,"V1"
851,"monkey",0.440758608741459,4.07,1e-04,"V1"
851,"dragon",0.502410067349083,4.41,1e-04,"V1"
851,"unicorn",0.44867001604461,3.54,0.125,"V1"
851,"griffon",0.399480170296658,2.37,0.125,"V1"
851,"cat",0.186812511656907,4.78,1e-04,"V1"
851,"turtle",0.395959290703404,3.91,0.2,"V1"
851,"meerkat",0.354223327859943,2.49,1e-04,"V1"
851,"bobcat",0.462789463879846,2.8,0.3333,"V1"
851,"lion",0.381328392449305,4.25,1e-04,"V1"
851,"tiger",0.528759043418185,4.3,0.25,"V1"
851,"walrus",0.280238198419066,2.98,1e-04,"V1"
851,"hippo",0.429067483513685,3.13,1e-04,"V1"
851,"seal",0.285046109074171,4.3,1e-04,"V1"
851,"whale",0.423138136042003,3.98,0.3333,"V1"
851,"killer whale",0.81468553412921,3.86,0.4286,"V1"
851,"jellyfish",0.368164953558088,3.25,0.1429,"V1"
851,"koi fish",0.296948169927877,3.06,0.2857,"V1"
851,"suckerfish",0.409837591996275,1e-04,0.4286,"V1"
851,"manatee",0.351807505811183,2.74,0.125,"V1"
851,"alligator",0.507574380695356,3.32,0.25,"V1"
851,"crocodile",0.767597315718391,3.49,1e-04,"V1"
851,"iguana",0.450882112775954,2.74,0.125,"V1"
851,"ostrich",0.388214815654436,3.05,1e-04,"V1"
851,"ox",0.367367610335369,3.47,1e-04,"V1"
851,"mule",0.230502816751707,3.44,1e-04,"V1"
851,"donkey",0.523386807230926,3.62,1e-04,"V1"
851,"horse",0.511983336019596,4.76,1e-04,"V1"
851,"camel",0.362906096377014,3.64,1e-04,"V1"
852,"cat",1e-04,4.78,1e-04,"V1"
852,"dog",0.623758677641872,5.1,1e-04,"V1"
852,"iguana",0.364113030257202,2.74,1e-04,"V1"
852,"elephant",0.426146511747314,4.08,0.1429,"V1"
852,"tiger",0.512978420587434,4.3,1e-04,"V1"
852,"manatee",0.353103220940652,2.74,1e-04,"V1"
852,"lizard",0.314765122425789,3.63,1e-04,"V1"
852,"penguin",0.321534539742649,3.78,1e-04,"V1"
852,"hyena",0.306698408104593,2.8,0.1429,"V1"
852,"cheetah",0.484181500788567,3.2,0.4,"V1"
852,"worm",0.311204267310574,3.77,1e-04,"V1"
852,"antelope",0.313507498901295,3.08,1e-04,"V1"
852,"anteater",0.574023570210524,2.28,0.4286,"V1"
852,"hippo",0.438250762524696,3.13,1e-04,"V1"
852,"crocodile",0.467073884113072,3.49,1e-04,"V1"
852,"alligator",0.767597315718391,3.32,1e-04,"V1"
852,"seagull",0.32202979365925,3.02,0.1429,"V1"
852,"cardinal",0.343413481851273,3.9,0.125,"V1"
852,"ant",0.269753770358857,3.86,0.125,"V1"
852,"spider",0.420240231667779,4.25,1e-04,"V1"
852,"bear",0.445279441315017,4.71,1e-04,"V1"
852,"fish",0.337210521590318,4.9,1e-04,"V1"
852,"shark",0.534300849683236,4.1,1e-04,"V1"
852,"octopus",0.455230878110546,3.46,1e-04,"V1"
852,"mosquito",0.308853324972124,3.61,1e-04,"V1"
853,"dog",1e-04,5.1,1e-04,"V1"
853,"cat",0.623758677641872,4.78,1e-04,"V1"
853,"fish",0.461063375426715,4.9,1e-04,"V1"
853,"crab",0.468409938192812,3.76,1e-04,"V1"
853,"shark",0.407832585968861,4.1,1e-04,"V1"
853,"whale",0.478332747466783,3.98,1e-04,"V1"
853,"manatee",0.51798184079902,2.74,1e-04,"V1"
853,"snake",0.301445092364897,4.23,0.25,"V1"
853,"walrus",0.376583982812686,2.98,1e-04,"V1"
853,"otter",0.45555559620654,3.37,1e-04,"V1"
854,"dog",1e-04,5.1,1e-04,"V1"
854,"cat",0.623758677641872,4.78,1e-04,"V1"
854,"dolphin",0.318907658486542,3.67,1e-04,"V1"
854,"crocodile",0.353849900385784,3.49,0.125,"V1"
854,"sheep",0.307314018403842,4.19,1e-04,"V1"
854,"bear",0.329349598376492,4.71,1e-04,"V1"
854,"pig",0.34964789947322,4.14,1e-04,"V1"
854,"cow",0.507062208055918,4.14,1e-04,"V1"
854,"cat",0.439657010685717,4.78,0.3333,"V1"
854,"insect",0.387374731897312,3.76,0.1667,"V1"
854,"parakeet",0.216222014771329,2.48,0.2857,"V1"
854,"rhino",0.304741803779442,3.57,0.1429,"V1"
854,"lion",0.393895987237195,4.25,0.25,"V1"
854,"giraffe",0.409562351292193,3.32,1e-04,"V1"
854,"hippo",0.512419551841061,3.13,1e-04,"V1"
854,"deer",0.273798704155592,4.12,0.25,"V1"
854,"gazelle",0.346411830684741,2.87,1e-04,"V1"
854,"meerkat",0.456342753778197,2.49,1e-04,"V1"
854,"fish",0.325509064884032,4.9,1e-04,"V1"
854,"goldfish",0.658238594808687,3.28,0.2857,"V1"
854,"bird",0.300032061453695,4.63,0.1429,"V1"
854,"frog",0.447680886438338,3.89,1e-04,"V1"
855,"lion",1e-04,4.25,1e-04,"V1"
855,"zebra",0.4470930196331,3.4,1e-04,"V1"
855,"giraffe",0.452872463332715,3.32,1e-04,"V1"
855,"alligator",0.286501085789032,3.32,1e-04,"V1"
855,"gazelle",0.334749342014133,2.87,0.1429,"V1"
855,"wildebeest",0.581521556505892,2.52,1e-04,"V1"
855,"bear",0.433069114924275,4.71,0.1818,"V1"
855,"salmon",0.348870753130881,4.01,1e-04,"V1"
855,"whale",0.429787153710785,3.98,1e-04,"V1"
855,"squid",0.406539105671479,3.44,0.2,"V1"
855,"octopus",0.706501384080287,3.46,0.1429,"V1"
855,"shellfish",0.518030597816533,3.15,1e-04,"V1"
855,"crab",0.604417582676486,3.76,1e-04,"V1"
855,"snail",0.308974397997119,3.67,1e-04,"V1"
855,"dog",0.378133651978054,5.1,1e-04,"V1"
855,"cat",0.623758677641872,4.78,1e-04,"V1"
855,"mouse",0.570587937267601,4.31,1e-04,"V1"
855,"canary",0.331912055208997,3.44,1e-04,"V1"
855,"eagle",0.286159746728079,4.13,1e-04,"V1"
855,"blackbird",0.377615714607281,2.91,1e-04,"V1"
855,"crow",0.4340101648992,3.8,0.1429,"V1"
855,"lion",0.362455933022413,4.25,1e-04,"V1"
855,"dolphin",0.305532487559194,3.67,0.5,"V1"
855,"anglerfish",0.42103140568433,1.61,0.2,"V1"
855,"puma",0.270142197568745,3.22,0.1,"V1"
855,"rabbit",0.322576088794461,4.05,0.2,"V1"
855,"squirrel",0.441967863937187,3.69,0.1667,"V1"
855,"mole",0.290651886957854,3.67,0.1667,"V1"
855,"chipmunk",0.417822883001488,2.74,0.1429,"V1"
856,"lion",1e-04,4.25,1e-04,"V1"
856,"tiger",0.528759043418185,4.3,0.25,"V1"
856,"bear",0.450644642430337,4.71,1e-04,"V1"
856,"monkey",0.390733314965286,4.07,1e-04,"V1"
856,"caterpillar",0.345640355806851,3.38,1e-04,"V1"
856,"dog",0.318325182240399,5.1,1e-04,"V1"
856,"cat",0.623758677641872,4.78,1e-04,"V1"
856,"german shepherd",0.347163453828763,3.86,1e-04,"V1"
856,"chicken",0.292117077790488,4.63,0.1667,"V1"
856,"goat",0.376889650573733,4.02,1e-04,"V1"
856,"cow",0.446295293272546,4.14,1e-04,"V1"
856,"squirrel",0.373277802804472,3.69,0.1667,"V1"
856,"deer",0.441340539698891,4.12,1e-04,"V1"
856,"polar bear",0.360529067291156,3.89,0.1429,"V1"
856,"bison",0.274160814987271,3.26,1e-04,"V1"
856,"sheep",0.289091996611473,4.19,1e-04,"V1"
856,"orangutan",0.314321807557847,2.8,1e-04,"V1"
856,"bird",0.383711202967213,4.63,1e-04,"V1"
856,"grasshopper",0.301279979441312,3.03,1e-04,"V1"
857,"cat",1e-04,4.78,1e-04,"V1"
857,"dog",0.623758677641872,5.1,1e-04,"V1"
857,"lion",0.399882367232937,4.25,1e-04,"V1"
857,"shark",0.367881315301004,4.1,1e-04,"V1"
857,"dolphin",0.406287161301196,3.67,0.1667,"V1"
857,"blue jay",0.17721080356716,4.31,0.1667,"V1"
857,"fox",0.275186894487798,4.66,1e-04,"V1"
857,"monkey",0.330463254812112,4.07,0.2,"V1"
857,"gorilla",0.54295988121111,3.62,1e-04,"V1"
857,"snake",0.330348793371683,4.23,1e-04,"V1"
857,"giraffe",0.288852517105968,3.32,1e-04,"V1"
857,"alligator",0.286501085789032,3.32,1e-04,"V1"
857,"goldfish",0.274702181056929,3.28,1e-04,"V1"
858,"cat",1e-04,4.78,1e-04,"V1"
858,"kangaroo",0.363635847060413,3.5,0.1667,"V1"
858,"dog",0.355255732480685,5.1,0.1667,"V1"
858,"rabbit",0.522929130354053,4.05,1e-04,"V1"
858,"shark",0.356373140027864,4.1,1e-04,"V1"
858,"octopus",0.455230878110546,3.46,1e-04,"V1"
858,"cow",0.276009095631373,4.14,0.1429,"V1"
858,"chicken",0.48357918800001,4.63,0.2,"V1"
858,"rooster",0.610202085830541,3.31,1e-04,"V1"
858,"frog",0.371093416179639,3.89,1e-04,"V1"
858,"toad",0.683481948340934,3.34,1e-04,"V1"
858,"chicken",0.324637465157065,4.63,1e-04,"V1"
858,"turtle",0.344634609708963,3.91,0.2,"V1"
858,"lizard",0.479330415604186,3.63,1e-04,"V1"
858,"whale",0.268716062402787,3.98,1e-04,"V1"
858,"fish",0.488477821659792,4.9,1e-04,"V1"
858,"shark",0.534300849683236,4.1,1e-04,"V1"
858,"octopus",0.455230878110546,3.46,1e-04,"V1"
858,"gerbil",0.31656809679787,2.44,1e-04,"V1"
858,"hamster",0.62253266752953,3.31,1e-04,"V1"
858,"dolphin",0.301429051332269,3.67,1e-04,"V1"
858,"starfish",0.428450677518893,3,0.2857,"V1"
859,"dog",1e-04,5.1,1e-04,"V1"
859,"cat",0.623758677641872,4.78,1e-04,"V1"
859,"parrot",0.381102541330633,3.49,0.2,"V1"
859,"bird",0.597217006918545,4.63,1e-04,"V1"
859,"toucan",0.473108237330005,2.36,1e-04,"V1"
859,"butterfly",0.216663821752719,3.93,1e-04,"V1"
859,"lizard",0.239756757096168,3.63,0.1429,"V1"
859,"horse",0.361697621133396,4.76,1e-04,"V1"
859,"cow",0.553718551252932,4.14,1e-04,"V1"
859,"chicken",0.48357918800001,4.63,0.2,"V1"
859,"donkey",0.398500834495265,3.62,1e-04,"V1"
859,"goose",0.394961809108083,3.84,1e-04,"V1"
859,"dolphin",0.358127302458251,3.67,1e-04,"V1"
859,"whale",0.460046398175249,3.98,0.1667,"V1"
859,"killer whale",0.81468553412921,3.86,0.4286,"V1"
859,"shark",0.501613570325904,4.1,1e-04,"V1"
859,"eel",0.478499559839476,3.23,1e-04,"V1"
859,"fish",0.51824154041836,4.9,1e-04,"V1"
859,"catfish",0.64096900592941,3.35,0.3333,"V1"
859,"blowfish",0.518353106590487,2.29,0.3333,"V1"
859,"pufferfish",0.63921711076248,1.98,0.2857,"V1"
859,"shellfish",0.559169879561505,3.15,0.2857,"V1"
859,"goat",0.223008567748126,4.02,1e-04,"V1"
859,"lamb",0.461061365390239,4.02,1e-04,"V1"
859,"donkey",0.396228583882494,3.62,1e-04,"V1"
859,"elephant",0.493380279170306,4.08,1e-04,"V1"
859,"zebra",0.398645443334533,3.4,0.1429,"V1"
859,"flamingo",0.300502377217033,3.06,1e-04,"V1"
860,"dog",1e-04,5.1,1e-04,"V1"
860,"cat",0.623758677641872,4.78,1e-04,"V1"
860,"bird",0.501603786706676,4.63,1e-04,"V1"
860,"parakeet",0.630273771643602,2.48,1e-04,"V1"
860,"cheetah",0.28228854646261,3.2,0.1429,"V1"
860,"lion",0.476277696890677,4.25,1e-04,"V1"
860,"rhino",0.393895987237195,3.57,0.25,"V1"
860,"frog",0.303595314358675,3.89,1e-04,"V1"
860,"gorilla",0.365278721311683,3.62,1e-04,"V1"
860,"ostrich",0.287191950427298,3.05,1e-04,"V1"
860,"lizard",0.359956614307254,3.63,1e-04,"V1"
860,"cow",0.306651264611159,4.14,1e-04,"V1"
860,"goat",0.446295293272546,4.02,1e-04,"V1"
860,"chicken",0.376889650573733,4.63,1e-04,"V1"
860,"rooster",0.610202085830541,3.31,1e-04,"V1"
860,"puma",0.290344558624078,3.22,0.2,"V1"
861,"dog",1e-04,5.1,1e-04,"V1"
861,"cat",0.623758677641872,4.78,1e-04,"V1"
861,"bird",0.501603786706676,4.63,1e-04,"V1"
861,"snake",0.393693254646463,4.23,1e-04,"V1"
861,"rabbit",0.507135837809026,4.05,1e-04,"V1"
861,"bunny",0.83797362460249,3.88,1e-04,"V1"
861,"ant",0.223486196480911,3.86,0.25,"V1"
861,"anteater",0.601153068744368,2.28,0.5,"V1"
861,"mammoth",0.285293036113002,3.4,1e-04,"V1"
861,"sabertoothed tiger",0.416516422708473,1e-04,0.0833,"V1"
861,"tiger",0.848778310724402,4.3,0.3333,"V1"
861,"lion",0.528759043418185,4.25,0.25,"V1"
861,"bird",0.328287193733187,4.63,1e-04,"V1"
861,"eagle",0.494692805322781,4.13,1e-04,"V1"
861,"camel",0.3726815161165,3.64,0.4,"V1"
861,"horse",0.362906096377014,4.76,1e-04,"V1"
862,"dog",1e-04,5.1,1e-04,"V1"
862,"cat",0.623758677641872,4.78,1e-04,"V1"
862,"ferret",0.400406196329811,3.01,0.2,"V1"
862,"pig",0.417737611812386,4.14,1e-04,"V1"
862,"cow",0.507062208055918,4.14,1e-04,"V1"
862,"chicken",0.48357918800001,4.63,0.2,"V1"
862,"dolphin",0.328777655204219,3.67,0.3333,"V1"
862,"gorilla",0.433111031124189,3.62,0.1667,"V1"
862,"sparrow",0.26813336410042,3.48,1e-04,"V1"
862,"crow",0.516397917658613,3.8,0.2,"V1"
862,"frog",0.368709503288253,3.89,0.25,"V1"
862,"mouse",0.393013885231261,4.31,1e-04,"V1"
862,"rat",0.604693003387871,4.17,1e-04,"V1"
862,"horse",0.535173698935321,4.76,1e-04,"V1"
862,"llama",0.457693281500085,2.95,1e-04,"V1"
862,"chicken",0.33695683784886,4.63,0.2,"V1"
862,"giraffe",0.297387644338247,3.32,1e-04,"V1"
862,"rhinoceros",0.585529498612707,2.85,0.125,"V1"
862,"shark",0.352664818600642,4.1,0.125,"V1"
862,"toucan",0.250142987958844,2.36,0.1429,"V1"
862,"lemur",0.436600577127878,2.57,1e-04,"V1"
862,"monkey",0.495975957952914,4.07,1e-04,"V1"
863,"dog",1e-04,5.1,1e-04,"V1"
863,"cat",0.623758677641872,4.78,1e-04,"V1"
863,"chicken",0.487992427949927,4.63,0.2,"V1"
863,"cow",0.48357918800001,4.14,0.2,"V1"
863,"giraffe",0.360907749331095,3.32,1e-04,"V1"
863,"lion",0.409562351292193,4.25,1e-04,"V1"
863,"antelope",0.505802076125407,3.08,0.1429,"V1"
863,"hyena",0.554413030746367,2.8,1e-04,"V1"
863,"tiger",0.353402999331038,4.3,1e-04,"V1"
863,"lion",0.528759043418185,4.25,0.25,"V1"
863,"snake",0.332235612072057,4.23,1e-04,"V1"
863,"penguin",0.34983888983095,3.78,1e-04,"V1"
863,"bird",0.517112577948964,4.63,1e-04,"V1"
863,"skunk",0.368191894968176,3.1,1e-04,"V1"
863,"anteater",0.358313372849481,2.28,1e-04,"V1"
863,"eagle",0.312089546760704,4.13,1e-04,"V1"
863,"bear",0.347417662990319,4.71,1e-04,"V1"
863,"polar bear",0.755616723289734,3.89,0.4286,"V1"
863,"puma",0.268987557308431,3.22,0.1429,"V1"
863,"mountain lion",0.536781821568124,4.13,0.0909,"V1"
863,"ram",0.240547025872868,4.19,1e-04,"V1"
863,"bull",0.295352220786696,4.34,1e-04,"V1"
863,"horse",0.458879366236343,4.76,1e-04,"V1"
865,"dog",1e-04,5.1,1e-04,"V1"
865,"zebra",0.325149348884512,3.4,1e-04,"V1"
865,"goat",0.333910104064355,4.02,1e-04,"V1"
865,"bat",0.366393664478101,4.3,0.3333,"V1"
865,"baboon",0.34087091026679,2.73,0.2,"V1"
865,"elephant",0.461796787028655,4.08,0.2857,"V1"
865,"giraffe",0.531728751219335,3.32,0.1429,"V1"
865,"turtle",0.336592731015428,3.91,1e-04,"V1"
865,"horse",0.398846141035574,4.76,1e-04,"V1"
865,"mouse",0.405557406892151,4.31,0.25,"V1"
865,"lizard",0.343965777042339,3.63,1e-04,"V1"
865,"alligator",0.493420195592805,3.32,0.1429,"V1"
865,"chimpanzee",0.312892038103412,2.96,1e-04,"V1"
865,"bird",0.347154869739865,4.63,1e-04,"V1"
865,"owl",0.471534189595298,3.87,1e-04,"V1"
865,"groundhog",0.388558100353359,2.9,0.125,"V1"
865,"raccoon",0.413713850188123,3.27,0.125,"V1"
865,"fish",0.24267592371579,4.9,1e-04,"V1"
866,"dog",1e-04,5.1,1e-04,"V1"
866,"cow",0.457685090643497,4.14,1e-04,"V1"
866,"elephant",0.53248269801539,4.08,1e-04,"V1"
866,"giraffe",0.531728751219335,3.32,0.1429,"V1"
866,"groundhog",0.287217925662927,2.9,1e-04,"V1"
866,"squirrel",0.478836676663155,3.69,1e-04,"V1"
866,"raccoon",0.458479157755561,3.27,1e-04,"V1"
866,"possum",0.661859434793495,2.94,1e-04,"V1"
866,"deer",0.476818418255198,4.12,1e-04,"V1"
866,"cat",0.354083610234233,4.78,1e-04,"V1"
866,"mouse",0.570587937267601,4.31,1e-04,"V1"
866,"fish",0.423863887239631,4.9,1e-04,"V1"
866,"eagle",0.365424294011601,4.13,1e-04,"V1"
866,"canary",0.286159746728079,3.44,1e-04,"V1"
866,"crow",0.345527348332362,3.8,0.3333,"V1"
866,"bluebird",0.462711164685377,2.91,1e-04,"V1"
866,"mole",0.138856714189544,3.67,1e-04,"V1"
866,"vole",0.290805793496763,2.64,0.5,"V1"
866,"ferret",0.468219211661153,3.01,0.2,"V1"
866,"lion",0.267321483431912,4.25,0.2,"V1"
866,"tiger",0.528759043418185,4.3,0.25,"V1"
867,"ant",1e-04,3.86,1e-04,"V1"
867,"dog",0.371784277209122,5.1,1e-04,"V1"
867,"cat",0.623758677641872,4.78,1e-04,"V1"
867,"squirrel",0.403456369896554,3.69,0.1667,"V1"
867,"elephant",0.44429460361573,4.08,0.1429,"V1"
867,"zebra",0.398645443334533,3.4,0.1429,"V1"
867,"hippo",0.443146243456614,3.13,1e-04,"V1"
867,"crocodile",0.467073884113072,3.49,1e-04,"V1"
867,"shark",0.433319864220472,4.1,0.125,"V1"
867,"sea cucumber",0.332805884417628,3.4,0.1,"V1"
867,"stingray",0.230488399098369,2.93,0.1,"V1"
867,"octopus",0.35821345804275,3.46,0.1429,"V1"
867,"jellyfish",0.586040310197519,3.25,1e-04,"V1"
867,"bird",0.211802118925503,4.63,1e-04,"V1"
867,"blue jay",0.440057679532809,4.31,0.2,"V1"
867,"cardinal",0.347944687829097,3.9,1e-04,"V1"
867,"hamster",0.18810697035573,3.31,1e-04,"V1"
867,"mouse",0.47310706894873,4.31,0.1667,"V1"
867,"rat",0.604693003387871,4.17,1e-04,"V1"
867,"beaver",0.45527846922678,3.61,1e-04,"V1"
867,"crane",0.283080144919118,3.92,1e-04,"V1"
867,"mink",0.253333741051253,3.15,1e-04,"V1"
867,"lion",0.403355075088407,4.25,1e-04,"V1"
867,"bobcat",0.381328392449305,2.8,1e-04,"V1"
867,"panther",0.492855782837314,3.65,1e-04,"V1"
867,"jaguar",0.582347189991554,3.51,0.1667,"V1"
867,"frog",0.235594181299319,3.89,1e-04,"V1"
867,"lizard",0.48427123190069,3.63,1e-04,"V1"
868,"cat",1e-04,4.78,1e-04,"V1"
868,"fox",0.362494038244309,4.66,1e-04,"V1"
868,"wolf",0.502935051328439,4.35,1e-04,"V1"
868,"dog",0.526039756884275,5.1,1e-04,"V1"
868,"lemur",0.301955874469283,2.57,1e-04,"V1"
868,"chimpanzee",0.596191940164791,2.96,0.125,"V1"
868,"gorilla",0.626782628219811,3.62,1e-04,"V1"
868,"orangutan",0.650327308841719,2.8,0.125,"V1"
868,"bonobo",0.563266241954093,2.38,1e-04,"V1"
868,"whale",0.282889441177326,3.98,1e-04,"V1"
868,"dolphin",0.460046398175249,3.67,0.1667,"V1"
868,"fish",0.431172704094306,4.9,0.1667,"V1"
868,"shark",0.534300849683236,4.1,1e-04,"V1"
868,"dolphin",0.406287161301196,3.67,0.1667,"V1"
868,"eagle",0.32191321932512,4.13,0.1667,"V1"
868,"woodpecker",0.406465341125953,2.82,1e-04,"V1"
868,"blowfish",0.29875566902027,2.29,1e-04,"V1"
868,"swordfish",0.509718867355338,2.67,0.2857,"V1"
869,"cat",1e-04,4.78,1e-04,"V1"
869,"dog",0.623758677641872,5.1,1e-04,"V1"
869,"bear",0.466363296707127,4.71,1e-04,"V1"
869,"hen",0.309121290335603,3.56,0.3333,"V1"
869,"elephant",0.354485227668941,4.08,0.1429,"V1"
869,"giraffe",0.531728751219335,3.32,0.1429,"V1"
869,"zebra",0.452872463332715,3.4,1e-04,"V1"
869,"tiger",0.361305832325497,4.3,1e-04,"V1"
869,"salmon",0.350632854946381,4.01,1e-04,"V1"
869,"shark",0.412584077775014,4.1,1e-04,"V1"
869,"whale",0.478332747466783,3.98,1e-04,"V1"
869,"fish",0.488477821659792,4.9,1e-04,"V1"
869,"cow",0.472072797424674,4.14,1e-04,"V1"
869,"pig",0.507062208055918,4.14,1e-04,"V1"
869,"hawk",0.247415379140408,3.81,1e-04,"V1"
869,"chicken",0.312959690375504,4.63,0.2,"V1"
869,"bird",0.538003378560134,4.63,1e-04,"V1"
869,"insect",0.410828778163269,3.76,1e-04,"V1"
869,"crocodile",0.349334123661541,3.49,1e-04,"V1"
869,"guinea pig",0.300900561730367,3.8,1e-04,"V1"
869,"fish",0.338748210528525,4.9,0.1,"V1"
869,"pig",0.383476538905792,4.14,0.3333,"V1"
869,"chinchilla",0.291282453249828,2.57,0.1429,"V1"
869,"hamster",0.509235924195536,3.31,1e-04,"V1"
869,"gerbil",0.62253266752953,2.44,1e-04,"V1"
870,"tiger",1e-04,4.3,1e-04,"V1"
870,"lion",0.528759043418185,4.25,0.25,"V1"
870,"bear",0.49098996266998,4.71,1e-04,"V1"
870,"eagle",0.347417662990319,4.13,1e-04,"V1"
870,"cockroach",0.296148316932769,3.16,1e-04,"V1"
870,"ant",0.47384138066926,3.86,1e-04,"V1"
870,"falcon",0.271142146625969,3.74,0.1667,"V1"
870,"flamingo",0.270281306722474,3.06,0.125,"V1"
870,"roadrunner",0.351705499391899,2.4,1e-04,"V1"
870,"kangaroo",0.277948531544918,3.5,1e-04,"V1"
870,"tasmanian devil",0.481318163274832,3.18,0.0667,"V1"
870,"zebra",0.25236070212028,3.4,0.1333,"V1"
870,"leopard",0.554449968317689,3.59,1e-04,"V1"
870,"mountain lion",0.535102557244762,4.13,0.0909,"V1"
870,"cat",0.387887660972062,4.78,0.0909,"V1"
870,"chihuahua",0.353577949321251,3.21,1e-04,"V1"
870,"golden retriever",0.437773368134831,2.98,0.0769,"V1"
870,"wolf",0.32782359948082,4.35,0.0769,"V1"
870,"pig",0.401700483277168,4.14,1e-04,"V1"
870,"cow",0.507062208055918,4.14,1e-04,"V1"
870,"horse",0.553718551252932,4.76,1e-04,"V1"
870,"gopher",0.352305414450684,2.87,1e-04,"V1"
871,"aardvark",1e-04,2.39,1e-04,"V1"
871,"bat",0.385446470826971,4.3,1e-04,"V1"
871,"cat",0.468099737799536,4.78,0.6667,"V1"
871,"dog",0.623758677641872,5.1,1e-04,"V1"
871,"elephant",0.376325248682193,4.08,1e-04,"V1"
871,"fish",0.351673197755331,4.9,0.1429,"V1"
871,"giraffe",0.32246638590061,3.32,1e-04,"V1"
871,"iguana",0.352535296525655,2.74,1e-04,"V1"
871,"jaguar",0.245854221039802,3.51,0.1667,"V1"
871,"monkey",0.287205210926865,4.07,1e-04,"V1"
871,"gnat",0.280818890911645,2.46,1e-04,"V1"
871,"praying mantis",0.367409107608902,3.06,0.1818,"V1"
871,"bee",0.267575222949392,4.09,1e-04,"V1"
871,"beetle",0.36237140404877,3.53,0.4,"V1"
871,"bear",0.248113076459507,4.71,0.2,"V1"
872,"okapi",1e-04,1.85,1e-04,"V1"
872,"lion",0.415096203874517,4.25,0.2,"V1"
872,"snow leopard",0.557484439626506,3.56,0.125,"V1"
872,"otter",0.42596660854016,3.37,0.125,"V1"
872,"eagle",0.291592201673726,4.13,1e-04,"V1"
872,"snowy owl",0.402228849637138,3.32,0.1429,"V1"
872,"bear",0.269228892630787,4.71,0.1429,"V1"
872,"boa constrictor",0.272873935594248,2.32,0.1538,"V1"
872,"green tree python",0.368492214025081,3.73,0.0769,"V1"
872,"kiwi",0.182144572023623,3.33,0.1111,"V1"
872,"cat",0.249952758830439,4.78,0.1429,"V1"
872,"black panther",0.327935374303876,3.64,0.1111,"V1"
872,"tiger",0.448242436444628,4.3,0.1111,"V1"
872,"elephant",0.512978420587434,4.08,1e-04,"V1"
872,"crane",0.374819643377207,3.92,0.1429,"V1"
872,"parrot",0.286263168837465,3.49,0.2,"V1"
872,"armadillo",0.25333678473494,2.7,0.125,"V1"
872,"copperhead",0.442740010369782,2.28,1e-04,"V1"
872,"canary",0.321750375374071,3.44,0.1429,"V1"
872,"sparrow",0.451124365991387,3.48,0.3333,"V1"
872,"horse",0.306718402413358,4.76,0.2,"V1"
872,"grackle",0.542828860877429,1.72,1e-04,"V1"
873,"frog",1e-04,3.89,1e-04,"V1"
873,"toad",0.683481948340934,3.34,1e-04,"V1"
873,"cat",0.289445447967612,4.78,1e-04,"V1"
873,"dog",0.623758677641872,5.1,1e-04,"V1"
873,"whale",0.368347100094964,3.98,1e-04,"V1"
873,"fish",0.488477821659792,4.9,1e-04,"V1"
873,"dolphin",0.431172704094306,3.67,0.1667,"V1"
873,"shark",0.406287161301196,4.1,0.1667,"V1"
873,"chicken",0.319686466956975,4.63,1e-04,"V1"
873,"sheep",0.388413691886568,4.19,1e-04,"V1"
873,"wolf",0.437104617757238,4.35,1e-04,"V1"
873,"human",0.434682484022059,5.35,1e-04,"V1"
873,"rat",0.371205503120851,4.17,1e-04,"V1"
873,"snake",0.522901696803314,4.23,1e-04,"V1"
873,"anaconda",0.571528185659767,2.97,0.25,"V1"
873,"bird",0.237305093526832,4.63,0.125,"V1"
873,"salamander",0.326928201871753,2.76,0.1111,"V1"
874,"cat",1e-04,4.78,1e-04,"V1"
874,"dog",0.623758677641872,5.1,1e-04,"V1"
874,"dinosaur",0.305779052718543,3.77,0.1429,"V1"
874,"sabertoothed tiger",0.297855800697211,1e-04,1e-04,"V1"
874,"lion",0.502276361618386,4.25,0.0833,"V1"
874,"jaguar",0.434425142344899,3.51,1e-04,"V1"
874,"panther",0.582347189991554,3.65,0.1667,"V1"
874,"beetle",0.29896096399869,3.53,1e-04,"V1"
874,"dragonfly",0.462500392838602,3.03,0.1,"V1"
874,"ocelot",0.17850126876467,2.34,0.1,"V1"
874,"lion",0.307998034803972,4.25,0.1667,"V1"
874,"sea lion",0.776113793566895,4.19,0.6667,"V1"
874,"seal",0.503388588239401,4.3,0.5,"V1"
874,"shark",0.336154306883034,4.1,1e-04,"V1"
874,"pleco",0.379114197068531,1.28,0.1667,"V1"
874,"platypus",0.209412966821724,2.69,0.25,"V1"
874,"caterpillar",0.269143848105067,3.38,0.375,"V1"
874,"spider",0.413950703170817,4.25,0.25,"V1"
874,"black widow",0.583309745758871,4.06,0.125,"V1"
874,"wolverine",0.35965669179778,3.44,1e-04,"V1"
874,"bear",0.391222233058712,4.71,1e-04,"V1"
874,"bengal tiger",0.300079673027882,3.59,0.2,"V1"
874,"crane",0.21545267756444,3.92,1e-04,"V1"
874,"heron",0.383346411557111,3.09,0.4,"V1"
874,"flamingo",0.436863430609994,3.06,1e-04,"V1"
874,"polar bear",0.276204508098057,3.89,1e-04,"V1"
875,"cat",1e-04,4.78,1e-04,"V1"
875,"dog",0.623758677641872,5.1,1e-04,"V1"
875,"fish",0.508236488035705,4.9,1e-04,"V1"
875,"bird",0.494610620886714,4.63,1e-04,"V1"
875,"whale",0.393615316923094,3.98,1e-04,"V1"
875,"dolphin",0.460046398175249,3.67,0.1667,"V1"
875,"giraffe",0.333057594672787,3.32,0.1667,"V1"
875,"elephant",0.531728751219335,4.08,0.1429,"V1"
875,"hippo",0.545248795413395,3.13,1e-04,"V1"
875,"flamingo",0.484447963239229,3.06,0.25,"V1"
875,"parakeet",0.437144595859455,2.48,1e-04,"V1"
875,"emu",0.270213808713541,3.05,1e-04,"V1"
875,"rhino",0.336632172917272,3.57,1e-04,"V1"
875,"rabbit",0.29356839604144,4.05,0.2,"V1"
875,"lizard",0.381848737440938,3.63,1e-04,"V1"
875,"snake",0.46892304766632,4.23,1e-04,"V1"
875,"shark",0.373720936503342,4.1,0.25,"V1"
875,"mouse",0.335837346205253,4.31,1e-04,"V1"
875,"rat",0.604693003387871,4.17,1e-04,"V1"
875,"ferret",0.485449491421782,3.01,0.4,"V1"
875,"guinea pig",0.563364400269093,3.8,1e-04,"V1"
875,"hamster",0.616514374846831,3.31,1e-04,"V1"
875,"gerbil",0.62253266752953,2.44,1e-04,"V1"
875,"chinchilla",0.578359659484401,2.57,0.2857,"V1"
875,"sugar glider",0.528125179487562,3.08,0.1111,"V1"
875,"squirrel",0.3372445767004,3.69,0.1111,"V1"
875,"chipmunk",0.626327545622425,2.74,1e-04,"V1"
875,"raccoon",0.475983156949599,3.27,1e-04,"V1"
875,"possum",0.661859434793495,2.94,1e-04,"V1"
875,"llama",0.384591350618158,2.95,0.4,"V1"
875,"alpaca",0.755472830807546,2.8,0.3333,"V1"
876,"elephant",1e-04,4.08,1e-04,"V1"
876,"giraffe",0.531728751219335,3.32,0.1429,"V1"
876,"monkey",0.328726871940202,4.07,1e-04,"V1"
876,"dog",0.475770232658008,5.1,1e-04,"V1"
876,"cat",0.623758677641872,4.78,1e-04,"V1"
876,"goose",0.379857181982845,3.84,1e-04,"V1"
876,"swan",0.618747981657124,3.84,1e-04,"V1"
876,"penguin",0.374545467628066,3.78,0.2857,"V1"
876,"monkey",0.37509842152994,4.07,0.1429,"V1"
876,"gorilla",0.54295988121111,3.62,1e-04,"V1"
876,"hummingbird",0.287713784534933,2.96,1e-04,"V1"
876,"sparrow",0.513790397027654,3.48,1e-04,"V1"
876,"eagle",0.3484738830635,4.13,1e-04,"V1"
876,"snake",0.385152265998656,4.23,1e-04,"V1"
876,"rat",0.522901696803314,4.17,1e-04,"V1"
876,"mouse",0.604693003387871,4.31,1e-04,"V1"
876,"cat",0.570587937267601,4.78,1e-04,"V1"
877,"dog",1e-04,5.1,1e-04,"V1"
877,"cat",0.623758677641872,4.78,1e-04,"V1"
877,"lizard",0.36401934442504,3.63,1e-04,"V1"
877,"chicken",0.3812791384685,4.63,0.2,"V1"
877,"turkey",0.481742208900879,4.56,0.2,"V1"
877,"doe",0.265493405662406,3.84,1e-04,"V1"
877,"cow",0.341059192989911,4.14,1e-04,"V1"
877,"deer",0.425041595907377,4.12,1e-04,"V1"
877,"bear",0.421648779975054,4.71,0.3333,"V1"
877,"shark",0.352664479189428,4.1,0.25,"V1"
877,"elk",0.281178482294058,3.49,0.25,"V1"
877,"moose",0.603621968730004,3.61,1e-04,"V1"
877,"pigeon",0.320050709842335,3.61,1e-04,"V1"
877,"bluebird",0.424925535636394,2.91,1e-04,"V1"
877,"hummingbird",0.573245014472252,2.96,0.375,"V1"
877,"polar bear",0.346890988623241,3.89,0.125,"V1"
877,"snake",0.339038982636436,4.23,1e-04,"V1"
877,"spider",0.439961291038177,4.25,0.2,"V1"
877,"caterpillar",0.413950703170817,3.38,0.25,"V1"
877,"cricket",0.27307160433152,4.39,0.125,"V1"
877,"locust",0.263351054129595,3,0.3333,"V1"
877,"horsefly",0.499484662580906,1.64,1e-04,"V1"
877,"owl",0.390272387816409,3.87,0.125,"V1"
877,"tuna",0.20943608724376,3.64,1e-04,"V1"
877,"bluegill",0.362430840032912,2.16,0.1667,"V1"
877,"carp",0.68799563464491,3.18,1e-04,"V1"
877,"bass",0.465360057940193,4.28,1e-04,"V1"
877,"raccoon",0.2015538666536,3.27,1e-04,"V1"
878,"dog",1e-04,5.1,1e-04,"V1"
878,"elephant",0.376325248682193,4.08,1e-04,"V1"
878,"giraffe",0.531728751219335,3.32,0.1429,"V1"
878,"monkey",0.328726871940202,4.07,1e-04,"V1"
878,"pig",0.447738336878159,4.14,1e-04,"V1"
878,"horse",0.466828901895037,4.76,1e-04,"V1"
878,"cow",0.553718551252932,4.14,1e-04,"V1"
878,"sheep",0.488831024853225,4.19,1e-04,"V1"
878,"manatee",0.309921461399487,2.74,0.125,"V1"
878,"whale",0.51798184079902,3.98,1e-04,"V1"
878,"seal",0.423138136042003,4.3,0.3333,"V1"
878,"kangaroo",0.298311448535395,3.5,1e-04,"V1"
878,"crocodile",0.519143326535892,3.49,0.125,"V1"
878,"hippopotamus",0.431172880457067,2.56,0.1818,"V1"
878,"lion",0.342424091403062,4.25,0.0909,"V1"
878,"cheetah",0.476277696890677,3.2,1e-04,"V1"
878,"leopard",0.69012269077637,3.59,1e-04,"V1"
878,"panther",0.565526282274968,3.65,1e-04,"V1"
878,"panda",0.369964883466364,3.65,0.6,"V1"
878,"grizzly bear",0.42397500446503,3.26,1e-04,"V1"
878,"deer",0.457418055284156,4.12,0.2222,"V1"
878,"gazelle",0.346411830684741,2.87,1e-04,"V1"
878,"bird",0.274615725091859,4.63,1e-04,"V1"
879,"rabbit",1e-04,4.05,1e-04,"V1"
879,"monkey",0.43449609830089,4.07,1e-04,"V1"
879,"llama",0.368555390965525,2.95,1e-04,"V1"
879,"kangaroo",0.394264569038971,3.5,1e-04,"V1"
879,"orangutan",0.436630413792697,2.8,0.125,"V1"
879,"koala",0.443284289682608,3.04,0.125,"V1"
879,"bat",0.387308183086989,4.3,1e-04,"V1"
879,"giraffe",0.291061823844415,3.32,0.25,"V1"
879,"cheetah",0.432396655770631,3.2,1e-04,"V1"
879,"rhino",0.390980389741252,3.57,1e-04,"V1"
879,"polar bear",0.353588919257028,3.89,1e-04,"V1"
879,"penguin",0.514910279524421,3.78,0.1429,"V1"
