"Subject","Model","Beta_Frequency","Beta_Semantic","Beta_Phonological","Negative_Log_Likelihood_Optimized","version"
2,"forage_phonologicaldynamiclocal_simdrop",3.91300665112295,5.09969638397869,-0.0252464028334069,129.682613347669,"V1"
2,"forage_phonologicaldynamiclocal_delta_rise=0.0_fall=1.0",3.86522116829555,5.62937504681852,-0.076651642378631,128.348127495524,"V1"
2,"forage_phonologicaldynamiclocal_troyerextended",3.75308481732023,6.68856040933309,-0.202593758596253,133.592322226303,"V1"
4,"forage_phonologicaldynamiclocal_simdrop",7.31863041411226,4.45198174586186,-0.0897915692901907,97.6763858683705,"V1"
4,"forage_phonologicaldynamiclocal_delta_rise=0.0_fall=1.0",7.31593722093932,4.8621447642661,-0.138212575844752,97.3069477761432,"V1"
4,"forage_phonologicaldynamiclocal_troyerextended",7.55825532397638,4.48613648056669,-0.0833373087906304,100.298295958447,"V1"
5,"forage_phonologicaldynamiclocal_simdrop",4.10367123808447,6.60686942996701,-0.31955170839238,117.200193483968,"V1"
5,"forage_phonologicaldynamiclocal_delta_rise=0.0_fall=1.0",4.1809545790289,7.39624668486671,-0.358473609922259,115.09836811492,"V1"
5,"forage_phonologicaldynamiclocal_troyerextended",3.77426256830589,7.4229593593943,-0.435439609290981,113.209307216915,"V1"
6,"forage_phonologicaldynamiclocal_simdrop",3.28968477888128,5.6709429797306,-0.141216184892873,153.999079380458,"V1"
6,"forage_phonologicaldynamiclocal_delta_rise=0.0_fall=1.0",3.30377129883885,5.78168846376537,-0.140346223845546,153.517684835416,"V1"
6,"forage_phonologicaldynamiclocal_troyerextended",3.41025125282783,5.62390963787362,-0.110813090974577,155.866932159342,"V1"
7,"forage_phonologicaldynamiclocal_simdrop",3.84704140073764,3.81586593563104,0.0696311745392158,163.949949246495,"V1"
7,"forage_phonologicaldynamiclocal_delta_rise=0.0_fall=1.0",3.77931522726304,4.11268804536007,0.0288754851221759,161.98479382034,"V1"
7,"forage_phonologicaldynamiclocal_troyerextended",3.99189125344623,4.15406827397635,0.0203357523049218,168.14817824734,"V1"
11,"forage_phonologicaldynamiclocal_simdrop",3.37711623514298,5.31910035044084,-0.0748122324433687,164.565698744148,"V1"
11,"forage_phonologicaldynamiclocal_delta_rise=0.0_fall=1.0",3.18864694904677,5.14904856950977,-0.0943040085175022,162.562127930176,"V1"
11,"forage_phonologicaldynamiclocal_troyerextended",3.40096266918537,5.45379414505472,-0.0582587100185296,166.832178887092,"V1"
12,"forage_phonologicaldynamiclocal_simdrop",3.99351963503376,3.32110448253353,-0.0854025100421307,131.176144302305,"V1"
12,"forage_phonologicaldynamiclocal_delta_rise=0.0_fall=1.0",4.1169585369621,3.37320839234641,-0.071153089174816,131.592461650553,"V1"
12,"forage_phonologicaldynamiclocal_troyerextended",4.19572449283909,5.07906165476253,-0.0963408258477305,135.335396929404,"V1"
15,"forage_phonologicaldynamiclocal_simdrop",6.69441474943404,5.16966668880963,-0.412766027273204,123.105437268397,"V1"
15,"forage_phonologicaldynamiclocal_delta_rise=0.0_fall=1.0",6.76756085967623,5.5951416300664,-0.440093321482787,122.923161298059,"V1"
15,"forage_phonologicaldynamiclocal_troyerextended",6.97546881286088,6.93193738292356,-0.46623170324226,128.035219247392,"V1"
16,"forage_phonologicaldynamiclocal_simdrop",6.62568269643753,7.32707302436722,-0.442993778048775,112.048719620593,"V1"
16,"forage_phonologicaldynamiclocal_delta_rise=0.0_fall=1.0",6.678094350355,8.77968475486925,-0.650441071794786,107.457408446134,"V1"
16,"forage_phonologicaldynamiclocal_troyerextended",6.49779828620396,7.58748951070074,-0.543159301310001,113.595131312334,"V1"
17,"forage_phonologicaldynamiclocal_simdrop",5.59616193782627,7.52431752770655,-0.444088732163163,98.5057589747188,"V1"
17,"forage_phonologicaldynamiclocal_delta_rise=0.0_fall=1.0",6.00280291325851,7.49803936633394,-0.368733575515995,107.026970521246,"V1"
17,"forage_phonologicaldynamiclocal_troyerextended",5.63236108297326,7.80920092850059,-0.455737405931764,100.942229955579,"V1"
18,"forage_phonologicaldynamiclocal_simdrop",5.59616550106291,7.5243159992013,-0.444088780643497,98.5057589747182,"V1"
18,"forage_phonologicaldynamiclocal_delta_rise=0.0_fall=1.0",6.00279647965311,7.49803788954642,-0.368733442758645,107.026970521227,"V1"
18,"forage_phonologicaldynamiclocal_troyerextended",5.63235369019154,7.80920384038571,-0.455737534066328,100.942229955584,"V1"
19,"forage_phonologicaldynamiclocal_simdrop",3.89087112748611,4.70452418569926,-0.0332058392032159,188.559533609707,"V1"
19,"forage_phonologicaldynamiclocal_delta_rise=0.0_fall=1.0",4.12718570435465,5.88745637526412,-0.154746073451297,190.033321291998,"V1"
19,"forage_phonologicaldynamiclocal_troyerextended",4.15640904950803,5.14108616671364,-0.0884640154209458,188.457679547528,"V1"
20,"forage_phonologicaldynamiclocal_simdrop",5.08676315923516,5.59145642207728,-0.181709568503749,97.3435627723022,"V1"
20,"forage_phonologicaldynamiclocal_delta_rise=0.0_fall=1.0",5.0867695323261,5.59146095367161,-0.181709813520121,97.3435627722886,"V1"
20,"forage_phonologicaldynamiclocal_troyerextended",5.09875950649786,4.90892379833714,-0.137952599931087,101.196468797615,"V1"
21,"forage_phonologicaldynamiclocal_simdrop",7.1386174215119,4.82190107093717,-0.288672292738038,126.992051903829,"V1"
21,"forage_phonologicaldynamiclocal_delta_rise=0.0_fall=1.0",7.21248348111142,5.62337738345852,-0.372764412067248,127.775761282769,"V1"
21,"forage_phonologicaldynamiclocal_troyerextended",7.50034174406682,4.78133965652325,-0.236169686484241,127.599563436776,"V1"
22,"forage_phonologicaldynamiclocal_simdrop",5.23610697062067,4.38147844996282,-0.0852852886460699,114.955486614791,"V1"
22,"forage_phonologicaldynamiclocal_delta_rise=0.0_fall=1.0",5.39944414916571,3.47745367900389,-0.00999083082921883,117.95750884724,"V1"
22,"forage_phonologicaldynamiclocal_troyerextended",4.96341085024724,4.28144480541348,-0.027891494418873,116.730058589192,"V1"
23,"forage_phonologicaldynamiclocal_simdrop",5.26620074135156,5.59072919616305,-0.192662309620656,134.0656296811,"V1"
23,"forage_phonologicaldynamiclocal_delta_rise=0.0_fall=1.0",5.63738244218679,5.47419457926372,-0.181537815459454,134.110285919837,"V1"
23,"forage_phonologicaldynamiclocal_troyerextended",5.3842401241716,6.25911995093313,-0.22412365990883,134.543959287599,"V1"
24,"forage_phonologicaldynamiclocal_simdrop",6.55237661129161,5.94306836553445,-0.338888200193944,102.265822717128,"V1"
24,"forage_phonologicaldynamiclocal_delta_rise=0.0_fall=1.0",6.50020113024364,5.37995500969078,-0.268984204419252,102.102166787355,"V1"
24,"forage_phonologicaldynamiclocal_troyerextended",6.54617420001684,6.53415362769536,-0.462101692799241,99.8588688490553,"V1"
25,"forage_phonologicaldynamiclocal_simdrop",6.97865696149087,4.90143181189995,-0.137248974914624,109.10502141922,"V1"
25,"forage_phonologicaldynamiclocal_delta_rise=0.0_fall=1.0",7.13713523008886,4.25888650780286,-0.0567537806284284,109.535902325974,"V1"
25,"forage_phonologicaldynamiclocal_troyerextended",7.43286419658951,5.11066194210219,-0.0996131139952836,109.839916326021,"V1"
26,"forage_phonologicaldynamiclocal_simdrop",5.86781067023565,7.58661692815688,-0.433991322666719,128.754370839398,"V1"
26,"forage_phonologicaldynamiclocal_delta_rise=0.0_fall=1.0",5.78189790302432,6.96573259854675,-0.355471316512679,129.584907732082,"V1"
26,"forage_phonologicaldynamiclocal_troyerextended",5.93348606726528,6.15121276847609,-0.224965541464048,139.296852723871,"V1"
28,"forage_phonologicaldynamiclocal_simdrop",4.80201701143256,4.93938417462844,-0.0958594000634154,149.368817650244,"V1"
28,"forage_phonologicaldynamiclocal_delta_rise=0.0_fall=1.0",4.96809852762776,4.66051782259742,-0.055201549551425,151.067919712016,"V1"
28,"forage_phonologicaldynamiclocal_troyerextended",4.92339239224591,5.29614522554014,-0.132631806775017,148.223772649591,"V1"
29,"forage_phonologicaldynamiclocal_simdrop",5.78868700150596,5.39394938625231,-0.285783351974926,116.931738022645,"V1"
29,"forage_phonologicaldynamiclocal_delta_rise=0.0_fall=1.0",6.10344040893411,5.09468496524227,-0.164272830688586,121.254506182402,"V1"
29,"forage_phonologicaldynamiclocal_troyerextended",6.06709637178208,5.67736754925881,-0.258696557223806,119.440916709433,"V1"
30,"forage_phonologicaldynamiclocal_simdrop",5.72215963097546,6.70032983645032,-0.237356943310649,139.025585768985,"V1"
30,"forage_phonologicaldynamiclocal_delta_rise=0.0_fall=1.0",5.77087199250608,7.37749086559071,-0.306616785063298,137.127524431149,"V1"
30,"forage_phonologicaldynamiclocal_troyerextended",5.99674286749608,7.0951721565198,-0.277441960655868,141.071885884547,"V1"
31,"forage_phonologicaldynamiclocal_simdrop",5.07223561116978,2.98697006946025,-0.0761379186256764,126.996398358448,"V1"
31,"forage_phonologicaldynamiclocal_delta_rise=0.0_fall=1.0",5.12715633872273,2.73673079199065,-0.0142229463477215,128.376436010566,"V1"
31,"forage_phonologicaldynamiclocal_troyerextended",5.39078191803108,3.82717325094394,0.116885871380845,128.755111025585,"V1"
32,"forage_phonologicaldynamiclocal_simdrop",5.58925661106065,5.93365343336732,-0.292200445713699,77.9166745863028,"V1"
32,"forage_phonologicaldynamiclocal_delta_rise=0.0_fall=1.0",5.59998000671277,6.5110724752531,-0.352186712549495,77.7568569196392,"V1"
32,"forage_phonologicaldynamiclocal_troyerextended",5.52895292149808,6.25222873812144,-0.273262576931701,80.0254011701534,"V1"
33,"forage_phonologicaldynamiclocal_simdrop",5.58655051966686,5.91258347961954,-0.260867061775586,128.129037819645,"V1"
33,"forage_phonologicaldynamiclocal_delta_rise=0.0_fall=1.0",5.68293113127443,5.20811014899609,-0.164859617712435,132.627882041167,"V1"
33,"forage_phonologicaldynamiclocal_troyerextended",5.70799385735667,5.77173698777272,-0.238535169315329,129.724111509189,"V1"
35,"forage_phonologicaldynamiclocal_simdrop",5.90681963097643,6.11810142712618,-0.267783101354018,125.548848308756,"V1"
35,"forage_phonologicaldynamiclocal_delta_rise=0.0_fall=1.0",5.76274971149221,5.18116414099622,-0.15447911418253,126.982096262753,"V1"
35,"forage_phonologicaldynamiclocal_troyerextended",5.70091859282339,5.31411485227971,-0.133253271501098,127.366438527999,"V1"
37,"forage_phonologicaldynamiclocal_simdrop",6.35556341553607,3.36760637466061,-0.0568701125309879,136.438243899199,"V1"
37,"forage_phonologicaldynamiclocal_delta_rise=0.0_fall=1.0",6.28901858797199,4.13146933020253,-0.130346719793614,135.654508638565,"V1"
37,"forage_phonologicaldynamiclocal_troyerextended",6.43013602522112,5.1918894795354,-0.224689951513224,137.047559916528,"V1"
38,"forage_phonologicaldynamiclocal_simdrop",4.53873583539471,7.21923072386313,-0.388758027330867,130.954862467272,"V1"
38,"forage_phonologicaldynamiclocal_delta_rise=0.0_fall=1.0",4.30794877815626,6.55203689924644,-0.30896323686307,134.09343694858,"V1"
38,"forage_phonologicaldynamiclocal_troyerextended",4.98295426698136,8.003034424196,-0.464463449406833,133.184758400582,"V1"
39,"forage_phonologicaldynamiclocal_simdrop",4.33509319739073,5.77030313879236,-0.161106988710576,100.356045699616,"V1"
39,"forage_phonologicaldynamiclocal_delta_rise=0.0_fall=1.0",4.00935184654245,5.91453183363651,-0.190409768458587,99.5629721793234,"V1"
39,"forage_phonologicaldynamiclocal_troyerextended",4.32243512836832,8.00745158326406,-0.378950382202002,102.280879744969,"V1"
40,"forage_phonologicaldynamiclocal_simdrop",4.35050310202858,6.92735621187208,-0.276054097838359,171.485652593537,"V1"
40,"forage_phonologicaldynamiclocal_delta_rise=0.0_fall=1.0",4.44213078665283,7.15063720500031,-0.294076771451071,169.256042166991,"V1"
40,"forage_phonologicaldynamiclocal_troyerextended",4.35511346645343,7.68266449558937,-0.34503552294831,172.051064509921,"V1"
41,"forage_phonologicaldynamiclocal_simdrop",6.48172942075341,3.49247499434959,-0.0362093446907264,117.43716000019,"V1"
41,"forage_phonologicaldynamiclocal_delta_rise=0.0_fall=1.0",6.47192692062677,3.76165209344752,-0.0774995905258432,117.322922780582,"V1"
41,"forage_phonologicaldynamiclocal_troyerextended",6.83198659149713,3.7361342364667,0.0591492400553082,120.510538360893,"V1"
42,"forage_phonologicaldynamiclocal_simdrop",4.66992778914709,4.74838367843223,-0.098706776549241,203.813569767113,"V1"
42,"forage_phonologicaldynamiclocal_delta_rise=0.0_fall=1.0",4.86742867399333,4.66653226644894,-0.0656664063523597,202.067483562699,"V1"
42,"forage_phonologicaldynamiclocal_troyerextended",4.87716212495597,5.05063580253025,-0.112852052631343,204.653741596772,"V1"
43,"forage_phonologicaldynamiclocal_simdrop",4.91623622729523,5.15336459392354,-0.140830635399668,157.011263345393,"V1"
43,"forage_phonologicaldynamiclocal_delta_rise=0.0_fall=1.0",5.05328850474446,5.4632839808062,-0.152104456851953,158.015826546017,"V1"
43,"forage_phonologicaldynamiclocal_troyerextended",5.03676924800543,7.00517430728996,-0.311219464990922,156.778944087019,"V1"
44,"forage_phonologicaldynamiclocal_simdrop",4.13887554207973,4.05930396850567,-0.0432057061486388,160.597491477084,"V1"
44,"forage_phonologicaldynamiclocal_delta_rise=0.0_fall=1.0",4.21364733084391,4.93780053050319,-0.10854039141295,159.3617404315,"V1"
44,"forage_phonologicaldynamiclocal_troyerextended",4.24368548746861,4.55297727280203,-0.0920127699398706,159.454813435232,"V1"
45,"forage_phonologicaldynamiclocal_simdrop",5.89708582546416,4.86302227175245,-0.0837590885459845,98.9508945342269,"V1"
45,"forage_phonologicaldynamiclocal_delta_rise=0.0_fall=1.0",5.81703793293959,5.16221526366743,-0.140929459461122,95.950493339946,"V1"
45,"forage_phonologicaldynamiclocal_troyerextended",6.113386375612,8.73006579558417,-0.416077398000811,99.8773259655624,"V1"
50,"forage_phonologicaldynamiclocal_simdrop",4.84376696095583,5.20379449407957,-0.211360872512624,117.768669920387,"V1"
50,"forage_phonologicaldynamiclocal_delta_rise=0.0_fall=1.0",4.85693289645954,5.12324659620423,-0.186093341460056,119.786264912193,"V1"
50,"forage_phonologicaldynamiclocal_troyerextended",4.60610162760906,4.75811740889886,-0.183527814206684,121.177832318762,"V1"
52,"forage_phonologicaldynamiclocal_simdrop",5.47393783083042,4.73250314536429,-0.0926240513631295,147.252268054696,"V1"
52,"forage_phonologicaldynamiclocal_delta_rise=0.0_fall=1.0",5.6336816342291,4.92798930708097,-0.114706061629716,145.734124854743,"V1"
52,"forage_phonologicaldynamiclocal_troyerextended",5.92605091466192,5.57101486678152,-0.12537632578634,148.477851109989,"V1"
53,"forage_phonologicaldynamiclocal_simdrop",0.0706341197751969,6.50591325142638,-0.285031351248358,132.17107175703,"V1"
53,"forage_phonologicaldynamiclocal_delta_rise=0.0_fall=1.0",0.0568452194354689,6.30320313025562,-0.254581416605012,128.370492076839,"V1"
53,"forage_phonologicaldynamiclocal_troyerextended",0.0735209339602816,8.07624378369482,-0.500386891956642,127.965259615616,"V1"
54,"forage_phonologicaldynamiclocal_simdrop",4.26859773935946,6.84911503560245,-0.339011035984526,172.997220360224,"V1"
54,"forage_phonologicaldynamiclocal_delta_rise=0.0_fall=1.0",4.38219252733938,8.57300047268184,-0.590937604969799,164.419070546909,"V1"
54,"forage_phonologicaldynamiclocal_troyerextended",4.34281879652953,9.55014852376708,-0.706666556144166,169.418277015313,"V1"
55,"forage_phonologicaldynamiclocal_simdrop",4.68012086972355,6.22081846365172,-0.25598779533164,206.997960316498,"V1"
55,"forage_phonologicaldynamiclocal_delta_rise=0.0_fall=1.0",4.52042548544038,5.88707194374006,-0.275917606990817,210.859230996395,"V1"
55,"forage_phonologicaldynamiclocal_troyerextended",4.90369073027262,7.670307537303,-0.408183956673212,204.264151170386,"V1"
56,"forage_phonologicaldynamiclocal_simdrop",5.31477536751612,4.45290023775042,-0.105859479860342,114.495009214027,"V1"
56,"forage_phonologicaldynamiclocal_delta_rise=0.0_fall=1.0",5.00965636974061,4.69181460151396,-0.156355795461743,111.839559347459,"V1"
56,"forage_phonologicaldynamiclocal_troyerextended",5.14784810824753,5.23079590524324,-0.202981229122939,111.44052041637,"V1"
57,"forage_phonologicaldynamiclocal_simdrop",5.42421822389741,4.12572801881553,-0.123781247731872,94.1873584241662,"V1"
57,"forage_phonologicaldynamiclocal_delta_rise=0.0_fall=1.0",5.71846591300716,4.04911875210611,-0.114727518052512,94.7801460038188,"V1"
57,"forage_phonologicaldynamiclocal_troyerextended",5.79079289890128,5.60477566915348,-0.248756337405707,92.883526385273,"V1"
60,"forage_phonologicaldynamiclocal_simdrop",4.50048527828179,6.81811338688726,-0.406953801634555,130.737709048791,"V1"
60,"forage_phonologicaldynamiclocal_delta_rise=0.0_fall=1.0",4.53780983078563,6.48312369083993,-0.406805192573119,130.858655491742,"V1"
60,"forage_phonologicaldynamiclocal_troyerextended",4.45873550988184,7.78030129091473,-0.42641800367498,136.729219406898,"V1"
61,"forage_phonologicaldynamiclocal_simdrop",4.59968045237031,6.16131289760156,-0.228274393810856,61.8786117507855,"V1"
61,"forage_phonologicaldynamiclocal_delta_rise=0.0_fall=1.0",4.628212693479,6.0286556387243,-0.122876448896719,65.6415729578096,"V1"
61,"forage_phonologicaldynamiclocal_troyerextended",4.78514225133905,8.01236529890637,-0.334915513748854,65.5746757731006,"V1"
62,"forage_phonologicaldynamiclocal_simdrop",4.78909299326374,5.49445854891322,-0.0709318191951357,104.331865935704,"V1"
62,"forage_phonologicaldynamiclocal_delta_rise=0.0_fall=1.0",4.68661128980826,5.47464435798586,-0.0761550484558682,104.33878764388,"V1"
62,"forage_phonologicaldynamiclocal_troyerextended",4.4496139818459,5.20575759678237,-0.0653687229269858,110.917565685511,"V1"
63,"forage_phonologicaldynamiclocal_simdrop",4.64733729219388,7.66272324063194,-0.438799173377189,139.387934858203,"V1"
63,"forage_phonologicaldynamiclocal_delta_rise=0.0_fall=1.0",4.60266094525634,7.28625316755201,-0.359173772264881,142.175015768241,"V1"
63,"forage_phonologicaldynamiclocal_troyerextended",4.91535007732284,6.7642024496609,-0.299461498185412,146.921611973568,"V1"
64,"forage_phonologicaldynamiclocal_simdrop",5.84935088369112,4.8851952290871,-0.163211104608105,130.207869545202,"V1"
64,"forage_phonologicaldynamiclocal_delta_rise=0.0_fall=1.0",6.00641563558858,4.79426532834623,-0.180052133139227,129.494782382004,"V1"
64,"forage_phonologicaldynamiclocal_troyerextended",5.85661134292835,6.25975522032348,-0.338426051614297,131.359860264918,"V1"
65,"forage_phonologicaldynamiclocal_simdrop",4.74746654939895,5.59777170722165,-0.127448384019647,156.919422117034,"V1"
65,"forage_phonologicaldynamiclocal_delta_rise=0.0_fall=1.0",4.88289310632864,5.31923421337774,-0.0910106086778214,158.047940599587,"V1"
65,"forage_phonologicaldynamiclocal_troyerextended",4.79074422542991,6.64904722383737,-0.229349481797707,160.832869297838,"V1"
66,"forage_phonologicaldynamiclocal_simdrop",4.43725399314818,5.8150670860524,-0.188878452329116,135.584474848418,"V1"
66,"forage_phonologicaldynamiclocal_delta_rise=0.0_fall=1.0",4.13948562766561,6.07619689960065,-0.27566904892046,131.880359740567,"V1"
66,"forage_phonologicaldynamiclocal_troyerextended",4.23773349988747,5.87346048841224,-0.242765174601749,137.658876912321,"V1"
67,"forage_phonologicaldynamiclocal_simdrop",7.28696468989205,5.59835284219895,-0.443459718728091,85.1277913989877,"V1"
67,"forage_phonologicaldynamiclocal_delta_rise=0.0_fall=1.0",8.04093613749089,8.3756150172444,-2.65883120437598,81.824363920323,"V1"
67,"forage_phonologicaldynamiclocal_troyerextended",9.18262928953995,12.5593056333595,-2.61379204707532,83.5292341843987,"V1"
68,"forage_phonologicaldynamiclocal_simdrop",5.1857296075355,5.61926429712553,-0.252464507483485,124.822477928867,"V1"
68,"forage_phonologicaldynamiclocal_delta_rise=0.0_fall=1.0",5.49053606820066,5.54145718880039,-0.206993989631538,128.128613924163,"V1"
68,"forage_phonologicaldynamiclocal_troyerextended",5.43503751468515,5.62657364412232,-0.232337329033031,126.541367680453,"V1"
69,"forage_phonologicaldynamiclocal_simdrop",6.47979378033174,5.378827757887,-0.226798340203996,99.2351722868102,"V1"
69,"forage_phonologicaldynamiclocal_delta_rise=0.0_fall=1.0",6.68952472725165,6.64223966609856,-0.392343179141366,95.0122010534047,"V1"
69,"forage_phonologicaldynamiclocal_troyerextended",6.50356917148303,8.29689289415398,-0.580694926102505,97.6630529412924,"V1"
70,"forage_phonologicaldynamiclocal_simdrop",5.22969921034322,5.70631111525005,-0.218774757452699,101.447891183515,"V1"
70,"forage_phonologicaldynamiclocal_delta_rise=0.0_fall=1.0",5.40979465368753,6.51889678745341,-0.304748554427245,100.079220255153,"V1"
70,"forage_phonologicaldynamiclocal_troyerextended",5.28077612645255,6.76934867800652,-0.296292480139279,106.503985193533,"V1"
71,"forage_phonologicaldynamiclocal_simdrop",5.01758255094772,6.96933383903908,-0.381796794142076,131.203246803298,"V1"
71,"forage_phonologicaldynamiclocal_delta_rise=0.0_fall=1.0",4.84197575603243,6.77202770795185,-0.383128821545561,130.846654352449,"V1"
71,"forage_phonologicaldynamiclocal_troyerextended",4.91544138314907,7.09152509354188,-0.423328680043266,129.740001031559,"V1"
72,"forage_phonologicaldynamiclocal_simdrop",5.64680034605563,5.44707942765458,-0.181792789622981,102.028613596741,"V1"
72,"forage_phonologicaldynamiclocal_delta_rise=0.0_fall=1.0",5.57569998272884,5.22952347188995,-0.152656795604048,103.88928850699,"V1"
72,"forage_phonologicaldynamiclocal_troyerextended",5.63415645894908,5.9289495135272,-0.238254620957809,102.372747745736,"V1"
73,"forage_phonologicaldynamiclocal_simdrop",5.62568426875113,6.49134628921662,-0.317197422679264,115.651502488672,"V1"
73,"forage_phonologicaldynamiclocal_delta_rise=0.0_fall=1.0",5.5987864706955,5.57816823492327,-0.193479277899472,116.133806873223,"V1"
73,"forage_phonologicaldynamiclocal_troyerextended",5.63250550742,6.07527989682228,-0.198780716071022,119.956161845134,"V1"
74,"forage_phonologicaldynamiclocal_simdrop",4.10280496647531,4.17681034470974,-0.0552068266385557,165.937474909065,"V1"
74,"forage_phonologicaldynamiclocal_delta_rise=0.0_fall=1.0",4.00623527091591,4.1223021618226,-0.0584007540745344,165.52069264808,"V1"
74,"forage_phonologicaldynamiclocal_troyerextended",4.18431206953067,4.60354030065483,-0.0281625631638394,170.155643537115,"V1"
76,"forage_phonologicaldynamiclocal_simdrop",4.7719670108592,5.66444075493684,-0.391382718283794,103.202639277282,"V1"
76,"forage_phonologicaldynamiclocal_delta_rise=0.0_fall=1.0",4.89236664437749,6.55504833930728,-0.350259446467522,99.4028542784096,"V1"
76,"forage_phonologicaldynamiclocal_troyerextended",5.05457327883728,5.22089812640388,-0.2411290364192,107.818739346484,"V1"
77,"forage_phonologicaldynamiclocal_simdrop",4.30154697256834,3.99420348286131,-0.0698020235531041,128.407487477343,"V1"
77,"forage_phonologicaldynamiclocal_delta_rise=0.0_fall=1.0",4.0923258500923,3.8107147267286,-0.0465639431580562,128.119426363052,"V1"
77,"forage_phonologicaldynamiclocal_troyerextended",4.54898393667869,5.67093062566878,-0.0865800649068114,127.126792007761,"V1"
78,"forage_phonologicaldynamiclocal_simdrop",5.54392896523499,4.57685103720652,-0.0183397232823435,96.9522176582416,"V1"
78,"forage_phonologicaldynamiclocal_delta_rise=0.0_fall=1.0",5.55775282704986,4.55929815902955,-0.0408093069883541,96.5895272219662,"V1"
78,"forage_phonologicaldynamiclocal_troyerextended",5.59585529070816,5.96994459147326,-0.198246972387414,97.0841690770281,"V1"
79,"forage_phonologicaldynamiclocal_simdrop",4.78228635988271,4.24044562322933,-0.0742893500535198,152.874011212814,"V1"
79,"forage_phonologicaldynamiclocal_delta_rise=0.0_fall=1.0",4.87059218252433,4.41178709748868,-0.128120818102848,151.267028168356,"V1"
79,"forage_phonologicaldynamiclocal_troyerextended",5.21018548743277,5.26213998893176,-0.134320262486109,157.780892262576,"V1"
80,"forage_phonologicaldynamiclocal_simdrop",5.4083422656472,4.49681322979282,-0.144997853673729,99.0987213308085,"V1"
80,"forage_phonologicaldynamiclocal_delta_rise=0.0_fall=1.0",5.75805827314837,3.73990193266908,-0.0601465982580678,101.225843520823,"V1"
80,"forage_phonologicaldynamiclocal_troyerextended",5.55660367248512,4.74500944928005,-0.136121943841994,101.813276349635,"V1"
81,"forage_phonologicaldynamiclocal_simdrop",5.29301578458352,4.70800487118476,-0.0711207577381222,129.783513813781,"V1"
81,"forage_phonologicaldynamiclocal_delta_rise=0.0_fall=1.0",5.4536610958257,4.2866888274121,-0.0221217194393247,127.480041514819,"V1"
81,"forage_phonologicaldynamiclocal_troyerextended",5.29933764199884,4.58100639236019,-0.0798657703815463,132.631893984824,"V1"
82,"forage_phonologicaldynamiclocal_simdrop",5.06358452059296,5.94232603360074,-0.156954101336687,107.924938668325,"V1"
82,"forage_phonologicaldynamiclocal_delta_rise=0.0_fall=1.0",5.03180417412374,6.68686738307601,-0.236700003709001,106.805237145594,"V1"
82,"forage_phonologicaldynamiclocal_troyerextended",4.65874370078426,6.21352619774718,-0.237504807684445,107.51189830517,"V1"
83,"forage_phonologicaldynamiclocal_simdrop",5.12251255232381,3.48303221591834,-0.0150733555264267,94.5714355347161,"V1"
83,"forage_phonologicaldynamiclocal_delta_rise=0.0_fall=1.0",5.21373002577023,3.69048618671577,-0.0621514249810462,94.3357115417364,"V1"
83,"forage_phonologicaldynamiclocal_troyerextended",5.20403882632694,6.75851280011514,-2.33880098777046,95.1908037195853,"V1"
84,"forage_phonologicaldynamiclocal_simdrop",4.724234211629,4.98856407545666,-0.16967824821191,152.142929292398,"V1"
84,"forage_phonologicaldynamiclocal_delta_rise=0.0_fall=1.0",4.61535165992479,4.69244531793828,-0.168726873328039,150.407742807368,"V1"
84,"forage_phonologicaldynamiclocal_troyerextended",5.17651761518675,4.42048140327673,0.00111829911709208,160.781024626707,"V1"
85,"forage_phonologicaldynamiclocal_simdrop",5.7510528958291,4.30123391647431,-0.161324468902093,145.782513217887,"V1"
85,"forage_phonologicaldynamiclocal_delta_rise=0.0_fall=1.0",5.89221199656856,4.04266586665018,-0.120677921083689,146.989539739189,"V1"
85,"forage_phonologicaldynamiclocal_troyerextended",6.07646944054943,4.22636755056374,-0.109204474896896,152.121768148739,"V1"
86,"forage_phonologicaldynamiclocal_simdrop",1.23463705666484,4.93221750092647,0.00133353553256363,184.924145195341,"V1"
86,"forage_phonologicaldynamiclocal_delta_rise=0.0_fall=1.0",1.33783644829481,4.47784257145648,0.0036342716670253,188.135871473807,"V1"
86,"forage_phonologicaldynamiclocal_troyerextended",1.25839835788233,4.50208773246295,-0.0107856007584311,191.597103502871,"V1"
87,"forage_phonologicaldynamiclocal_simdrop",4.9047167624697,4.87865357523846,-0.158578278393704,167.13384717862,"V1"
87,"forage_phonologicaldynamiclocal_delta_rise=0.0_fall=1.0",5.08116458383997,4.64318208830809,-0.121996939896676,170.3040229222,"V1"
87,"forage_phonologicaldynamiclocal_troyerextended",4.87183205981658,5.50112311995377,-0.160503686849223,169.074826404889,"V1"
88,"forage_phonologicaldynamiclocal_simdrop",5.62357404161191,5.79631864274452,-0.237356569408935,148.304223079699,"V1"
88,"forage_phonologicaldynamiclocal_delta_rise=0.0_fall=1.0",5.37108989364455,6.28700529398196,-0.355125222555409,142.336240670439,"V1"
88,"forage_phonologicaldynamiclocal_troyerextended",5.80607941367351,8.20560236371148,-0.485541936856571,144.661494839327,"V1"
89,"forage_phonologicaldynamiclocal_simdrop",6.00685715712873,5.37676027405292,-0.154108689483239,121.724270510534,"V1"
89,"forage_phonologicaldynamiclocal_delta_rise=0.0_fall=1.0",6.12082734366355,6.0249420874405,-0.192130188503108,118.445554758703,"V1"
89,"forage_phonologicaldynamiclocal_troyerextended",5.98754605735487,5.34102432702828,-0.126058696086953,120.085367301713,"V1"
90,"forage_phonologicaldynamiclocal_simdrop",3.53438193862639,4.57002561766212,-0.225431497822807,147.252661807706,"V1"
90,"forage_phonologicaldynamiclocal_delta_rise=0.0_fall=1.0",3.62494276349234,4.70565391603699,-0.131756713388124,146.877082050167,"V1"
90,"forage_phonologicaldynamiclocal_troyerextended",3.48853003109944,5.9427840882745,-0.189073403282472,147.423482927832,"V1"
91,"forage_phonologicaldynamiclocal_simdrop",5.25812789527158,6.89450222001478,-0.428382258308478,125.895281338839,"V1"
91,"forage_phonologicaldynamiclocal_delta_rise=0.0_fall=1.0",5.21867027667386,5.55969724219497,-0.288005296514308,133.868690187028,"V1"
91,"forage_phonologicaldynamiclocal_troyerextended",4.9756616747299,7.58516612994686,-0.443071066493127,127.810872083329,"V1"
92,"forage_phonologicaldynamiclocal_simdrop",4.32865447325187,4.49305180752471,-0.149070966381818,181.635478684964,"V1"
92,"forage_phonologicaldynamiclocal_delta_rise=0.0_fall=1.0",4.1817489637645,4.85979221754822,-0.17390945234585,179.445865646701,"V1"
92,"forage_phonologicaldynamiclocal_troyerextended",4.42185303577293,4.41658606263708,-0.121781554981568,183.619248319595,"V1"
93,"forage_phonologicaldynamiclocal_simdrop",4.28241506178593,5.36996465877659,-0.17178585912085,208.414266928707,"V1"
93,"forage_phonologicaldynamiclocal_delta_rise=0.0_fall=1.0",4.39254847757836,5.13101517663168,-0.188496013754543,206.614761490677,"V1"
93,"forage_phonologicaldynamiclocal_troyerextended",4.44565151778685,5.1801993624877,-0.139825952812558,208.976630650687,"V1"
94,"forage_phonologicaldynamiclocal_simdrop",3.60675255943502,4.26632626288096,-0.0392882994358547,145.864399863926,"V1"
94,"forage_phonologicaldynamiclocal_delta_rise=0.0_fall=1.0",3.5320219850565,4.41846311815228,-0.0359904554159423,144.495692849902,"V1"
94,"forage_phonologicaldynamiclocal_troyerextended",3.59463602892271,4.56125369839996,0.0596098788092195,147.362456355648,"V1"
95,"forage_phonologicaldynamiclocal_simdrop",4.88373888344015,6.96470959622956,-0.254724331353436,123.981194077143,"V1"
95,"forage_phonologicaldynamiclocal_delta_rise=0.0_fall=1.0",4.6127878746225,6.13256097778087,-0.183743377691292,128.150279654948,"V1"
95,"forage_phonologicaldynamiclocal_troyerextended",4.90082430056717,8.54707538651343,-0.455343010484883,117.874306782763,"V1"
96,"forage_phonologicaldynamiclocal_simdrop",-0.0243568780142785,5.19422205878956,-0.198662701853519,96.9907014051086,"V1"
96,"forage_phonologicaldynamiclocal_delta_rise=0.0_fall=1.0",-0.0352993041222562,4.98707970473051,-0.140810732577387,96.3444303792189,"V1"
96,"forage_phonologicaldynamiclocal_troyerextended",-0.00909776697667093,4.08260124281102,-2.11054414287942,101.907713428448,"V1"
97,"forage_phonologicaldynamiclocal_simdrop",3.31542386083486,4.87530542117714,-0.0831530879475727,203.04557829882,"V1"
97,"forage_phonologicaldynamiclocal_delta_rise=0.0_fall=1.0",3.29071814929898,4.88577220274488,-0.107686585726539,200.016545668657,"V1"
97,"forage_phonologicaldynamiclocal_troyerextended",3.47127433817519,4.83558866240993,-0.100783780309638,200.789089214253,"V1"
98,"forage_phonologicaldynamiclocal_simdrop",6.11827045294118,4.92485629402277,-0.149194459550345,133.444699672291,"V1"
98,"forage_phonologicaldynamiclocal_delta_rise=0.0_fall=1.0",6.2438282620997,4.32458976381706,-0.0753811066125695,134.906737516599,"V1"
98,"forage_phonologicaldynamiclocal_troyerextended",6.00317358949421,5.30092580457794,-0.211953677248142,134.609693353804,"V1"
99,"forage_phonologicaldynamiclocal_simdrop",6.37947546009525,5.29877755860378,-0.2708532910563,69.718711637453,"V1"
99,"forage_phonologicaldynamiclocal_delta_rise=0.0_fall=1.0",7.17744068069784,5.89859473688294,-0.2260537261687,72.1870157188248,"V1"
99,"forage_phonologicaldynamiclocal_troyerextended",6.46195652572271,6.78696751507618,-0.349712852470443,74.6108486304091,"V1"
100,"forage_phonologicaldynamiclocal_simdrop",7.51175944794211,3.9702519471204,0.0261594531946855,109.322402644976,"V1"
100,"forage_phonologicaldynamiclocal_delta_rise=0.0_fall=1.0",7.53259922861939,3.66830181765512,0.0947317733173696,108.925973168253,"V1"
100,"forage_phonologicaldynamiclocal_troyerextended",7.50949665245974,5.20829060535405,-0.0505397488709898,108.173133620486,"V1"
101,"forage_phonologicaldynamiclocal_simdrop",6.37821513072367,3.20031854812729,-0.0226027887917058,113.412822665573,"V1"
101,"forage_phonologicaldynamiclocal_delta_rise=0.0_fall=1.0",6.49704417857598,3.44980577385958,-0.0678486631450626,112.856140826449,"V1"
101,"forage_phonologicaldynamiclocal_troyerextended",6.60920361862491,4.4300751907638,-0.0289146055297215,113.763511735893,"V1"
104,"forage_phonologicaldynamiclocal_simdrop",4.65656953990937,3.97950731153897,-0.0562859001999258,145.814059516192,"V1"
104,"forage_phonologicaldynamiclocal_delta_rise=0.0_fall=1.0",4.75874959965607,5.23837970081001,-0.142873298855411,140.597102394816,"V1"
104,"forage_phonologicaldynamiclocal_troyerextended",5.08154899652356,5.86071739418837,-0.159098515051851,144.186641825112,"V1"
105,"forage_phonologicaldynamiclocal_simdrop",6.41981698062296,8.69698881559473,-0.583340210883089,118.051176921041,"V1"
105,"forage_phonologicaldynamiclocal_delta_rise=0.0_fall=1.0",6.44395903536735,7.62611004006824,-0.452575128480584,121.910461166675,"V1"
105,"forage_phonologicaldynamiclocal_troyerextended",6.79605862757289,9.44904676313317,-0.692942273937276,122.965921675462,"V1"
106,"forage_phonologicaldynamiclocal_simdrop",6.53447693578334,6.76551055790078,-0.333674046692168,94.2593774634171,"V1"
106,"forage_phonologicaldynamiclocal_delta_rise=0.0_fall=1.0",6.6311712976543,5.82033595825432,-0.205915919343758,100.687103783738,"V1"
106,"forage_phonologicaldynamiclocal_troyerextended",6.15270905637865,5.9495044087523,-0.254593538119062,100.951771737989,"V1"
801,"forage_phonologicaldynamiclocal_simdrop",6.25506702560687,4.38829779605384,-0.0691591209726814,94.1829968523746,"V1"
801,"forage_phonologicaldynamiclocal_delta_rise=0.0_fall=1.0",6.12351984851214,4.78846150919123,-0.122427725735464,94.0531237290677,"V1"
801,"forage_phonologicaldynamiclocal_troyerextended",6.46623464343455,5.51777960288372,-0.194798470327903,97.5066848476508,"V1"
802,"forage_phonologicaldynamiclocal_simdrop",4.5959600866469,5.39412220259491,-0.159333294373771,77.0294808047487,"V1"
802,"forage_phonologicaldynamiclocal_delta_rise=0.0_fall=1.0",4.63119266931565,4.88000851290707,-0.0808367722626849,78.391172483981,"V1"
802,"forage_phonologicaldynamiclocal_troyerextended",4.61765964571248,5.58602993469805,-0.171470138179338,76.7631751685033,"V1"
803,"forage_phonologicaldynamiclocal_simdrop",3.34582336110529,9.7369597212239,-0.668452709163055,102.62057945401,"V1"
803,"forage_phonologicaldynamiclocal_delta_rise=0.0_fall=1.0",3.35495390205812,10.1093868196601,-0.693146728129232,105.63969396902,"V1"
803,"forage_phonologicaldynamiclocal_troyerextended",3.05129134445252,7.18225819901999,-0.372617266485524,109.934295849423,"V1"
804,"forage_phonologicaldynamiclocal_simdrop",4.21041081813775,5.69230586111435,-0.231044460031606,141.446577549977,"V1"
804,"forage_phonologicaldynamiclocal_delta_rise=0.0_fall=1.0",4.34899776360769,4.95734910545871,-0.178175491906509,141.407411685839,"V1"
804,"forage_phonologicaldynamiclocal_troyerextended",4.43057610401956,5.98735428633607,-0.22367483903448,140.086737277325,"V1"
805,"forage_phonologicaldynamiclocal_simdrop",6.49713493958862,4.65658894870677,-0.349453742849904,95.0802567222078,"V1"
805,"forage_phonologicaldynamiclocal_delta_rise=0.0_fall=1.0",6.95819140153738,5.29763698899548,-0.341070065228112,94.9762729257181,"V1"
805,"forage_phonologicaldynamiclocal_troyerextended",6.92077836124257,6.47587435513875,-0.298270018519562,99.6298150066754,"V1"
806,"forage_phonologicaldynamiclocal_simdrop",3.35374714210285,6.38140497072909,-0.241935098022593,133.817483003533,"V1"
806,"forage_phonologicaldynamiclocal_delta_rise=0.0_fall=1.0",3.12043574301743,5.82553255133263,-0.206550496178532,134.202215463219,"V1"
806,"forage_phonologicaldynamiclocal_troyerextended",3.20915918077023,6.60186713953785,-0.271051195051901,133.154167335092,"V1"
807,"forage_phonologicaldynamiclocal_simdrop",4.35646619922655,4.32622634242923,-0.0251621745550842,163.013635850497,"V1"
807,"forage_phonologicaldynamiclocal_delta_rise=0.0_fall=1.0",4.29760513154908,4.54503788035685,-0.0466893379883115,164.144018406143,"V1"
807,"forage_phonologicaldynamiclocal_troyerextended",4.39388674946523,5.46575053681937,-0.151598625595794,163.458475839731,"V1"
808,"forage_phonologicaldynamiclocal_simdrop",3.91601127339072,6.4757051947764,-0.340848350914723,138.185917875127,"V1"
808,"forage_phonologicaldynamiclocal_delta_rise=0.0_fall=1.0",4.29853874939059,6.34721770378822,-0.319934637444609,142.916735281054,"V1"
808,"forage_phonologicaldynamiclocal_troyerextended",4.37430597642005,6.63956545392669,-0.317832921583664,138.685585712146,"V1"
809,"forage_phonologicaldynamiclocal_simdrop",4.48992470713644,5.27891672681764,-0.159876399118809,128.950607627859,"V1"
809,"forage_phonologicaldynamiclocal_delta_rise=0.0_fall=1.0",4.57260383338822,6.5198477035567,-0.279219891297345,127.723287063591,"V1"
809,"forage_phonologicaldynamiclocal_troyerextended",4.29151303290632,5.50942621305725,-0.198971037143217,126.99958111571,"V1"
810,"forage_phonologicaldynamiclocal_simdrop",8.52797220263456,4.60220429631111,-0.143524305748333,39.743486663732,"V1"
810,"forage_phonologicaldynamiclocal_delta_rise=0.0_fall=1.0",8.26533263036719,4.37839297455474,-0.0676365892693803,41.0501460142332,"V1"
810,"forage_phonologicaldynamiclocal_troyerextended",8.98185703206065,5.27077160505539,-0.140176882098098,42.4965931388299,"V1"
811,"forage_phonologicaldynamiclocal_simdrop",4.48426910845956,6.6869158808777,-0.349535786192213,84.1062139575092,"V1"
811,"forage_phonologicaldynamiclocal_delta_rise=0.0_fall=1.0",4.24687543367523,5.72687592858716,-0.258666740951469,83.8357285652621,"V1"
811,"forage_phonologicaldynamiclocal_troyerextended",4.63021333427445,5.36355397315936,-0.17404737935008,85.9595385519675,"V1"
812,"forage_phonologicaldynamiclocal_simdrop",2.37661409702557,4.78811097514117,-0.0409832783955045,156.082016890756,"V1"
812,"forage_phonologicaldynamiclocal_delta_rise=0.0_fall=1.0",2.33556284580907,4.84742845502562,0.0165327708677008,158.010713345784,"V1"
812,"forage_phonologicaldynamiclocal_troyerextended",2.5755060931036,5.53050610688707,-0.0915895836461124,148.811923512136,"V1"
813,"forage_phonologicaldynamiclocal_simdrop",4.68702207251908,3.32972245093248,0.0438733855359019,119.461930041885,"V1"
813,"forage_phonologicaldynamiclocal_delta_rise=0.0_fall=1.0",4.85230371632632,3.49508631509922,0.0450498258339743,117.916644315069,"V1"
813,"forage_phonologicaldynamiclocal_troyerextended",4.9294434612888,4.46859887990445,0.0265319023637964,116.518956950704,"V1"
814,"forage_phonologicaldynamiclocal_simdrop",3.57012563219766,5.90038336006871,-0.184237975159978,136.913604652399,"V1"
814,"forage_phonologicaldynamiclocal_delta_rise=0.0_fall=1.0",3.56979577512307,4.93667827137192,-0.103963839978226,138.730169115168,"V1"
814,"forage_phonologicaldynamiclocal_troyerextended",3.43571357416367,5.73982353648594,-0.168368438951687,137.244710319987,"V1"
815,"forage_phonologicaldynamiclocal_simdrop",4.75716881437134,4.11490561017358,-0.062857041354155,128.897458537777,"V1"
815,"forage_phonologicaldynamiclocal_delta_rise=0.0_fall=1.0",4.78799902813575,4.70752881932677,-0.135740096703723,126.021946300499,"V1"
815,"forage_phonologicaldynamiclocal_troyerextended",4.89589584414022,6.17287300915604,-0.273900841380131,128.595188492486,"V1"
816,"forage_phonologicaldynamiclocal_simdrop",4.33753030916589,5.52334451620002,-0.0807093755933252,135.828521346854,"V1"
816,"forage_phonologicaldynamiclocal_delta_rise=0.0_fall=1.0",4.50432525916839,5.77219255502474,-0.144627416091678,137.389436396342,"V1"
816,"forage_phonologicaldynamiclocal_troyerextended",4.59641238063339,5.69415888070161,-0.118198334876852,138.633894244903,"V1"
817,"forage_phonologicaldynamiclocal_simdrop",4.36253179795672,6.87784424820378,-0.380724688251268,149.046103827574,"V1"
817,"forage_phonologicaldynamiclocal_delta_rise=0.0_fall=1.0",4.56278120107541,7.2594711518683,-0.402373854138475,144.066981976495,"V1"
817,"forage_phonologicaldynamiclocal_troyerextended",4.32120394426566,8.38624759118874,-0.657637356123082,150.636172261597,"V1"
818,"forage_phonologicaldynamiclocal_simdrop",5.68557057458623,3.38399797749425,-0.0624941402474742,123.631836764046,"V1"
818,"forage_phonologicaldynamiclocal_delta_rise=0.0_fall=1.0",5.55895690131603,3.32731100319976,-0.101012959046402,124.655512395675,"V1"
818,"forage_phonologicaldynamiclocal_troyerextended",5.78204916589467,4.94167395425073,-0.231370597498973,122.159952021804,"V1"
819,"forage_phonologicaldynamiclocal_simdrop",7.64539309424958,4.67288364311004,-0.154040639195565,94.0473549005006,"V1"
819,"forage_phonologicaldynamiclocal_delta_rise=0.0_fall=1.0",7.64539489037465,4.67288408275938,-0.154040649397737,94.0473549005041,"V1"
819,"forage_phonologicaldynamiclocal_troyerextended",8.20656623880772,6.89282485336583,-0.36910898521827,93.7237521942796,"V1"
820,"forage_phonologicaldynamiclocal_simdrop",5.88996039753279,7.02118644627125,-0.311847280442002,158.686884475111,"V1"
820,"forage_phonologicaldynamiclocal_delta_rise=0.0_fall=1.0",6.06930877851829,7.63694967992132,-0.363159486369178,160.74621131196,"V1"
820,"forage_phonologicaldynamiclocal_troyerextended",6.12226206236274,6.21608958260872,-0.232470948131729,163.828991195845,"V1"
821,"forage_phonologicaldynamiclocal_simdrop",6.49190057200278,3.67454009758313,-0.002142937323823,114.992398796863,"V1"
821,"forage_phonologicaldynamiclocal_delta_rise=0.0_fall=1.0",6.33988120787195,4.53388192683244,-0.0824945006983187,111.996715482989,"V1"
821,"forage_phonologicaldynamiclocal_troyerextended",6.85992047623612,4.39777141958629,-0.0754253580758982,115.972320890111,"V1"
822,"forage_phonologicaldynamiclocal_simdrop",3.85761078280678,6.1223206426991,-0.264032985738438,139.362885290724,"V1"
822,"forage_phonologicaldynamiclocal_delta_rise=0.0_fall=1.0",3.9900775545633,5.72303000400709,-0.243902919746526,141.165630657811,"V1"
822,"forage_phonologicaldynamiclocal_troyerextended",4.29733305523461,5.77208486979509,-0.185479797247638,141.980002022293,"V1"
823,"forage_phonologicaldynamiclocal_simdrop",5.05218836740659,3.98103202037816,-0.0673817390752215,148.773437215714,"V1"
823,"forage_phonologicaldynamiclocal_delta_rise=0.0_fall=1.0",5.02268651845711,3.6965020293598,-0.038826895437116,148.944380208549,"V1"
823,"forage_phonologicaldynamiclocal_troyerextended",5.04554363666547,3.62733038103509,-0.0508049380364361,149.155833105423,"V1"
824,"forage_phonologicaldynamiclocal_simdrop",5.50766837961792,5.5160065138404,-0.209924429840111,106.54939459543,"V1"
824,"forage_phonologicaldynamiclocal_delta_rise=0.0_fall=1.0",5.28643977876508,5.53312045970462,-0.229198504631501,105.636329234654,"V1"
824,"forage_phonologicaldynamiclocal_troyerextended",5.94134544057462,6.52726756432972,-0.324604592084633,106.666656691582,"V1"
825,"forage_phonologicaldynamiclocal_simdrop",4.41309070611768,5.93886393238166,-0.227905587676444,141.784082354721,"V1"
825,"forage_phonologicaldynamiclocal_delta_rise=0.0_fall=1.0",4.34054005618753,5.90159463535216,-0.230118531851798,142.658485534028,"V1"
825,"forage_phonologicaldynamiclocal_troyerextended",4.56629527768175,5.11322329061843,-0.124812265926625,146.889221646194,"V1"
826,"forage_phonologicaldynamiclocal_simdrop",4.84245989492082,5.0181647861014,-0.21795202372109,106.283522021585,"V1"
826,"forage_phonologicaldynamiclocal_delta_rise=0.0_fall=1.0",4.69900901738348,6.15210260941221,-0.339160781054089,101.826615573607,"V1"
826,"forage_phonologicaldynamiclocal_troyerextended",5.21391595563405,6.84730490279557,-0.439941439866774,102.5328847783,"V1"
827,"forage_phonologicaldynamiclocal_simdrop",4.14032040418526,6.10873421252397,-0.201621494425767,120.341806834613,"V1"
827,"forage_phonologicaldynamiclocal_delta_rise=0.0_fall=1.0",4.35343649479616,6.87652616825795,-0.268125883049858,120.288453871055,"V1"
827,"forage_phonologicaldynamiclocal_troyerextended",4.52590759633012,6.43833260925549,-0.191709378180533,120.949620302839,"V1"
828,"forage_phonologicaldynamiclocal_simdrop",6.31703391582562,4.84506476715045,-0.11985533598737,132.864216315738,"V1"
828,"forage_phonologicaldynamiclocal_delta_rise=0.0_fall=1.0",6.0462620700281,7.3816424716303,-0.465633620593514,126.296747874601,"V1"
828,"forage_phonologicaldynamiclocal_troyerextended",5.92128829107037,5.42799176059752,-0.229459696108441,131.783940768487,"V1"
829,"forage_phonologicaldynamiclocal_simdrop",5.52089012986326,4.04852856607247,-0.134701029960611,88.7412808366064,"V1"
829,"forage_phonologicaldynamiclocal_delta_rise=0.0_fall=1.0",6.00026496897279,6.19197452357742,-0.339501384741955,87.814990051038,"V1"
829,"forage_phonologicaldynamiclocal_troyerextended",5.51949409008089,4.85812133882778,-0.127288211265598,86.2603524109672,"V1"
830,"forage_phonologicaldynamiclocal_simdrop",5.97942999316533,4.65495372718519,-0.208270312965348,166.868304215045,"V1"
830,"forage_phonologicaldynamiclocal_delta_rise=0.0_fall=1.0",6.17302415614015,4.47144803189932,-0.191555134691352,170.029179546331,"V1"
830,"forage_phonologicaldynamiclocal_troyerextended",5.99992955719474,5.02523029028279,-0.252430573812662,171.063580031906,"V1"
831,"forage_phonologicaldynamiclocal_simdrop",7.02347624792691,5.35275424198675,-0.15382738827252,122.868337774025,"V1"
831,"forage_phonologicaldynamiclocal_delta_rise=0.0_fall=1.0",6.67963839578341,5.22159689271847,-0.15182255684903,123.494599559056,"V1"
831,"forage_phonologicaldynamiclocal_troyerextended",6.68709800921548,5.14137616052333,-0.158849747640699,127.000158376748,"V1"
832,"forage_phonologicaldynamiclocal_simdrop",7.05321530972783,7.04040140669962,-0.40799921296169,83.3593878045468,"V1"
832,"forage_phonologicaldynamiclocal_delta_rise=0.0_fall=1.0",7.22473460217691,5.93425090306361,-0.286888009466473,87.19317020466,"V1"
832,"forage_phonologicaldynamiclocal_troyerextended",7.13908033633741,7.89496028324509,-0.516315027501436,85.9641521347101,"V1"
833,"forage_phonologicaldynamiclocal_simdrop",5.80827730360975,5.2858018875467,-0.106096804913938,71.6467343683494,"V1"
833,"forage_phonologicaldynamiclocal_delta_rise=0.0_fall=1.0",5.57270531482927,5.5126881571012,-0.138074832592586,70.8218906580977,"V1"
833,"forage_phonologicaldynamiclocal_troyerextended",6.13222284580172,5.29976501795604,-0.0161510379526271,75.4959612408181,"V1"
834,"forage_phonologicaldynamiclocal_simdrop",7.16054735728647,5.34957879795532,-0.267364673057076,86.8963414017362,"V1"
834,"forage_phonologicaldynamiclocal_delta_rise=0.0_fall=1.0",7.27367878573965,4.92984069601964,-0.192521117248814,87.1009310808648,"V1"
834,"forage_phonologicaldynamiclocal_troyerextended",7.34491964611299,5.10683560190694,-0.15084774002581,88.7805326084506,"V1"
835,"forage_phonologicaldynamiclocal_simdrop",4.85952723211173,4.09445083489296,-0.266461310445127,107.60805952226,"V1"
835,"forage_phonologicaldynamiclocal_delta_rise=0.0_fall=1.0",5.2741904057675,6.05532243627004,-0.398967749879268,106.311215570334,"V1"
835,"forage_phonologicaldynamiclocal_troyerextended",5.16138393432537,4.67704968702741,-0.333071586488094,110.325537635434,"V1"
837,"forage_phonologicaldynamiclocal_simdrop",4.66144344788831,5.87693555934204,-0.174368996087542,131.687845616857,"V1"
837,"forage_phonologicaldynamiclocal_delta_rise=0.0_fall=1.0",4.90923995119264,6.42726844639177,-0.271601704606083,129.501892462632,"V1"
837,"forage_phonologicaldynamiclocal_troyerextended",4.78290685858233,5.76584301166174,-0.182352124166222,131.097634889602,"V1"
838,"forage_phonologicaldynamiclocal_simdrop",7.41583543003348,5.38760650941586,-0.215040064944998,104.474424564436,"V1"
838,"forage_phonologicaldynamiclocal_delta_rise=0.0_fall=1.0",7.18585929415377,6.0990977213829,-0.292384455361375,103.005272945378,"V1"
838,"forage_phonologicaldynamiclocal_troyerextended",7.70806861603956,5.47941028556911,-0.198076409923147,110.097141098631,"V1"
839,"forage_phonologicaldynamiclocal_simdrop",6.7210642031204,6.14585188467036,-0.199668552851287,116.749850996681,"V1"
839,"forage_phonologicaldynamiclocal_delta_rise=0.0_fall=1.0",6.24550671867921,5.49518815168072,-0.187190866213659,120.064687758121,"V1"
839,"forage_phonologicaldynamiclocal_troyerextended",6.47499966621529,6.61671694392698,-0.266923591694459,117.549804042412,"V1"
840,"forage_phonologicaldynamiclocal_simdrop",3.91896373607594,5.4381194961358,-0.202652358696323,162.305723721557,"V1"
840,"forage_phonologicaldynamiclocal_delta_rise=0.0_fall=1.0",4.14313970683344,5.75100455538318,-0.180202033646192,163.348745575313,"V1"
840,"forage_phonologicaldynamiclocal_troyerextended",3.85522183057144,7.14164002866787,-0.344061685120436,158.251415608338,"V1"
841,"forage_phonologicaldynamiclocal_simdrop",4.89804745214881,6.41279792707467,-0.300797971812704,163.213593841878,"V1"
841,"forage_phonologicaldynamiclocal_delta_rise=0.0_fall=1.0",4.82138305717454,5.6678466243781,-0.22541226775118,162.621332134419,"V1"
841,"forage_phonologicaldynamiclocal_troyerextended",5.02489445285123,7.31504945264346,-0.343719440029809,164.961490089198,"V1"
842,"forage_phonologicaldynamiclocal_simdrop",5.1845315345274,4.96531721775173,-0.122154805569838,127.043225437259,"V1"
842,"forage_phonologicaldynamiclocal_delta_rise=0.0_fall=1.0",4.9944567198413,4.99429623569693,-0.105204936724337,124.818906490511,"V1"
842,"forage_phonologicaldynamiclocal_troyerextended",5.10437037182516,5.65922089341648,-0.0889490371966309,127.82724001724,"V1"
843,"forage_phonologicaldynamiclocal_simdrop",4.49915941494437,5.30662537625727,-0.206228101024056,110.931750077195,"V1"
843,"forage_phonologicaldynamiclocal_delta_rise=0.0_fall=1.0",4.62555906555552,4.81555030657177,-0.141131159296978,112.54612503247,"V1"
843,"forage_phonologicaldynamiclocal_troyerextended",5.05616900810491,4.56437201075064,-0.049999194669755,115.914569107642,"V1"
844,"forage_phonologicaldynamiclocal_simdrop",5.78250851002225,6.1409200908281,-0.250583007500267,153.689654186119,"V1"
844,"forage_phonologicaldynamiclocal_delta_rise=0.0_fall=1.0",5.79419073779027,6.00226259619609,-0.238018972153793,150.065504501408,"V1"
844,"forage_phonologicaldynamiclocal_troyerextended",6.15659080970691,7.20928611289109,-0.349402224654298,148.800862761571,"V1"
845,"forage_phonologicaldynamiclocal_simdrop",6.37285605939244,2.13366652291311,-0.0749643803365754,86.1712089717373,"V1"
845,"forage_phonologicaldynamiclocal_delta_rise=0.0_fall=1.0",6.52963442065499,3.04048469296861,-0.101084036122598,84.1421400915019,"V1"
845,"forage_phonologicaldynamiclocal_troyerextended",6.76299352339152,5.05949249231963,-0.17480140315834,85.0027288707484,"V1"
846,"forage_phonologicaldynamiclocal_simdrop",3.88239165584736,4.76467355900132,-0.14955345995528,185.232348449862,"V1"
846,"forage_phonologicaldynamiclocal_delta_rise=0.0_fall=1.0",3.9105061047114,5.0391793078608,-0.193703585181948,184.601581700853,"V1"
846,"forage_phonologicaldynamiclocal_troyerextended",4.0665076659758,4.24269332317481,-0.0618534248885672,189.369198358793,"V1"
847,"forage_phonologicaldynamiclocal_simdrop",5.18060203917481,6.13277319224954,-0.16570729594971,139.519003509022,"V1"
847,"forage_phonologicaldynamiclocal_delta_rise=0.0_fall=1.0",5.07734137094822,5.62001866355107,-0.135360417137747,139.900728440061,"V1"
847,"forage_phonologicaldynamiclocal_troyerextended",5.17883540534547,5.71435408794632,-0.126172236772565,142.630424275893,"V1"
848,"forage_phonologicaldynamiclocal_simdrop",4.84010609852578,5.62343820348374,-0.0582382910237583,155.101453807587,"V1"
848,"forage_phonologicaldynamiclocal_delta_rise=0.0_fall=1.0",4.42591343340771,5.62069038559934,-0.0849711395849774,156.16277669727,"V1"
848,"forage_phonologicaldynamiclocal_troyerextended",5.00816463847722,5.06531752913674,0.0724200661181061,156.412568605975,"V1"
849,"forage_phonologicaldynamiclocal_simdrop",5.36457695422181,5.09049201654027,-0.164803572967291,149.682601073377,"V1"
849,"forage_phonologicaldynamiclocal_delta_rise=0.0_fall=1.0",5.30325056079398,4.41016050128953,-0.142267224527912,151.814209672942,"V1"
849,"forage_phonologicaldynamiclocal_troyerextended",5.44153932461034,4.75990381957597,-0.141875473098489,151.800443659647,"V1"
850,"forage_phonologicaldynamiclocal_simdrop",4.22042997877553,1.82450167848677,0.0534684531126004,67.9521159058599,"V1"
850,"forage_phonologicaldynamiclocal_delta_rise=0.0_fall=1.0",4.30894759736182,2.48717591952761,0.190896831410081,66.2418517014808,"V1"
850,"forage_phonologicaldynamiclocal_troyerextended",4.14627856293697,0.720542581789483,1.96100969959858,66.2814819926325,"V1"
851,"forage_phonologicaldynamiclocal_simdrop",0.154806623039255,5.31163824659372,-0.068108429292504,203.004622110616,"V1"
851,"forage_phonologicaldynamiclocal_delta_rise=0.0_fall=1.0",0.187649675548164,5.58775656485808,-0.117017445074193,203.260435229055,"V1"
851,"forage_phonologicaldynamiclocal_troyerextended",0.199086863565513,4.8581155336129,-0.0627414981576022,209.8150645264,"V1"
852,"forage_phonologicaldynamiclocal_simdrop",4.32898070195034,5.56084135790062,-0.235212144599229,151.171986283134,"V1"
852,"forage_phonologicaldynamiclocal_delta_rise=0.0_fall=1.0",4.24123285353974,4.7986658399515,-0.151975108417839,154.067933227528,"V1"
852,"forage_phonologicaldynamiclocal_troyerextended",4.19068207098671,5.80224391537561,-0.236951991979397,156.489765715645,"V1"
853,"forage_phonologicaldynamiclocal_simdrop",5.5276867675324,9.39613025737958,-2.58540476209059,50.945094393806,"V1"
853,"forage_phonologicaldynamiclocal_delta_rise=0.0_fall=1.0",5.38487497981912,8.49632395656187,-3.21279850801401,49.4309079936614,"V1"
853,"forage_phonologicaldynamiclocal_troyerextended",5.04653800554916,8.50109508039896,-2.56777465846131,48.4890321515162,"V1"
854,"forage_phonologicaldynamiclocal_simdrop",5.1626418007293,4.00561040056302,-0.072598289740775,132.620407686483,"V1"
854,"forage_phonologicaldynamiclocal_delta_rise=0.0_fall=1.0",5.16935973814593,3.95905614530399,-0.0868305265940021,132.717998259032,"V1"
854,"forage_phonologicaldynamiclocal_troyerextended",5.5466402942218,4.75792432124796,-0.122395034750749,133.900616888569,"V1"
855,"forage_phonologicaldynamiclocal_simdrop",3.93602484077637,4.93305803888364,-0.125374083508547,177.659879898056,"V1"
855,"forage_phonologicaldynamiclocal_delta_rise=0.0_fall=1.0",3.90990075688711,4.6197627096328,-0.0863565148230719,179.416240696839,"V1"
855,"forage_phonologicaldynamiclocal_troyerextended",4.02456649394312,5.58838319188244,-0.193117917391394,179.363438454507,"V1"
856,"forage_phonologicaldynamiclocal_simdrop",6.08101333511321,3.89062306850643,-0.261494067508981,109.424311032458,"V1"
856,"forage_phonologicaldynamiclocal_delta_rise=0.0_fall=1.0",6.19899506279941,3.52566274596995,-0.213940973168769,110.040317007956,"V1"
856,"forage_phonologicaldynamiclocal_troyerextended",6.37912684984922,4.61316813167091,-0.277862018221865,113.902084572153,"V1"
857,"forage_phonologicaldynamiclocal_simdrop",6.42702534085642,2.61368166870277,-0.152771471882627,78.0127728363038,"V1"
857,"forage_phonologicaldynamiclocal_delta_rise=0.0_fall=1.0",6.58185784420084,3.42643845399756,-0.0856038059280495,78.3167913000446,"V1"
857,"forage_phonologicaldynamiclocal_troyerextended",6.69020083623697,4.5186685204961,-0.193625481132609,78.0664097109927,"V1"
858,"forage_phonologicaldynamiclocal_simdrop",4.75809630320772,5.89073726868128,-0.259704449460369,125.085154203429,"V1"
858,"forage_phonologicaldynamiclocal_delta_rise=0.0_fall=1.0",4.94293107235312,6.95305293175891,-0.370449714087317,122.720343163239,"V1"
858,"forage_phonologicaldynamiclocal_troyerextended",5.13329802236894,8.68381460416061,-0.545277651389833,119.262926839942,"V1"
859,"forage_phonologicaldynamiclocal_simdrop",4.4032281518954,5.26066894028309,-0.134317906934835,162.567348056626,"V1"
859,"forage_phonologicaldynamiclocal_delta_rise=0.0_fall=1.0",4.35651275280905,5.03481640611542,-0.109473642208108,161.355305569053,"V1"
859,"forage_phonologicaldynamiclocal_troyerextended",4.22019567978275,5.35894199058154,-0.122289220719111,159.479829681459,"V1"
860,"forage_phonologicaldynamiclocal_simdrop",4.88817474872813,5.03790969376278,-0.212849626173205,96.0614404395296,"V1"
860,"forage_phonologicaldynamiclocal_delta_rise=0.0_fall=1.0",4.88674991654406,5.16784363081715,-0.3661683546297,92.2339521983217,"V1"
860,"forage_phonologicaldynamiclocal_troyerextended",4.4687319897614,6.30332332231309,-0.403180604978603,91.7598776726835,"V1"
861,"forage_phonologicaldynamiclocal_simdrop",0.0267057968074116,6.93951016238777,-0.205273888901439,94.6732225794491,"V1"
861,"forage_phonologicaldynamiclocal_delta_rise=0.0_fall=1.0",0.0163428955970116,7.04225780597698,-0.244721526287232,95.770543248647,"V1"
861,"forage_phonologicaldynamiclocal_troyerextended",0.0238242968066003,7.69336951329058,-0.336052878652607,95.556839791234,"V1"
862,"forage_phonologicaldynamiclocal_simdrop",5.34015574375289,5.60985864076881,-0.138409512442106,124.291302990747,"V1"
862,"forage_phonologicaldynamiclocal_delta_rise=0.0_fall=1.0",5.23883161920852,6.58662262803131,-0.251205967367058,122.653060379496,"V1"
862,"forage_phonologicaldynamiclocal_troyerextended",4.96570039196943,5.8145898438827,-0.155042399159847,130.747354182425,"V1"
863,"forage_phonologicaldynamiclocal_simdrop",5.67027094376722,4.87576421784832,-0.15045602891311,128.47070718722,"V1"
863,"forage_phonologicaldynamiclocal_delta_rise=0.0_fall=1.0",5.98838362164428,5.63917637629064,-0.229734884086203,130.01029965781,"V1"
863,"forage_phonologicaldynamiclocal_troyerextended",5.98067354310794,5.48890441557656,-0.160359605239507,129.550853234262,"V1"
864,"forage_phonologicaldynamiclocal_simdrop",5.50183488243991,4.20810202170171,-0.0986356907979605,132.357890317684,"V1"
864,"forage_phonologicaldynamiclocal_delta_rise=0.0_fall=1.0",5.46848006019116,4.72250622784024,-0.149086370257547,130.672490638283,"V1"
864,"forage_phonologicaldynamiclocal_troyerextended",5.54209531762631,4.12609688230289,-0.0689363571112264,135.793372169565,"V1"
865,"forage_phonologicaldynamiclocal_simdrop",5.5222401051771,3.28484870079842,0.0119595366724528,112.855778123936,"V1"
865,"forage_phonologicaldynamiclocal_delta_rise=0.0_fall=1.0",5.49046468089085,3.44833313514342,0.0468889422925882,111.095951505011,"V1"
865,"forage_phonologicaldynamiclocal_troyerextended",5.803639660649,4.35231823383148,0.125569105187214,111.832905249307,"V1"
866,"forage_phonologicaldynamiclocal_simdrop",4.59466202055786,5.19341478559201,-0.151807928998664,122.106487817499,"V1"
866,"forage_phonologicaldynamiclocal_delta_rise=0.0_fall=1.0",5.0031864913658,5.25795201813475,-0.119497712051221,123.984098016944,"V1"
866,"forage_phonologicaldynamiclocal_troyerextended",5.2407056124029,5.32137701112068,-0.13816723621535,130.691727108086,"V1"
867,"forage_phonologicaldynamiclocal_simdrop",5.05564646324724,5.16746225978463,-0.146791493490492,165.107990505497,"V1"
867,"forage_phonologicaldynamiclocal_delta_rise=0.0_fall=1.0",5.06034562291334,4.59018763877066,-0.0798168211991685,168.52505189289,"V1"
867,"forage_phonologicaldynamiclocal_troyerextended",4.91439087206569,4.6981195472913,-0.0998168370674439,169.117355519402,"V1"
868,"forage_phonologicaldynamiclocal_simdrop",3.60079870028483,5.84631223016357,-0.195444156060739,105.231582166647,"V1"
868,"forage_phonologicaldynamiclocal_delta_rise=0.0_fall=1.0",3.94943709870346,5.93946015986071,-0.19132260936753,104.650229280134,"V1"
868,"forage_phonologicaldynamiclocal_troyerextended",3.78560729127985,5.72935175486363,-0.151718146663402,104.383808119302,"V1"
869,"forage_phonologicaldynamiclocal_simdrop",5.79746692966556,4.8028137750111,-0.180523309788499,141.147108327109,"V1"
869,"forage_phonologicaldynamiclocal_delta_rise=0.0_fall=1.0",5.906468173857,4.50456812680764,-0.141272225245123,143.025320358418,"V1"
869,"forage_phonologicaldynamiclocal_troyerextended",6.14011214585885,6.29274064048238,-0.302111019067986,140.618804492692,"V1"
870,"forage_phonologicaldynamiclocal_simdrop",4.46236854815553,4.72790990109855,-0.138002254490177,132.957381397815,"V1"
870,"forage_phonologicaldynamiclocal_delta_rise=0.0_fall=1.0",4.78402658023629,5.94437423221886,-0.222453062723306,130.71651224485,"V1"
870,"forage_phonologicaldynamiclocal_troyerextended",4.73938681433762,4.42269313310145,-0.0718648947779825,134.691006067485,"V1"
871,"forage_phonologicaldynamiclocal_simdrop",4.89586250531204,2.73093074040013,0.0298058992193969,97.5661132824407,"V1"
871,"forage_phonologicaldynamiclocal_delta_rise=0.0_fall=1.0",4.92884289168018,3.30782747901618,-0.0360403496380367,97.3826226476225,"V1"
871,"forage_phonologicaldynamiclocal_troyerextended",4.97705387183283,3.63174621856967,-0.0689451895134856,98.4577065224062,"V1"
872,"forage_phonologicaldynamiclocal_simdrop",3.05402988755835,3.22916228676212,0.126898173301977,144.78789709236,"V1"
872,"forage_phonologicaldynamiclocal_delta_rise=0.0_fall=1.0",3.06501094216257,3.4510583079843,0.0904118826586669,146.751681913141,"V1"
872,"forage_phonologicaldynamiclocal_troyerextended",3.21990136546726,2.93168497967324,0.196313902797819,148.203883367025,"V1"
873,"forage_phonologicaldynamiclocal_simdrop",6.85490468721354,4.87297165350335,-0.158659368285193,91.5164611915481,"V1"
873,"forage_phonologicaldynamiclocal_delta_rise=0.0_fall=1.0",6.39842531394799,4.50426585900609,-0.185096103195806,91.7155536821149,"V1"
873,"forage_phonologicaldynamiclocal_troyerextended",7.20363485004656,4.29636975062304,-0.0735661322579823,95.4689498008003,"V1"
874,"forage_phonologicaldynamiclocal_simdrop",0.116014263557935,4.05885003931869,0.109374344280586,177.53318913071,"V1"
874,"forage_phonologicaldynamiclocal_delta_rise=0.0_fall=1.0",0.121955564812024,4.29586898188025,0.030226175571887,179.450537249357,"V1"
874,"forage_phonologicaldynamiclocal_troyerextended",0.135933894406551,4.24179822464326,0.0151653362933562,181.771056242412,"V1"
875,"forage_phonologicaldynamiclocal_simdrop",3.52460896905398,7.23729123926605,-0.288910585408466,169.261413778101,"V1"
875,"forage_phonologicaldynamiclocal_delta_rise=0.0_fall=1.0",3.33756792959056,6.23779939555663,-0.208300972597333,171.853339594748,"V1"
875,"forage_phonologicaldynamiclocal_troyerextended",3.66173562847616,7.77049077002533,-0.355852279694747,170.170373426784,"V1"
876,"forage_phonologicaldynamiclocal_simdrop",6.30832537284271,8.43492373394811,-0.495802208024086,83.1773317324974,"V1"
876,"forage_phonologicaldynamiclocal_delta_rise=0.0_fall=1.0",6.30832660228564,8.43492676878841,-0.495802478280988,83.1773317324945,"V1"
876,"forage_phonologicaldynamiclocal_troyerextended",6.93817081396957,7.10584509463515,-0.322495821780428,91.7940120425274,"V1"
877,"forage_phonologicaldynamiclocal_simdrop",4.67685200918153,3.80378625126476,0.00426855301190891,172.49208723427,"V1"
877,"forage_phonologicaldynamiclocal_delta_rise=0.0_fall=1.0",4.60295225087543,3.91828103958971,0.0195638442551174,173.147500939554,"V1"
877,"forage_phonologicaldynamiclocal_troyerextended",4.67855266865074,4.62411506580874,-0.0908698716456393,173.076131672487,"V1"
878,"forage_phonologicaldynamiclocal_simdrop",4.91039448572631,5.55323937504474,-0.226793957104681,130.948778687131,"V1"
878,"forage_phonologicaldynamiclocal_delta_rise=0.0_fall=1.0",5.11400073581738,5.48147764410857,-0.163685310300277,133.946705532888,"V1"
878,"forage_phonologicaldynamiclocal_troyerextended",5.17952822044442,6.01307885424909,-0.253948043584099,133.39818301854,"V1"
879,"forage_phonologicaldynamiclocal_simdrop",3.95128088146578,4.97849190114677,-0.138412227465305,75.00900006519,"V1"
879,"forage_phonologicaldynamiclocal_delta_rise=0.0_fall=1.0",3.95721091121464,4.91112764184325,-0.138948359779456,75.2875107509597,"V1"
879,"forage_phonologicaldynamiclocal_troyerextended",3.94105261064324,5.4572588950095,-0.194517880174709,80.0921769697166,"V1"
901,"forage_phonologicaldynamiclocal_simdrop",5.60523214853093,4.63153351068337,-0.138187327540614,157.710413898114,"V1"
901,"forage_phonologicaldynamiclocal_delta_rise=0.0_fall=1.0",5.85050307467678,5.33602222082813,-0.242487686176828,155.387947426455,"V1"
901,"forage_phonologicaldynamiclocal_troyerextended",5.92344698788794,4.73894460620274,-0.1442347525928,158.970482823904,"V1"
902,"forage_phonologicaldynamiclocal_simdrop",5.1980940405043,4.34322771859879,-0.0591139244384593,142.226904032277,"V1"
902,"forage_phonologicaldynamiclocal_delta_rise=0.0_fall=1.0",5.25610319528213,4.5085222549525,-0.0733800743263984,142.123711276518,"V1"
902,"forage_phonologicaldynamiclocal_troyerextended",5.54095301398924,4.3123033306556,-0.0657108614969451,147.832730098748,"V1"
903,"forage_phonologicaldynamiclocal_simdrop",5.76972584380941,6.11436654401224,-0.235051677379784,105.968611253384,"V1"
903,"forage_phonologicaldynamiclocal_delta_rise=0.0_fall=1.0",5.74655364681992,6.34271555418955,-0.215247235991273,107.438250492657,"V1"
903,"forage_phonologicaldynamiclocal_troyerextended",5.81382630536992,6.82217198487351,-0.261475740307043,107.874961759345,"V1"
904,"forage_phonologicaldynamiclocal_simdrop",5.97511838585303,6.15716319074395,-0.326429113740332,124.809772031061,"V1"
904,"forage_phonologicaldynamiclocal_delta_rise=0.0_fall=1.0",5.96688109274251,5.72343905274225,-0.257690606144336,125.906648612838,"V1"
904,"forage_phonologicaldynamiclocal_troyerextended",5.75719728947294,4.99594794061174,-0.181825841637456,128.08517594837,"V1"
905,"forage_phonologicaldynamiclocal_simdrop",6.16846169392413,5.05718146570705,-0.245012905010374,78.9511595585866,"V1"
905,"forage_phonologicaldynamiclocal_delta_rise=0.0_fall=1.0",6.40330347684581,6.39961843599538,-0.429721166693746,75.7165339734683,"V1"
905,"forage_phonologicaldynamiclocal_troyerextended",6.61150512292391,5.15844508814469,-0.234266135778265,79.5674033308321,"V1"
906,"forage_phonologicaldynamiclocal_simdrop",5.07430665635114,4.59225065915335,-0.157519481104676,141.985405653755,"V1"
906,"forage_phonologicaldynamiclocal_delta_rise=0.0_fall=1.0",5.32775503207417,4.58539575261544,-0.199608639249117,142.793253280435,"V1"
906,"forage_phonologicaldynamiclocal_troyerextended",4.98477553232917,5.68413987051493,-0.274833260391441,140.212203600896,"V1"
907,"forage_phonologicaldynamiclocal_simdrop",4.73463280216754,6.88257536845479,-0.226098366890996,76.1147681484229,"V1"
907,"forage_phonologicaldynamiclocal_delta_rise=0.0_fall=1.0",4.59570243801811,6.79079070847266,-0.249301214486972,75.5133434465427,"V1"
907,"forage_phonologicaldynamiclocal_troyerextended",4.45778835944402,6.61336891445495,-0.209396898325835,77.4462666262327,"V1"
908,"forage_phonologicaldynamiclocal_simdrop",4.16442228105356,6.5012424872117,-0.242833466237565,186.53141312569,"V1"
908,"forage_phonologicaldynamiclocal_delta_rise=0.0_fall=1.0",3.99063032176143,6.36358933381076,-0.268072485758867,181.778238174527,"V1"
908,"forage_phonologicaldynamiclocal_troyerextended",4.28843292711298,5.84965994990978,-0.174252698730634,186.77896097138,"V1"
909,"forage_phonologicaldynamiclocal_simdrop",4.01790243527172,7.55865825020213,-0.404064895253795,98.4285176612775,"V1"
909,"forage_phonologicaldynamiclocal_delta_rise=0.0_fall=1.0",3.95033851822566,7.91581632407071,-0.449862934762861,96.3044504232069,"V1"
909,"forage_phonologicaldynamiclocal_troyerextended",3.79162406324261,9.30153921143211,-0.612903924225073,98.7389709713604,"V1"
910,"forage_phonologicaldynamiclocal_simdrop",3.19230177013672,5.1190313018941,-0.135743914507476,144.157222997154,"V1"
910,"forage_phonologicaldynamiclocal_delta_rise=0.0_fall=1.0",3.04129980012005,4.7342955830282,-0.0719881015117379,148.808175485796,"V1"
910,"forage_phonologicaldynamiclocal_troyerextended",3.0463261574349,5.13565560844255,-0.0750772759820501,151.524429871934,"V1"
911,"forage_phonologicaldynamiclocal_simdrop",4.83621757379802,4.76526132636729,-0.0918822965609989,106.832886307731,"V1"
911,"forage_phonologicaldynamiclocal_delta_rise=0.0_fall=1.0",5.29078306347383,4.99767391085437,-0.104864856874629,105.962991734037,"V1"
911,"forage_phonologicaldynamiclocal_troyerextended",5.83447666484814,5.21769375356883,-0.0871061824320332,108.303056270364,"V1"
912,"forage_phonologicaldynamiclocal_simdrop",4.51829295549235,5.57327581474622,-0.183794680753252,143.516635791535,"V1"
912,"forage_phonologicaldynamiclocal_delta_rise=0.0_fall=1.0",4.73657937433327,5.88583145499657,-0.216964338629176,145.035590000226,"V1"
912,"forage_phonologicaldynamiclocal_troyerextended",4.56309650777863,6.00193505256529,-0.195099665733645,143.005838169847,"V1"
913,"forage_phonologicaldynamiclocal_simdrop",4.94282221854869,7.04266899041819,-0.303915847738351,135.501641946138,"V1"
913,"forage_phonologicaldynamiclocal_delta_rise=0.0_fall=1.0",4.98623689253609,9.05931509875379,-0.479910153205516,136.850684927487,"V1"
913,"forage_phonologicaldynamiclocal_troyerextended",5.06953668848904,7.77725419897345,-0.365548483719989,136.703337352997,"V1"
5501,"forage_phonologicaldynamiclocal_simdrop",5.82311831284509,6.9165413237074,-0.251080839553624,147.640488476559,"V1"
5501,"forage_phonologicaldynamiclocal_delta_rise=0.0_fall=1.0",5.6924540931826,6.72729033140561,-0.259166370666649,146.38747651814,"V1"
5501,"forage_phonologicaldynamiclocal_troyerextended",6.0662416922605,7.27768966596747,-0.299436640189957,153.411575907869,"V1"
5502,"forage_phonologicaldynamiclocal_simdrop",4.75572358949734,5.43067733079887,-0.152403798298458,108.432673232056,"V1"
5502,"forage_phonologicaldynamiclocal_delta_rise=0.0_fall=1.0",4.91898787031865,5.22808300051003,-0.124219599862743,108.649441418903,"V1"
5502,"forage_phonologicaldynamiclocal_troyerextended",5.11111840119917,5.2321718825242,-0.124401948017192,113.460045988675,"V1"
5503,"forage_phonologicaldynamiclocal_simdrop",4.11509349537298,6.91742639648027,-0.28603099883298,94.1096319669727,"V1"
5503,"forage_phonologicaldynamiclocal_delta_rise=0.0_fall=1.0",4.04477749802414,7.44127700025547,-0.325252646548111,97.8110715907013,"V1"
5503,"forage_phonologicaldynamiclocal_troyerextended",4.04477326721027,7.44127555246042,-0.325252553279965,97.8110715906953,"V1"
5504,"forage_phonologicaldynamiclocal_simdrop",4.9183141338895,3.80348522744111,-0.00929652737407821,117.782857249963,"V1"
5504,"forage_phonologicaldynamiclocal_delta_rise=0.0_fall=1.0",4.5847589861065,4.2341711105984,-0.0840103846555248,116.12061627818,"V1"
5504,"forage_phonologicaldynamiclocal_troyerextended",4.74989948011606,4.18254287773486,-0.0349810413478495,118.998918181311,"V1"
5505,"forage_phonologicaldynamiclocal_simdrop",5.32684396747567,4.61971972304756,-0.114035073191441,119.270858340331,"V1"
5505,"forage_phonologicaldynamiclocal_delta_rise=0.0_fall=1.0",5.75389389503255,4.25455054458099,-0.0398292673571106,119.596358295942,"V1"
5505,"forage_phonologicaldynamiclocal_troyerextended",5.20474783016059,5.11478155735045,-0.249318558501688,122.271663588973,"V1"
5506,"forage_phonologicaldynamiclocal_simdrop",6.03956649895536,3.91892386235639,0.0133775907118993,76.421695922282,"V1"
5506,"forage_phonologicaldynamiclocal_delta_rise=0.0_fall=1.0",6.03957080548245,3.91892202543367,0.0133776928507129,76.4216959222873,"V1"
5506,"forage_phonologicaldynamiclocal_troyerextended",6.31726206886051,4.29886000185469,-0.0492798726242161,80.8725614244843,"V1"
5507,"forage_phonologicaldynamiclocal_simdrop",6.22309708171258,2.98330068601354,-0.21294645093376,65.8962722439309,"V1"
5507,"forage_phonologicaldynamiclocal_delta_rise=0.0_fall=1.0",6.48369529368764,3.69328574756158,-0.224337181920259,65.2626675771239,"V1"
5507,"forage_phonologicaldynamiclocal_troyerextended",6.58264358963597,14.0744075911686,-2.26209562092536,65.6566779543315,"V1"
5508,"forage_phonologicaldynamiclocal_simdrop",4.54414429560907,3.32835073951013,-0.0966586754871149,146.04063430004,"V1"
5508,"forage_phonologicaldynamiclocal_delta_rise=0.0_fall=1.0",4.6724619088341,3.21786756141858,-0.0679419892522226,146.207539705883,"V1"
5508,"forage_phonologicaldynamiclocal_troyerextended",5.02348967502756,5.26383788130382,-0.119546509625442,139.782923597818,"V1"
5509,"forage_phonologicaldynamiclocal_simdrop",5.30290695537212,5.96930683730189,-0.282829424717877,107.082242134891,"V1"
5509,"forage_phonologicaldynamiclocal_delta_rise=0.0_fall=1.0",5.34692597476192,8.38718476699249,-0.50580351086106,101.178561607556,"V1"
5509,"forage_phonologicaldynamiclocal_troyerextended",5.29203919984997,7.59241058624687,-0.444649604361827,102.745836848444,"V1"
5510,"forage_phonologicaldynamiclocal_simdrop",4.14598041949827,5.0219598100848,-0.257706315275238,98.3742463917914,"V1"
5510,"forage_phonologicaldynamiclocal_delta_rise=0.0_fall=1.0",4.22238523718939,4.5475532359786,-0.232012010740706,100.067571940064,"V1"
5510,"forage_phonologicaldynamiclocal_troyerextended",4.59586934867013,9.04878894066845,-0.484743795033057,98.4490129557045,"V1"
5511,"forage_phonologicaldynamiclocal_simdrop",5.75977257213615,6.43080508882217,-0.348215836062262,99.8449944512989,"V1"
5511,"forage_phonologicaldynamiclocal_delta_rise=0.0_fall=1.0",5.60643601869939,5.64724762342348,-0.248931291821233,100.989115726432,"V1"
5511,"forage_phonologicaldynamiclocal_troyerextended",5.4911891675801,6.01417589712929,-0.305617793880699,102.666508640276,"V1"
5512,"forage_phonologicaldynamiclocal_simdrop",5.30540845987489,5.66542596885209,-0.259180709115614,71.6396782082096,"V1"
5512,"forage_phonologicaldynamiclocal_delta_rise=0.0_fall=1.0",5.17027399530458,5.56278895369964,-0.267992948854062,70.8152697770188,"V1"
5512,"forage_phonologicaldynamiclocal_troyerextended",5.99375703055426,6.46054563249022,-0.354565765564334,74.1142337145018,"V1"
5513,"forage_phonologicaldynamiclocal_simdrop",4.64745191358597,5.47733068114487,-0.113211582624921,145.36293018845,"V1"
5513,"forage_phonologicaldynamiclocal_delta_rise=0.0_fall=1.0",4.35091620537604,5.82868011616472,-0.175686796148746,140.256575825112,"V1"
5513,"forage_phonologicaldynamiclocal_troyerextended",4.44561077565605,5.8363521396338,-0.169174229527282,140.1114016423,"V1"
5514,"forage_phonologicaldynamiclocal_simdrop",5.10675293100513,5.00216923677842,-0.251343240446912,100.24880881592,"V1"
5514,"forage_phonologicaldynamiclocal_delta_rise=0.0_fall=1.0",5.4788071513504,5.03049596302728,-0.189648385964212,99.6281957674375,"V1"
5514,"forage_phonologicaldynamiclocal_troyerextended",5.31202635557668,5.49595890748871,-0.244132782900113,101.371644325561,"V1"
5515,"forage_phonologicaldynamiclocal_simdrop",5.12428806337225,5.69030069654713,-0.198467308866859,113.403150763919,"V1"
5515,"forage_phonologicaldynamiclocal_delta_rise=0.0_fall=1.0",5.12194811105965,5.24931330659587,-0.154900175739083,113.041120127579,"V1"
5515,"forage_phonologicaldynamiclocal_troyerextended",5.61552406289467,6.38189650888837,-0.210338024262046,114.409268219352,"V1"
805,"forage_phonologicaldynamiclocal_simdrop",5.15978641538333,4.88851044616241,-0.117244303092093,164.653929790612,"V2"
805,"forage_phonologicaldynamiclocal_delta_rise=0.0_fall=1.0",5.07963089988875,4.95584921032638,-0.175283668617167,163.749514299186,"V2"
805,"forage_phonologicaldynamiclocal_troyerextended",5.44763675109612,5.1815994991642,-0.195236370666152,166.655277398156,"V2"
809,"forage_phonologicaldynamiclocal_simdrop",4.26221320400236,4.18527311342768,-0.0455226409596798,142.813838802141,"V2"
809,"forage_phonologicaldynamiclocal_delta_rise=0.0_fall=1.0",4.45749594138027,4.925290517932,-0.0770536852968865,140.125570692714,"V2"
809,"forage_phonologicaldynamiclocal_troyerextended",4.17732904556897,4.96804611558666,-0.171432636143526,138.507919500862,"V2"
810,"forage_phonologicaldynamiclocal_simdrop",16.9753065588797,16.1624954132235,-2.38587671926985,5.49786624562132,"V2"
810,"forage_phonologicaldynamiclocal_delta_rise=0.0_fall=1.0",16.9753055499986,16.1622410262104,-2.25237268086513,5.49786691933924,"V2"
810,"forage_phonologicaldynamiclocal_troyerextended",16.9751725056318,16.1624287562814,-2.53334360672302,5.49786603789795,"V2"
816,"forage_phonologicaldynamiclocal_simdrop",5.67563959909972,6.34672267472375,-0.299655013573062,113.236226398255,"V2"
816,"forage_phonologicaldynamiclocal_delta_rise=0.0_fall=1.0",5.70026784664866,6.13556231956051,-0.259034602834644,112.076152604016,"V2"
816,"forage_phonologicaldynamiclocal_troyerextended",5.8037796283339,6.05531950509755,-0.233636100572788,113.559776918862,"V2"
817,"forage_phonologicaldynamiclocal_simdrop",1.94783656439423,4.92547073084396,-0.101783212780754,166.639528749114,"V2"
817,"forage_phonologicaldynamiclocal_delta_rise=0.0_fall=1.0",1.90825544766087,5.08800180160189,-0.101151317401403,165.535988835592,"V2"
817,"forage_phonologicaldynamiclocal_troyerextended",2.09442268276202,6.22276376095026,-0.200776995254353,166.68035201892,"V2"
818,"forage_phonologicaldynamiclocal_simdrop",6.13761542068008,4.16568469392218,-0.310831112022763,101.3947221233,"V2"
818,"forage_phonologicaldynamiclocal_delta_rise=0.0_fall=1.0",6.13121503917506,4.34341851486854,-0.247342316008012,100.631039489755,"V2"
818,"forage_phonologicaldynamiclocal_troyerextended",6.6760729402407,7.71897442058185,-2.47762436275022,100.179120221831,"V2"
821,"forage_phonologicaldynamiclocal_simdrop",3.23709179189329,4.21273157122221,-0.0652060123034002,147.038753940826,"V2"
821,"forage_phonologicaldynamiclocal_delta_rise=0.0_fall=1.0",3.21092615870352,3.89641936185048,-0.0348129183616623,148.282870720753,"V2"
821,"forage_phonologicaldynamiclocal_troyerextended",3.49214341041167,4.37083035020189,-0.0899303975003591,150.989496378717,"V2"
823,"forage_phonologicaldynamiclocal_simdrop",4.40990160756666,5.94252705328741,-0.231600496087454,94.9090155479956,"V2"
823,"forage_phonologicaldynamiclocal_delta_rise=0.0_fall=1.0",4.76952285289266,6.68007145083207,-0.295416378115467,97.2401283788493,"V2"
823,"forage_phonologicaldynamiclocal_troyerextended",4.78251560880489,5.3079835500792,-0.153829057723663,97.6873441884725,"V2"
825,"forage_phonologicaldynamiclocal_simdrop",6.43269055502036,5.0308164794324,-0.148171768925277,79.5100752950866,"V2"
825,"forage_phonologicaldynamiclocal_delta_rise=0.0_fall=1.0",6.31795126359177,4.96261665501872,-0.174861585204131,79.1489601903059,"V2"
825,"forage_phonologicaldynamiclocal_troyerextended",6.06596741720114,5.62390736563071,-0.327616828836385,81.8075278929838,"V2"
826,"forage_phonologicaldynamiclocal_simdrop",4.73861389553582,4.03605281218606,-0.0664980437709295,96.906507636745,"V2"
826,"forage_phonologicaldynamiclocal_delta_rise=0.0_fall=1.0",5.26897051524236,4.96079509366789,-0.0769581128697823,95.5785171146964,"V2"
826,"forage_phonologicaldynamiclocal_troyerextended",4.67513247705814,4.69283828141752,-0.125477513146485,95.9319506902632,"V2"
827,"forage_phonologicaldynamiclocal_simdrop",2.75251282627847,6.41217718691927,-0.279597970499074,209.605453224485,"V2"
827,"forage_phonologicaldynamiclocal_delta_rise=0.0_fall=1.0",2.79562782312476,6.33389753454876,-0.270097407784053,204.511249243213,"V2"
827,"forage_phonologicaldynamiclocal_troyerextended",2.61756593878046,5.39100345456276,-0.195435421354624,217.838011198417,"V2"
829,"forage_phonologicaldynamiclocal_simdrop",4.91404350828391,6.79985780615145,-2.53766778293366,114.408636699662,"V2"
829,"forage_phonologicaldynamiclocal_delta_rise=0.0_fall=1.0",4.3809193611668,5.22734762380776,-0.412158180221089,119.722322198168,"V2"
829,"forage_phonologicaldynamiclocal_troyerextended",4.58314842001308,5.87185809465233,-2.71659561051379,125.198609237525,"V2"
833,"forage_phonologicaldynamiclocal_simdrop",4.98081553620405,5.20036861894741,-0.264394935182095,113.998118834863,"V2"
833,"forage_phonologicaldynamiclocal_delta_rise=0.0_fall=1.0",5.22929704391608,7.04957876292013,-0.371061919987452,115.150395440341,"V2"
833,"forage_phonologicaldynamiclocal_troyerextended",5.26241121644118,5.49507607501674,-0.264440009112821,119.566611752424,"V2"
835,"forage_phonologicaldynamiclocal_simdrop",6.44970272003865,4.72093425991148,-0.0832921746780874,77.5758865382466,"V2"
835,"forage_phonologicaldynamiclocal_delta_rise=0.0_fall=1.0",6.08650000037566,4.46561076758969,-0.0927803995616703,78.06351050631,"V2"
835,"forage_phonologicaldynamiclocal_troyerextended",6.01988888407155,4.694791626749,-0.118835493527686,80.0258706568557,"V2"
836,"forage_phonologicaldynamiclocal_simdrop",5.36763450439245,7.07655567701836,-0.291477830171072,110.941319286952,"V2"
836,"forage_phonologicaldynamiclocal_delta_rise=0.0_fall=1.0",5.66893043737282,8.12486152683558,-0.392774257469015,111.368078602281,"V2"
836,"forage_phonologicaldynamiclocal_troyerextended",5.78242439065258,7.87846249349451,-0.404320997940758,108.506925995526,"V2"
844,"forage_phonologicaldynamiclocal_simdrop",5.39699116145963,5.1580092929601,-0.273613604666154,125.245659470284,"V2"
844,"forage_phonologicaldynamiclocal_delta_rise=0.0_fall=1.0",5.45681779488309,5.09977860932672,-0.243736344706839,126.907353112561,"V2"
844,"forage_phonologicaldynamiclocal_troyerextended",5.65751793784407,6.65263376920087,-0.357791754817844,129.368922297619,"V2"
856,"forage_phonologicaldynamiclocal_simdrop",4.93317753677681,4.11064719422409,-0.114920744732602,154.429276753248,"V2"
856,"forage_phonologicaldynamiclocal_delta_rise=0.0_fall=1.0",4.85459379649553,4.63935738991721,-0.127394723925774,153.122747515812,"V2"
856,"forage_phonologicaldynamiclocal_troyerextended",5.05184306736167,5.65962134668906,-0.188034780325716,150.991918710109,"V2"
857,"forage_phonologicaldynamiclocal_simdrop",-0.0339394642720145,5.28111067586321,-0.165893881029918,88.015567804979,"V2"
857,"forage_phonologicaldynamiclocal_delta_rise=0.0_fall=1.0",-0.0295919310795587,5.99798944404612,-0.24573604331561,87.2789876139922,"V2"
857,"forage_phonologicaldynamiclocal_troyerextended",-0.0205211132532335,7.28896978056241,-0.383082008834234,87.1083973754873,"V2"
859,"forage_phonologicaldynamiclocal_simdrop",5.3410155930745,5.17247006927677,-0.219334405558069,174.379100453496,"V2"
859,"forage_phonologicaldynamiclocal_delta_rise=0.0_fall=1.0",5.45565241326933,4.95959283883609,-0.15901615586545,173.772575762309,"V2"
859,"forage_phonologicaldynamiclocal_troyerextended",5.40435724346804,4.54750117819616,-0.133643037989627,174.812422845926,"V2"
860,"forage_phonologicaldynamiclocal_simdrop",5.24868748483717,4.06545052427734,-0.0885222450791233,88.8906302994307,"V2"
860,"forage_phonologicaldynamiclocal_delta_rise=0.0_fall=1.0",5.1520258465697,4.61287953374127,-0.14312704400369,89.5827727989027,"V2"
860,"forage_phonologicaldynamiclocal_troyerextended",5.12395707863648,5.55828345235612,-0.25234513646066,88.8317383368836,"V2"
861,"forage_phonologicaldynamiclocal_simdrop",4.6964844128316,4.54035409460036,-0.108509248493166,130.947871929716,"V2"
861,"forage_phonologicaldynamiclocal_delta_rise=0.0_fall=1.0",4.99440411066561,3.99055716732353,-0.027905356027304,131.972971457009,"V2"
861,"forage_phonologicaldynamiclocal_troyerextended",5.08232262383775,6.00026872411424,-0.165517473102094,130.642671004553,"V2"
863,"forage_phonologicaldynamiclocal_simdrop",6.47556046319292,5.89557850587465,-0.339075076279669,112.034532759555,"V2"
863,"forage_phonologicaldynamiclocal_delta_rise=0.0_fall=1.0",6.06516350371346,5.88433978291381,-0.304416825276125,111.191135111145,"V2"
863,"forage_phonologicaldynamiclocal_troyerextended",6.2223851528305,7.01779955276586,-0.381543532202216,110.273982304421,"V2"
865,"forage_phonologicaldynamiclocal_simdrop",5.92158775468095,3.20642877437812,-0.159979834160445,115.203985240067,"V2"
865,"forage_phonologicaldynamiclocal_delta_rise=0.0_fall=1.0",5.92444392480252,3.05252697191916,-0.216587865108742,115.623083425987,"V2"
865,"forage_phonologicaldynamiclocal_troyerextended",6.24535233654764,8.789501700013,-2.31163652464696,114.170496480743,"V2"
866,"forage_phonologicaldynamiclocal_simdrop",4.59689856251646,5.67393398528106,-0.0747023776554333,111.708649461209,"V2"
866,"forage_phonologicaldynamiclocal_delta_rise=0.0_fall=1.0",4.13033650600592,5.21010005226266,-0.0674439395592636,108.826565546008,"V2"
866,"forage_phonologicaldynamiclocal_troyerextended",4.46729659693316,5.42771988939655,-0.0461751567396495,113.646754404785,"V2"
867,"forage_phonologicaldynamiclocal_simdrop",5.01868690465274,6.13168391873994,-0.243375120507611,157.645727712405,"V2"
867,"forage_phonologicaldynamiclocal_delta_rise=0.0_fall=1.0",4.90839560899093,6.00998553109156,-0.273664335411667,152.168908084055,"V2"
867,"forage_phonologicaldynamiclocal_troyerextended",5.05812123539519,7.37975442889807,-0.384629052515157,154.347864777926,"V2"
870,"forage_phonologicaldynamiclocal_simdrop",3.79190094310625,4.93504805961312,-0.13265248418422,197.734548382943,"V2"
870,"forage_phonologicaldynamiclocal_delta_rise=0.0_fall=1.0",3.9494896592685,4.93201983468829,-0.0935472053002772,197.100828811107,"V2"
870,"forage_phonologicaldynamiclocal_troyerextended",4.13667823934409,5.76702532665874,-0.128904490930738,196.968072295975,"V2"
872,"forage_phonologicaldynamiclocal_simdrop",3.11169651598413,3.90059171410811,0.0353289321298214,150.614024430986,"V2"
872,"forage_phonologicaldynamiclocal_delta_rise=0.0_fall=1.0",3.23299312902814,4.11017265583657,0.0289558588178902,147.478271706341,"V2"
872,"forage_phonologicaldynamiclocal_troyerextended",3.27225768757144,3.84170888692549,0.06102183857498,147.387820521094,"V2"
875,"forage_phonologicaldynamiclocal_simdrop",6.20964355373265,7.79352225675519,-0.423149321411799,96.4619899055443,"V2"
875,"forage_phonologicaldynamiclocal_delta_rise=0.0_fall=1.0",6.18634695516463,7.61641745528505,-0.444684632351852,95.5224940036468,"V2"
875,"forage_phonologicaldynamiclocal_troyerextended",5.6680942180341,5.72203815552047,-0.202933381898317,98.0533592283748,"V2"
876,"forage_phonologicaldynamiclocal_simdrop",5.8974422029617,6.15079757432246,-0.232901718375216,108.447535961623,"V2"
876,"forage_phonologicaldynamiclocal_delta_rise=0.0_fall=1.0",6.45524165470809,7.70179634236618,-0.399250206430595,101.66045963693,"V2"
876,"forage_phonologicaldynamiclocal_troyerextended",5.87162756016639,7.11244938768528,-0.359837211319986,105.321634301582,"V2"
901,"forage_phonologicaldynamiclocal_simdrop",4.58634430875417,4.01410740127592,-0.0194194866131985,199.682134189676,"V2"
901,"forage_phonologicaldynamiclocal_delta_rise=0.0_fall=1.0",4.48244259749249,4.10527362427336,-0.0247297403302882,200.566870996331,"V2"
901,"forage_phonologicaldynamiclocal_troyerextended",4.91762426127746,6.03075149405134,-0.183089653550367,199.014237254706,"V2"
909,"forage_phonologicaldynamiclocal_simdrop",4.39498940174707,7.52066331393025,-0.384879337486172,133.633856432619,"V2"
909,"forage_phonologicaldynamiclocal_delta_rise=0.0_fall=1.0",4.20634793354208,7.62746789527406,-0.408953891814709,131.916855539743,"V2"
909,"forage_phonologicaldynamiclocal_troyerextended",4.22620440766157,8.6250826592333,-0.501826877992491,131.749638148312,"V2"
912,"forage_phonologicaldynamiclocal_simdrop",5.49966642218977,5.15858252265244,-0.219857705736182,123.950506493772,"V2"
912,"forage_phonologicaldynamiclocal_delta_rise=0.0_fall=1.0",5.78847142019537,6.18804757754493,-0.312231846174845,122.74160449597,"V2"
912,"forage_phonologicaldynamiclocal_troyerextended",5.76223277629419,6.51786689326381,-0.320017209982175,120.279437663398,"V2"
