animals,occupations,things at the beach,things in a classroom,things you rescue from a burning home,excuses for being late
-0.0622203,-0.07902676,-0.06376488,-0.07663979,-0.04136303,-0.022487016
-0.005976966,-0.027230315,0.07983244,0.08248493,0.0048770276,0.0034490237
0.08221183,-0.041388914,0.04219389,0.032023035,-0.045708332,0.057024837
0.013943284,0.025705121,-0.039055195,-0.017601268,-0.044801332,-0.029878287
0.030544808,-0.049544543,0.0574908,0.041066885,0.059963394,0.068053305
0.0010847052,-0.038324825,0.06644799,0.09995351,-0.018267,-0.0196668
-0.0754895,-0.013429036,0.03956917,-0.014203474,-0.03657566,0.0044404985
0.0016645668,-0.060067832,-0.015455586,0.024798278,0.061478764,0.0022825242
-0.08028988,-0.0627774,-0.01736315,-0.029987467,-0.044820443,-0.048900876
0.027007205,-0.08747892,-0.031578958,0.032692134,0.0014259999,-0.0038659712
0.087460205,0.059016492,0.04077894,0.03249631,0.0716268,-0.008685147
0.08741906,-0.017370515,-0.045921337,-0.03188307,-0.02741467,-0.03048296
0.04177018,0.044648733,0.004742104,-0.028018788,-0.053834476,-0.0059662033
0.075619616,-0.061181147,0.06731614,0.08827435,-0.040716168,-0.04893159
0.031698916,0.06727962,0.07673853,0.028651454,0.064033896,0.05690018
-0.025201617,-0.06414037,-0.07142159,-0.080095164,-0.08337568,-0.07747617
0.010672874,-0.05878664,0.011975485,-0.014503638,-0.028031804,-0.01950182
-0.010471088,0.014762711,0.01976616,-0.0139107555,-0.00927662,0.024062337
-0.026195882,0.045827713,-0.0020011577,0.012698074,0.006259201,-0.024826601
-0.04537819,-0.033910897,-0.0512686,-0.105608664,0.005535912,-0.056644853
0.06712527,0.07907278,0.028558573,0.022391114,0.01945999,-0.052758075
0.035341054,0.027731486,0.05015672,0.052626453,0.019341538,0.033274632
0.031189336,0.034830175,0.018732289,-0.031660423,0.088750295,-0.06829344
0.06368918,-0.08046319,0.021726895,-0.07162118,-0.0046502417,0.032209095
-0.031734034,0.06628833,-0.007242671,-0.05442985,0.0007361153,0.053860083
0.023694603,-0.0010971354,0.080553405,-0.045452762,-0.029786779,0.06161536
-0.015581424,-0.059952367,0.052161995,-0.005095796,0.018327318,-0.008574455
-0.06801895,-0.0034436355,-0.056324787,-0.047093336,-0.045782205,-0.032567866
0.04751679,0.0073459106,0.0058741737,0.014871324,-0.0031097776,-0.015201176
-0.028725686,-0.030809805,-0.020040227,-0.021912733,-0.0028340877,-0.05168867
-0.017052058,-0.043227673,-0.048655044,-0.043796327,-0.071411595,0.05165239
-0.06148505,0.04017684,-0.088154644,-0.045702122,0.02781508,0.049048025
-0.06540146,-0.041271515,0.019660983,0.047607392,-0.023935655,-0.07266549
0.0031412817,-0.013851923,-0.07190726,-0.022706836,-0.080422334,-0.024465375
-0.054456376,-0.044414457,-0.019764554,-0.07492489,-0.0628374,0.039855585
0.03490386,0.046954036,0.04438057,-0.03014527,-0.038092006,-0.017588139
0.07039158,0.07433211,0.036650106,0.055812348,0.07358278,-0.053231496
-0.01270371,0.036308467,0.028842127,0.0094376365,0.005508664,-0.0510142
0.060005277,-0.029230393,0.020503413,-0.0021821577,0.021564571,-0.04279558
0.06317929,0.06054255,0.031625528,0.0022979619,-0.012107247,-0.0053706337
-0.03253436,-0.04104487,-0.011628526,0.018235022,-0.03603222,0.05014512
0.02724639,-0.03181987,0.041449036,-0.019962572,-0.011357648,0.013390948
-0.033380456,0.000232598,-0.046620015,-0.052483723,0.007786128,0.053132497
-0.06235932,-0.029025292,-0.050311718,-0.034873072,-0.047976945,0.001809389
-0.08746663,-0.014658208,-0.071746916,-0.0108512,-0.1005422,-0.027121475
-0.048165087,-0.02538137,-0.04424136,-0.011988211,-0.02383956,0.045924906
-0.052710023,-0.05588255,-0.07693923,-0.014849191,-0.08783572,-0.06116587
0.0053790356,0.0729345,0.04108787,-0.016693862,0.02295577,0.04069985
0.030757584,-0.034757446,-0.010980902,-0.010668803,-0.047059197,-0.034871653
0.007534666,-0.054315757,-0.0357967,-0.04698621,0.012537889,-0.028765863
0.08717126,0.006473053,0.029253505,-0.03763543,-0.018121239,0.03791295
0.038607493,0.07911977,0.0595658,0.08418014,0.08918026,0.06791874
0.07735268,0.054796442,-0.045562543,-0.06633054,-0.07445825,-0.052814193
-0.024318112,-0.03395497,0.011559304,-0.024186503,-0.036856227,-0.06503724
-0.004749855,0.070129886,-0.0655,0.015805868,-0.025050363,-0.0009550953
0.019010806,-0.015266567,-0.032043796,-0.020308955,-0.012059573,0.025035203
0.0026099766,0.0044675497,0.05773993,0.060031794,0.07194245,-0.008185349
-0.036824808,-0.0315588,0.03456413,0.038325977,-0.003763516,0.039543547
0.06774547,0.074982956,0.038543534,-0.0069505535,0.0033093612,0.02268622
-0.08745605,-0.07235362,-0.011100326,-0.04246292,0.0512882,-0.06363046
0.0022297904,0.027649743,0.042574722,-0.012643404,-0.036216665,-0.029099412
0.0357624,0.058146615,-0.024912873,-0.035310254,0.026034946,-0.061149336
-0.08595095,-0.024733765,0.004442218,-0.019529086,-0.03758068,-0.03638643
0.05981939,0.006031931,0.055860955,-0.007985826,0.04925373,0.0031055885
0.08734324,-0.0142431045,-0.026128503,0.07049829,0.09342671,-0.0050659906
0.042682625,0.025255047,0.044236768,0.07828194,0.07176629,0.031496387
-0.036962494,-0.03224968,0.0039995764,-0.0051340414,-0.0053185076,-0.015959306
-0.03270235,0.0025131146,0.0011456814,-0.01662217,0.03532654,-0.0052883453
0.041042227,-6.580655e-05,0.085562505,0.054608773,0.044943415,0.017041704
0.047643933,-0.048501533,-0.027214568,-0.041747298,0.08469034,-0.049876396
-0.07209863,-0.045277476,0.03183309,-0.0020448149,-0.012560307,-0.026175978
-0.021325026,-0.084138595,0.030453695,0.032883212,0.0827931,-0.07148422
-0.030550275,-0.04511148,0.04256935,0.034916453,0.010490641,0.02482127
0.0022751926,-0.013829196,0.0010596665,0.0020633978,0.043753594,0.046941213
0.0277915,-0.02179164,0.019624528,-0.00094174786,-0.040167395,-0.010981954
0.030104768,-0.090352625,0.019956723,0.018468825,-0.007571199,-0.016671546
-0.017853178,-0.015013245,0.053273764,0.020547822,0.035491474,-0.03316235
0.013100218,0.03588608,0.037940234,0.00019949567,-0.0386292,-0.00850924
-0.07095636,-0.006548456,-0.078990735,-0.033815183,-0.07404063,0.057582755
-0.005396177,0.009669422,0.032244373,0.03487325,-0.06942266,-0.027242592
-0.07037249,-0.017279733,0.08580292,-0.040828906,0.09665013,0.03398474
0.042538557,0.059043135,-0.001614924,0.009093092,-0.051625613,-0.026190272
-0.082138054,-0.08279679,-0.07195295,-0.04111624,-0.0817669,-0.037583437
0.008481036,-0.004727468,-0.043306135,0.034908645,0.0625639,-0.01665773
-0.06170188,-0.06717965,-0.005408537,-0.050884657,-0.06594838,-0.012460486
0.04458802,-0.015481355,-0.0032769816,0.037448905,0.01991294,0.043865718
0.026103664,0.03052024,-0.017588515,0.008974836,0.022453671,0.0739049
0.06907708,0.035953898,0.05791338,0.054067172,0.027652448,0.008424699
0.03236409,0.04810601,-0.019885011,0.017545253,0.00794501,-0.050964013
-0.0054715974,-0.06770027,-0.006684119,-0.07124048,0.039488386,-0.017279984
0.05504442,0.01764472,-0.041518535,-0.030927638,0.064415,0.03766393
-0.054389067,-0.06329612,-0.017819857,0.0013685632,0.020120915,0.006873221
-0.011621474,0.0052886857,-0.02989909,-0.03427617,-0.0125979185,-0.018475294
0.04970933,0.030044219,0.047680102,0.063289374,-0.012327203,0.047267046
-0.01648199,-0.023680836,-0.03258641,-0.042850092,-0.05189385,-0.009500647
-0.05625831,0.0800521,-0.038306028,0.10537723,-0.06528718,0.012824834
-0.0132729765,-0.0043664523,-0.041822597,-0.04073498,0.025016805,-0.042813394
-0.07778958,-0.06621528,-0.04955058,0.014269704,0.055308126,0.0551258
0.074856795,-0.009986751,-0.033152327,-0.033719875,-0.03165729,-0.054825593
0.06067239,-0.0767781,0.044030093,0.003923122,0.0013536335,0.002407599
0.011146897,0.038377386,0.0103825405,0.07973374,-0.032138135,-0.020741422
-0.042918015,-0.0064256834,-0.016998354,-0.07812442,-0.01842501,-0.0052148476
-0.0588501,-0.035655107,-0.019790724,-0.0013364911,-0.052889008,-0.064875856
-0.06765242,-0.08417579,-0.01595924,-0.014596729,-0.04468763,-0.030770065
0.014389076,-0.084636025,0.018712431,-0.016911743,0.06541938,-0.05112739
0.024250353,-0.03215779,-0.015292616,-0.047294747,0.043858726,-0.051049117
0.08466256,-0.022101136,0.023644777,0.05285823,0.0068706027,-0.05098493
-0.055240612,-0.0033292486,-0.07379414,-0.042684663,0.011665478,-0.06869409
-0.0711608,-0.07297086,-0.010538473,-0.04534895,0.023381874,-0.039308142
0.04274722,-0.0057761255,-0.030439375,-0.0043585813,-0.01771749,0.057894517
-0.016831491,-0.03862352,-0.008602637,0.047510266,-0.099565595,-0.035369933
0.056748927,0.027614897,0.042587932,0.04317729,0.025256943,-0.07921782
-0.00047012058,0.05262475,-0.032451965,0.0014578537,-0.052929014,-0.039419197
0.016034205,0.0076075355,0.038857374,0.018352091,0.011057266,-0.045628987
0.015049718,0.047191624,0.084815726,0.08947255,0.033390056,0.06003808
0.06958303,0.035070304,0.073766395,0.06923722,0.03221783,-0.0031861898
-0.0014830646,0.04631181,-0.02147346,-0.015289248,0.009826093,-0.060269978
-0.004785008,0.024890915,-0.08685521,-0.008255788,-0.04988649,0.07772046
0.03166563,0.058449723,-0.020803768,-0.02220336,-0.043575,0.013915268
-0.0026006894,0.059309423,0.05239981,0.038033,-0.06422315,-0.015043797
-0.07076206,-0.08179675,0.09894649,-0.055662856,-0.042637054,-0.073186606
-0.028388588,-0.015068797,0.0073601617,-0.05475966,-0.06651296,-0.062276863
-0.060551934,-0.0058474997,-0.040255446,-0.069842495,-0.046499617,-0.059441138
0.02108631,0.018807253,0.017014498,-0.02993286,0.058904804,0.04138407
-0.05888415,-0.060976677,-0.025553241,-0.03622002,0.032287627,0.036863342
0.05949267,0.04721785,0.037783086,0.07537472,-0.0015867397,0.044599816
-0.026600884,0.04319499,0.009874546,-0.019011233,-0.0024488356,-0.028872335
0.0073589836,-0.0069818036,-0.033448715,-0.06080733,-0.016843911,-0.0246187
-0.036980066,-0.054259807,0.023630003,0.0033643853,-0.012198028,-0.04656026
0.052597575,-0.0609746,0.03890547,-0.03257071,0.05449511,0.045540493
0.039709065,-0.0884315,0.042157546,-0.031739954,-0.0375995,-0.06273015
0.086680554,-0.021598913,0.0014123317,-0.016001618,-0.033464897,0.02729309
0.07697157,0.07830441,0.013312098,-0.0115685705,0.014495242,-0.038273614
0.040797777,0.070623875,-0.031441007,-0.03001104,-0.051080856,-0.03602927
0.0108944485,0.016604802,0.048982263,0.05157714,-0.017858261,-0.074899696
-0.039698575,0.032563623,-0.053369187,-0.061180536,-0.062089566,-0.045675386
0.07293697,0.06410453,-0.04643256,-0.0275398,-0.04248303,0.03817516
0.003646676,0.017366262,-0.030808346,-0.062074255,0.032110333,0.052258316
-0.0069533233,-0.003629406,0.0011630586,-8.072049e-05,0.035497442,-0.03978158
0.009393115,0.0056634573,0.03130109,0.024576362,-0.0384393,0.039050978
-0.011969224,-0.055708382,-0.04806913,-0.066722736,-0.004877192,0.036416773
-0.04658692,0.026196875,-0.08020539,-0.09249702,-0.0641079,-0.060888704
0.031477917,0.05071453,0.044570412,0.007769943,-0.030724553,0.052609075
-0.01766535,-0.049871895,-0.054266233,-0.043001965,-0.0037582803,0.006964356
0.0011328487,0.009564884,-0.023403851,-0.0061924965,0.0266792,-0.029352965
0.01379415,-0.034189995,0.022129573,-0.052124105,-0.05222371,-0.039858907
0.026000932,0.009129256,0.07537991,0.09584445,-0.0337001,-0.02534768
0.020551685,-0.06761798,-0.018332811,-0.027719716,0.036072392,-0.023457093
-0.020114137,0.05191483,0.058163404,0.035376105,-0.054443456,0.036308076
0.011687068,-0.04040113,0.08523027,-0.013933077,-0.04889215,-0.01824549
0.00954655,-0.009703579,-0.04107283,0.0376793,-0.03232227,-0.06223118
-0.03823882,0.021318525,-0.041730944,-0.018836433,0.030513268,-0.014232464
-0.019993562,-0.03694395,-0.0030536128,0.012237614,0.07650455,-0.03650068
0.0052941395,0.008926738,-0.015675366,0.0093789315,-0.026367255,-0.009122273
0.05360631,-0.062292766,0.042243674,0.051887102,-0.018806966,-0.07206734
-0.0063373665,-0.0016142579,-0.06979786,-0.08817312,-0.08888324,-0.07473434
-0.054020647,-0.036366787,-0.030510467,0.023887815,0.023834387,0.012259709
-0.0677733,0.003862713,-0.029814722,-0.057744503,-0.07919989,-0.060996074
0.066198654,0.04054261,0.02312441,0.032031503,0.022353163,-0.07599871
0.04376594,0.07366231,0.05827738,0.032690123,0.06711765,0.0028016395
0.014301421,-0.029762337,-0.07684656,0.016624833,-0.05209578,0.03213133
-0.0074525736,-0.047506016,0.036952987,0.02170784,-0.008160023,-0.07278128
-0.04709253,-0.007416669,0.02105832,0.0073949117,-0.061040595,-0.010495973
-0.025679888,0.018869616,-0.007889015,-0.026018158,0.015910007,-0.07296413
0.004381988,0.026262581,-0.007351626,-0.014690427,-0.05467984,0.033205453
0.0805625,0.068712026,-0.042566277,-0.018773537,0.07146249,0.07386621
-0.005266133,0.054714635,0.097844735,0.088133544,0.08658189,0.044665214
0.004086994,-0.020444743,-0.04862093,0.010255088,-0.03983714,0.033459082
-0.040715136,0.046056926,-0.02521114,-0.026367411,-0.018735055,0.056123804
0.0039332123,-0.052613016,-0.015240814,-0.054409508,-0.052136336,0.05850701
-0.051109854,-0.033850238,-0.070487045,-0.034696307,0.03444265,0.020170473
0.016520085,0.036314916,0.028499153,0.047161378,-0.081537575,-0.07969585
-0.04504856,-0.0060866782,-0.044118814,-0.05511169,-0.06626947,-0.0020415494
0.033072654,-0.009663268,-0.039167136,-0.037858028,-0.013006908,-0.025595888
0.023568237,-0.04231891,0.022217607,-0.08307513,0.0064487588,-0.05929338
-0.0013840494,0.043889005,-0.043414693,0.021318939,-0.054202866,0.043755032
0.06057955,0.05854943,0.08055525,0.06371983,0.07836359,-0.004903174
-0.0314173,0.017316673,0.051637813,-0.04261688,-0.059696488,0.018406956
0.026171906,0.012035628,-0.03108495,-0.03236141,0.018541586,0.06486942
-0.032201383,-0.01164767,-0.034945987,-0.051019393,0.039039455,0.060411725
-0.017886778,-0.0002661384,0.018335098,-0.014302299,-0.03877218,-0.0379161
-0.030284168,-0.0122682685,-0.008226639,0.029446378,-0.07391904,-0.0075793983
0.005185203,-0.032208376,-0.015349207,-0.015476264,-0.05315114,-0.014940603
0.056479387,-0.045663595,-0.048756197,-0.024715984,0.060043946,-0.009012591
0.03338976,0.0018508706,0.04166462,0.0008338055,0.045351267,0.0643497
0.05378978,0.012871132,0.033476043,0.033665854,-0.016222829,-0.036608677
-0.042906955,-0.06488979,0.05817155,-0.016288124,0.005688185,-0.047783054
0.038276024,0.03243661,-0.036469154,0.008951587,0.027022952,0.06328248
0.045270313,-0.024893781,0.017283201,-0.0013884874,0.023867281,-0.05668322
0.043602835,0.071515426,-0.016210167,-0.02107682,-0.0373625,0.008660424
0.00539042,0.030134242,0.06944921,0.08941332,-0.07668962,0.057524834
0.040509805,0.044201594,-0.042824693,-0.054441366,-0.015192139,0.018289207
0.06738196,0.017556923,0.07900475,0.0618269,0.01847623,0.035900217
0.03928874,0.041275498,0.019477105,0.012545179,0.012905224,0.04688897
0.059792116,-0.03646844,0.004766309,-0.021389969,-0.022368524,0.045515973
-0.082072996,-0.021059185,-0.067990474,-0.037289713,0.070134446,0.015757432
-0.051005125,-0.008320601,-0.014966851,-0.050122455,0.021061122,0.06569239
-0.027998768,-0.01927849,0.021030178,-0.04035471,-0.06619362,0.017939283
-0.043739878,-0.055898536,0.061070476,-0.027799003,0.05487893,-0.021756083
-0.0048740157,0.036931027,0.043169666,0.0051225647,0.006746741,-0.02276151
-0.025771393,-0.005716435,-0.0425819,-0.011585424,0.011445419,-0.057704918
0.044809435,0.05167249,-0.072495826,-0.007192397,0.015412259,0.0060639377
-0.008100165,-0.06003768,0.015863307,-0.006609718,-0.04528104,0.03157018
-0.0031608315,-0.061144564,4.605258e-05,-0.023374585,-0.03143258,0.040136885
-0.027678054,-0.033967797,-0.046111178,-0.04019151,-0.02286382,-0.033855427
0.00047110266,0.01799218,-0.010579945,-0.085842825,0.06035423,0.052767284
-0.0031906131,0.032407932,0.043894902,0.0633135,-0.07307772,-0.05135328
0.087466575,-0.07461597,0.048223145,0.016811566,-0.01409891,0.012506184
-0.00017611941,-0.052318234,0.0026266815,-0.018054182,-0.0038471685,-0.058713783
-0.018712109,0.0043565608,-0.05807692,-0.059469223,-0.048747662,0.024478586
-0.03727243,0.025076577,-0.026998103,-0.052761238,-0.015708972,-0.020840768
0.087464936,0.08937736,-0.031169187,-0.07759185,-0.058972023,-0.009173279
0.036164362,-0.08458007,0.036886323,0.03348306,-0.007939122,0.058818568
-0.04449499,-0.06072984,-0.02929674,0.037031375,0.0384395,0.0030174963
-0.00837163,-0.028160125,0.028770566,0.02146577,0.06543908,-0.022991998
-0.044106532,0.026067449,-0.025798213,0.04119761,-0.019583099,0.010885986
0.0035407688,-0.033665877,-0.031830613,-0.010136909,-0.022959998,0.03531893
-0.04318967,-0.018898819,-0.035479393,-0.04016969,0.0074552875,-0.009585114
0.0072492356,-0.065482266,0.0804244,-0.0036134343,0.03684204,0.056706566
0.026198177,0.026125276,-0.031577513,-0.06043359,-0.0024591044,-0.049815457
0.019188281,0.023404444,0.0145583525,0.046437375,-0.029314278,-0.04611068
-0.028984975,-0.06647068,0.0055864844,0.00059983786,0.06629903,0.032711945
0.043452207,-0.07800872,-0.023568036,0.019000188,-0.04204429,-0.043064274
-0.0016930737,-0.0477073,-0.051801145,-0.05451365,-0.040033802,-0.03910561
0.06329975,0.0073481714,-0.056200773,-0.009209117,-1.0480825e-06,0.017336613
0.047631625,0.011573799,-0.021892328,0.0293003,-0.0034967556,0.008815879
-0.08159195,-0.07484045,-0.07389355,-0.07604321,-0.013236834,-0.018518863
0.03637146,-0.001639966,0.0035753665,-0.01784221,-0.011786597,0.024048772
0.06955515,-0.033633463,0.075271904,0.07683828,-0.015572734,-0.018368114
0.06302619,0.047085807,-0.0071665505,-0.00943419,-0.06579099,-0.007389248
0.009158422,0.043474156,0.047404185,-0.04280268,-0.030705007,-0.048073366
-0.018187808,-0.035496786,0.09745316,0.10423179,0.10156989,0.042807158
0.033928066,0.039459124,0.0016436887,-0.0018710877,0.038038597,0.014459287
0.08595826,0.08883362,0.09187622,0.09394268,0.09803337,0.07262469
0.026650166,0.041719984,0.04992871,0.01605287,-0.0092237005,-0.064344734
-0.0017940163,-0.023508262,0.020684732,-0.005393838,-0.043145604,0.0030359544
0.06637637,-0.010669073,0.045449577,0.03875654,-0.06538818,0.06823702
0.005574198,-0.015217635,0.013290258,-0.0031021712,0.024238998,0.024829127
-0.063827485,-0.07681806,-0.02914662,-0.019268626,0.009410069,-0.025170488
-0.017139504,0.04064705,0.040961523,0.059315354,0.028618494,-0.06604021
0.056128263,0.04238968,-0.02166322,-0.05547154,-0.026644444,0.06841351
-0.04647817,-0.07575722,0.024356434,-0.036872078,-0.05439802,0.01405066
0.029320508,0.056362048,0.08246209,0.08637355,0.08454294,0.043869555
-0.00893645,0.022566747,0.024303403,0.02605232,-0.019412037,-0.030920615
0.015470309,-0.02191052,0.013178394,-0.044445917,-0.012854131,0.0005178017
-0.026788268,0.02347285,0.05225987,0.07153273,0.059354123,0.077856846
-0.024245184,0.0051184683,-0.04488046,-0.011595113,-0.00341222,-0.044979963
0.038672224,0.059495177,0.034068316,0.08090075,0.07924102,0.050618697
0.01059586,0.043654326,0.07868632,0.09839586,0.096112855,0.07553572
-0.05605003,0.00010158638,-0.024534572,-0.026906472,-0.026453119,-0.04964652
0.056742143,0.059564907,0.051325135,0.014130256,0.053989675,0.05869707
0.026025567,-0.044521507,0.071787916,0.026780197,0.008482234,0.04349666
-0.059351772,0.01149746,-0.08529794,-0.074222006,-0.06419556,-0.055873048
-0.03487602,0.023961361,-0.008286598,0.04855721,-0.042096484,-0.07129008
0.00058881525,0.07232425,0.0030661477,0.007888128,0.045835067,0.029772863
-0.01911831,0.0014985726,0.043237183,0.032613583,0.035099484,-0.070248365
-0.0066255694,0.01169357,-0.049948566,-0.03656918,-0.026917543,0.03276287
-0.03553684,0.027590424,0.011758464,-0.012648197,-0.09554003,-0.05368165
-0.02698434,0.0070112194,-0.03731977,0.038270373,-0.06344017,0.049114596
-0.061661422,0.026540121,0.028284896,0.027085144,0.03855797,-0.02148221
-0.035835147,-0.042798545,-0.0053559006,-0.009224595,0.04101232,-0.043848503
-0.02597774,-0.06298555,-0.0026732583,0.034484886,0.03807526,0.04230063
0.08336022,0.08850292,0.090767294,0.098919414,0.0818866,-0.05063201
-0.053632934,-0.061714526,0.07550905,0.08053623,-0.034220334,-0.019040748
0.039042786,0.033495206,0.051328257,-0.017674144,-0.0063200505,-0.06892675
-0.061996214,-0.0426499,0.0043333443,-0.014811894,-0.021518104,-0.06445266
6.0230595e-05,0.0075067873,0.024226626,0.006362355,0.009556519,-0.011807369
0.059427768,0.031027215,0.009908724,0.062713064,0.0007594658,0.006013182
0.054458346,0.043366224,0.054083057,-0.005583389,-0.040361322,0.041312747
0.07267415,-0.024029108,0.026894292,0.07051037,0.009661577,0.013843848
0.07612532,0.043015327,0.037639104,0.04388949,-0.094857015,-0.053126838
-0.05124228,-0.06504953,-0.048257295,-0.07580719,-0.04819976,-0.06887655
0.056929085,-0.051096875,0.012690569,0.014004675,0.04759981,-0.0518837
-0.057301197,-0.05736628,0.04042711,0.0045269895,0.0029484814,0.073295735
0.06628944,0.059312344,0.015428269,-0.00023863216,-0.008223923,-0.036549367
-0.039261073,-0.01710804,-0.0018421334,-0.014246311,-0.002057284,0.03683464
-0.047426652,-0.044292357,-0.05131099,-0.04369989,0.049135868,-0.045565095
-0.059285164,0.022814553,0.0032618917,0.0082428185,-0.038607888,0.047202382
0.08211628,0.076892845,0.06722866,0.061353445,-0.004129576,0.07145491
0.061309252,0.05984213,0.056334663,0.008218172,0.059544586,-0.04579163
0.020444453,0.051861934,0.050788242,-0.029977085,-0.0017043113,-0.0767609
-0.061914086,-0.050961327,-0.039793663,0.0029225538,0.027592063,-0.039355706
-0.04260214,-0.037011325,0.0054414305,-0.026533946,0.03852086,0.021697192
0.013520946,-0.033557512,-0.030591417,0.035830013,0.030279052,-0.025092527
0.01866307,0.08471824,-0.023137042,-0.03171761,0.031005267,0.058716178
0.016822582,0.03744649,-0.004650629,0.013356076,0.05802563,0.06997639
0.003189343,-0.007690695,0.05156773,-0.016596453,-0.03624566,0.05609111
0.0874606,-0.00836171,0.0015592682,0.017753754,0.03215547,0.052595064
0.023918245,-0.041140933,-0.07936106,-0.05887722,-0.048675444,-0.030527033
0.021842873,-0.08007938,-0.06162728,-0.036071684,0.08938305,0.02680011
-0.021903759,-0.028235225,0.064001925,-0.022751838,0.023001134,0.056806706
-0.03220309,-0.07331806,0.025867155,0.0057733706,0.026758676,0.029794743
0.08740366,0.071483776,0.08231275,0.043508653,0.007690967,-0.044315476
-0.039339878,0.02004519,0.015025217,-0.04120877,0.08401049,-0.06615524
-0.016797954,-0.031654682,0.012214793,0.0143839065,-0.0012234696,0.013452271
0.07458906,0.047027625,0.08334237,0.07490699,0.022928651,-0.0243886
-0.013341684,-0.03235546,-0.068989076,-0.04910745,-0.014599073,0.03550572
-3.466401e-05,-0.009819629,-0.043743018,-0.022869276,-0.025684886,0.06515163
-0.08742964,0.06221977,0.018160688,0.0215592,0.026622755,0.026897922
0.056347392,-0.008247871,-0.014836981,0.06929089,0.0019433675,0.019830272
0.019314561,-0.005974192,-0.020127002,-0.029588051,-0.08396121,-0.023762828
-0.06336739,-0.072735764,-0.031464174,-0.06629515,-0.073252246,-0.028255494
0.012668756,-0.014800634,0.059963807,0.07156985,0.020152895,-0.056756876
-0.043330763,-0.00031819468,-0.06791682,-0.060931455,-0.016229685,0.03502067
-0.03913633,0.021072846,0.0056038,-0.024076112,0.017808612,0.036178447
0.058397505,-0.04470119,0.03820863,-0.01362407,-0.009871599,0.062024098
0.055060472,0.016928004,0.06693147,0.07482404,0.04681481,0.062208723
0.042461243,-0.04396614,-0.054940365,0.04412228,-0.046432115,0.0033801189
0.03874,0.02081426,-0.062639594,-0.053359494,-0.0020933894,0.062401097
-0.017108455,0.04614477,-0.06478765,-0.06540513,0.016293962,0.009655328
-0.06420611,0.012125122,-0.018029757,-0.0078149075,-0.032812823,0.030065158
-0.05495536,-0.08053066,-0.045977104,-0.07808107,0.020738157,-0.025571574
-0.00349468,-0.021934781,0.010578823,0.030174593,-0.0060971105,0.057642914
-0.0018257548,0.020369666,0.008587337,0.019649308,0.056072734,-0.0083978055
-0.009355204,0.034284793,-0.031718064,0.055275504,0.07013736,-0.017184682
0.032242037,0.04143721,-0.008530008,0.031283002,-0.073830575,-0.021127583
-0.020414233,0.0645952,-0.04483119,-0.018080993,0.008500244,0.075716265
0.04634435,-0.002041773,0.0027731478,-0.057403337,0.08332037,0.056209266
0.07874573,0.02431177,0.007486555,0.04078236,-0.02120244,-0.014220644
0.020954993,0.040318634,0.051088564,0.0521417,0.041525424,-0.023815185
-0.022768943,-0.027427983,0.045472287,-0.075366326,0.041919857,-0.014339057
-0.059098795,-0.062079556,0.0052219024,-0.014546147,-0.011663598,0.034156486
0.033186466,-0.02065201,0.052080832,0.015894491,0.07008659,0.061726034
-0.048944324,-0.040454157,0.07492076,0.050365616,0.027798386,-0.016779115
0.0015967911,-0.06595959,-0.03886774,-0.030283162,0.03211211,0.027454814
-0.025336826,0.018511754,0.023847597,0.01746312,0.09622537,-0.033511665
0.06726441,0.010171763,-0.01044503,0.040832985,0.050399993,0.02113754
0.04728855,0.053758357,-0.027287787,-0.049984753,0.06546328,0.055482674
-0.0019367544,-0.03195684,-0.028759582,0.016107291,0.042489015,0.04788197
-0.001296169,-0.017399423,0.06359583,-0.0419402,0.03950137,-0.06275396
0.020430127,0.0018049483,0.008834019,-0.009391035,0.00041796517,-0.030906763
0.030296188,0.016042896,0.00080629514,-0.04179964,0.048930015,-0.063409105
0.027177848,0.053664856,0.0091370195,-0.04364478,0.00097060937,-0.02883461
-0.045205683,-0.032982383,-0.06589915,-0.07364732,-0.10332644,-0.06260613
-0.054684542,-0.07715623,-0.041464392,-0.06549851,-0.0027143394,0.046900805
-0.058722023,-0.04849197,-0.03502596,-0.048260473,0.03283783,-0.010093494
-0.011044262,0.06684513,0.004501627,0.060451966,-0.045117885,-0.035239518
-0.016702238,0.025429768,0.06811788,-0.019774381,0.009374512,0.021084178
-0.038735386,0.046331167,0.028666,-9.64227e-05,0.029085472,0.021588203
-0.026743954,0.06128672,-0.07145331,0.023114689,-0.077912845,0.07099192
-0.034167368,-0.006745723,0.004242909,-0.030653942,0.0074744914,0.011038015
-0.05295398,0.050960463,-0.0024229442,-0.01432346,-0.014294871,0.015954249
0.0106219975,-0.033340972,-0.022987692,-0.03440028,-0.05390255,0.06726057
-0.019836163,-0.056133654,-0.05858407,-0.07722132,-0.060274046,-0.06872394
-0.041221607,-0.009406142,-0.0032936598,-0.06891502,0.029582039,0.030817581
0.0070770937,0.025321616,-0.08171159,0.020882213,-0.033942528,0.03984129
0.0100193545,0.06652724,-0.0014711587,0.0007737354,0.015472382,0.019336993
-0.009069087,-0.03816714,0.001448779,0.016916193,0.06822424,0.013370603
-0.051086772,0.026788065,-0.023403076,-0.024981126,0.043001387,0.060830392
0.024537396,-0.026478745,0.039572965,0.0014832629,0.05960227,0.034809552
0.07431518,0.036400564,-0.028344354,0.01632202,0.06822755,0.050262664
-0.04181023,0.0714141,-0.0008073363,0.059529457,-0.05476635,-0.014462172
-0.014090886,-0.029369388,-0.07537055,-0.00903266,0.0130845215,0.05650338
-0.016647743,-0.05731882,0.006442607,-0.073175505,0.02157502,-0.0018654274
0.035103615,-0.07402922,-0.024466189,-0.029744333,-0.031546775,0.049899403
0.049232185,-0.091158755,-0.036154363,-0.10418866,0.031200461,-0.07323041
-0.08517312,-0.08402976,-0.08908576,-0.097757086,-0.097901545,-0.07597227
0.021292996,-0.0037271522,-0.050929576,0.050771005,-0.013456781,0.046955716
0.050812412,0.054188523,0.06626469,0.0044851033,-0.07630687,0.014598512
-0.05342653,-0.06772267,0.0056864056,-0.059183925,-0.024293035,0.074362345
0.014801092,0.0145002045,0.022135502,0.030786108,0.070132114,0.04025839
-0.04036465,-0.06514481,-0.044714544,-0.04702131,0.038842835,-0.06182371
0.0610587,0.06791517,0.06138156,0.06429238,0.09435425,0.0655863
0.022946656,0.032171834,0.030472025,0.0072664535,0.024411056,-0.0075463476
-0.013896195,0.024744777,-0.031349733,-0.020528873,0.020960387,0.020844514
0.010081033,-0.018627338,-0.022953073,0.057973016,0.026581366,0.02331637
0.08273544,0.08694194,0.031374846,0.009458113,0.011739795,-0.040264707
-0.002684775,-0.043009154,0.024625666,-0.012512251,-0.025868297,0.057872303
0.07742791,0.0709251,-0.03370827,-0.05587575,-0.063833915,0.06385095
-0.014575476,0.0078433305,-0.009280005,0.072908096,0.039028414,0.0019584752
0.062291622,-0.02936215,0.017809685,0.022841139,-0.031006541,-0.058721475
-0.043978583,-0.05048833,0.08619188,-0.0038909211,0.02794757,0.021779325
0.047397614,0.006790308,-0.03333895,0.0075100246,0.0225021,-0.06338521
-0.016363222,-0.0011190422,0.016073106,-0.0073022856,0.0130966585,0.07256607
-0.053710613,-0.045633916,-0.05330285,-0.019646447,-0.053884707,0.025194237
-0.0037237795,-0.04433406,-0.0065758675,-0.013834551,0.080717735,0.030675817
0.07365483,0.051552344,-0.01234338,0.05836893,0.016710315,0.028270517
0.017463183,0.0041944794,0.02031682,-0.021504354,0.048282195,0.035145365
-0.07562607,-0.01891173,0.0137291355,-0.040432956,-0.037707303,-0.04746559
-0.03227988,-0.05504731,-0.03507716,-0.049752526,-0.0142061,0.03518818
0.012930324,-0.00750793,0.0305043,-0.026472155,-0.033819728,0.03573379
0.030689744,-0.026750322,-0.05101411,-0.032599,-0.0053352686,-0.06593279
-0.048246514,-0.0076486846,-0.00094310206,0.00061286986,0.058130078,-0.0755156
0.00714767,-0.04191338,0.028190274,0.01502107,0.05362054,0.023283564
0.018603496,0.04767168,-0.023442725,-0.012109229,0.024996422,0.06534403
0.022682164,0.006304933,0.0055393204,-0.095004864,-0.05723194,-0.05164324
-0.02378901,0.039376333,-0.05874237,-0.05902605,-0.062084116,-0.062070306
0.0068212333,-0.036093388,-0.023589447,0.014743091,0.027448047,-0.050209846
-0.010117149,-0.045936342,-0.076811396,0.053017292,-0.018912999,-0.043695457
0.040753562,0.027517045,0.10097505,0.071443915,0.038689017,-0.052131094
0.006239437,-0.026228016,-0.026443893,-0.0151186595,-0.004054142,0.04003899
-0.002362167,-0.012557324,-0.018936327,0.055947524,0.010180415,0.034662608
0.033180773,-0.0056083216,-0.03597365,0.021870827,0.0031924269,0.025844118
-0.061947204,-0.010419302,-0.012925213,-0.04347242,0.033201303,0.0636581
0.04534765,-0.05130598,-0.06423611,0.08994681,0.0049147382,-0.016877318
-0.04855095,-0.029152475,-0.024673473,-0.0059336713,0.0012682587,-0.032764442
-0.059039164,-0.015791709,0.0035467285,-0.057076585,0.00048314358,-0.06739135
-0.0039371937,0.083775766,-0.04934047,0.054165684,-0.00712587,-0.06580559
-0.055838782,-0.046757802,-0.012460983,-0.009403982,-0.02455881,0.018556919
0.0142929265,0.05169387,0.06912402,0.06781566,-0.005154949,-0.077808194
-0.0054909,0.015714787,-0.027033146,-0.03246629,0.04477219,-0.07453585
0.034990903,-0.021137645,4.920511e-05,0.06733204,0.048061483,-0.020753354
0.041890252,0.020738212,0.0066620223,-0.0014089935,0.0686621,-0.017469617
-0.053020306,0.018130086,-0.052414645,-0.032175004,0.029176224,-0.033251427
-0.02843418,-0.027221804,-0.045615688,-0.05575534,0.0034792225,-0.0075860615
-0.043879945,-0.059628077,0.046017896,0.0208089,-0.04656077,-0.013791257
-0.043080207,0.0030287716,-0.024563873,-0.029686818,-0.041320816,-0.061147787
0.025065104,0.018366259,0.03997138,-0.006881364,0.006539638,-0.06773743
0.025592096,0.0109297745,0.032997925,0.034303464,0.035115622,-0.07077875
-0.00061011757,-0.05150903,0.05108648,0.038217023,0.03402406,0.0729613
-0.055075858,-0.05406204,-0.08217502,-0.07677886,-0.008834075,-0.011494456
0.005542642,-0.064920716,0.0623988,-0.041698273,-0.0632828,-0.020243837
0.00011274398,0.01770781,0.034554116,-0.019698184,-0.038582105,0.06999936
0.05730576,-0.018112198,0.025247365,0.03696176,0.011784254,-0.07071394
-0.036850993,-0.033983387,-0.08857236,-0.0064570615,0.043161128,0.04430356
-0.074342385,-0.08249168,-0.05204253,0.05903349,0.052657835,0.0023841362
-0.05092462,-0.016586194,0.017584909,-0.024212895,0.013322157,0.027505418
0.044694044,-0.027290585,0.040100906,0.020399753,0.021561455,0.06459353
-0.039144102,-0.02612268,-0.03960382,-0.046933766,0.0021621287,0.051804066
0.06662022,0.04803661,0.064080015,0.07147838,-0.052514646,-0.07188703
0.05035872,0.08022016,0.07237845,-0.08520569,0.049598698,0.0052405577
0.054089665,-0.047606725,0.003735092,-0.10571862,0.043697756,0.0031262345
-0.007595452,-0.06596638,0.030461825,0.003982909,0.010737202,0.05879908
-0.051168583,-0.036595087,-0.084912576,-0.0014800954,0.08213763,0.021050673
0.053633716,0.06765039,0.0039619515,0.062890925,0.0075412113,-0.067592636
-0.06399464,0.0143395215,-0.034828532,-0.012407722,0.054011747,0.062436823
-0.06797161,-0.0045098527,-0.028833952,-0.037493683,-0.01950331,0.0773104
0.07050484,0.057596955,0.050392773,0.0715661,-0.0053962506,0.06461953
-0.03882032,0.030829728,-0.07384765,0.039406773,0.026929758,-0.032485284
0.023531934,-0.053481597,0.058175165,0.0047801286,0.021323709,0.065243304
-0.06958552,-0.0076590287,-0.011489823,-0.004022275,-0.044535134,0.006361367
0.007066374,0.019332217,-0.07820011,0.0014475269,0.046846528,0.03146747
0.05879338,0.024765534,0.0051860157,0.014874388,0.021942165,-0.02401846
-0.053024936,-0.043111537,0.017183138,-0.030879712,-0.026551632,0.07945505
0.08503969,0.08767083,0.0061528007,-0.03956985,-0.07497687,-0.045039948
-0.060033504,-0.038823746,-0.058802646,-0.0297809,-0.041133653,-0.043710332
-0.043996055,0.008672105,-0.015766367,0.005098226,-0.040181827,0.020818979
0.015045762,0.035336815,0.008327785,0.0709515,-0.044358965,-0.005490225
0.024468165,-0.02028389,0.006246513,0.024794078,0.023276666,0.03406167
0.059758026,0.052437868,0.040557176,0.030646967,-0.055187415,0.007559809
0.034226496,0.057607643,0.038070012,0.057902984,0.0067490414,-0.005669739
0.06755223,0.06501545,0.047210533,0.061930418,0.06631206,0.052763782
0.050292145,0.020782275,-0.053227294,-0.02779212,0.012791142,0.029598147
0.02190572,-0.006478661,0.047081817,0.033346083,0.03005149,0.022337342
0.0053792708,0.033744246,-0.039809287,-0.020478012,0.03497949,-0.048188314
0.017153347,0.056784764,0.007346309,0.054688845,-0.051924124,-0.0038658455
0.031647373,-0.053703595,-0.0048968913,-0.00029212597,-0.04026973,-0.03985351
0.02088193,0.027404847,0.047573682,0.017592762,0.0072342246,-0.042493973
-0.033764906,0.011383946,0.004400891,-0.015745576,-0.057149243,0.056656092
-0.0012954185,-0.010101687,-0.005166173,-0.02138068,0.020320233,-0.040504526
-0.020252502,0.04818155,0.042766437,0.04517462,0.0065990803,0.012023224
0.047475982,-0.0024828354,-0.043909952,0.039109476,-0.07648645,0.022114974
-0.0017517917,0.05473005,0.082465276,0.059833806,0.0038488116,-0.040875643
0.06704391,0.0359488,-0.04164452,0.07643345,-0.06679082,0.03464208
-0.033095907,-0.020991733,-0.023127953,0.029916013,-0.02688813,-0.02907488
0.044689868,0.077744134,0.065355174,0.057333663,0.042243592,-0.05446365
-0.070746146,-0.028473739,0.0038539765,0.023574596,0.0019406632,-0.02461669
-0.0067469305,-0.01959377,-0.058918625,-0.032323856,0.009391847,0.061793353
-0.030379422,0.039886635,-0.0036937536,0.0158238,-0.04695263,-0.07442068
0.046737324,-0.0150835905,0.014859332,0.02931467,0.023276407,0.013310109
0.061603095,0.011539768,-0.02032638,-0.099155985,0.025418373,-0.0039680423
0.041320026,0.07395113,0.086948715,0.08162001,0.0817333,-0.05797631
0.077732936,0.042860363,-0.07241107,-0.0026064352,-0.008951705,-0.001843051
0.02384275,0.04805634,-0.028951716,-0.073741965,-0.08715903,-0.07651341
0.008884386,-0.054741766,0.003722861,-0.008880719,-0.06331502,0.008877802
-0.054057248,-0.0464715,-0.08351119,-0.085594535,-0.046472475,-0.07060011
-0.07303687,-0.063459575,-0.021093884,0.013347295,0.022084562,0.010535996
-0.06794316,0.0036232055,0.013334263,-0.0006362648,-0.012407864,-0.002544545
0.033877596,-0.019791692,0.03251536,0.012293958,-0.0057054455,-0.048712797
-0.016915757,-0.00038025287,-0.010882528,0.03201002,-0.043920174,0.06344647
-0.00047893877,0.03647046,-0.03764295,0.062284872,0.015965587,0.024346398
0.051214613,0.034586668,-0.0073114545,0.07731603,-0.029947504,-0.071587764
0.08746663,0.014924969,0.060026664,-0.00027013276,0.042838313,-0.010117316
0.012007661,0.0046604965,0.086469516,0.045328323,0.021941679,-0.05385498
-0.0028968528,-0.045622725,-0.013267373,-0.039637033,-0.014577933,0.0050324337
0.011932177,0.022831326,-0.062123798,0.0007624499,-0.018054876,-0.017914074
-0.024697285,0.006086767,-0.06856681,-0.03185837,-0.018669015,-0.024005843
0.058062434,-0.06163573,0.029409736,0.006998765,-0.06658021,-0.015137729
-0.0455125,0.0023127066,-0.02427555,-0.014066652,0.008617724,0.07437345
0.0028573952,0.08678435,-0.069005884,-0.047503114,-0.079330474,0.05881555
-0.0071421694,0.024530787,0.04483703,0.0024630192,0.049508404,0.03929502
-0.084642686,-0.06082877,-0.05320679,-0.042836234,0.02785564,0.037205324
0.0049511855,-0.04494462,0.069246754,0.07043207,-0.00028068293,0.064269446
0.021304224,0.029655557,0.02795506,0.0008332323,0.044028472,0.0003001986
0.006294045,0.0014582927,0.029552909,0.039651457,0.046373483,0.0128589915
-0.0064796223,0.018028714,-0.0515808,-0.004275554,-0.047501173,-0.06646079
-0.015057294,0.0056437394,0.017807942,0.008051377,0.0014951406,0.005396997
-0.04213212,-0.011703794,0.055320345,0.0409139,0.053796817,-0.015823087
0.025160331,0.069441885,-0.06114297,0.025660845,0.06600124,0.042024653
-0.026963491,0.040800843,0.014996118,-0.029325983,-0.05549404,-0.015231591
-0.015025832,-0.052960746,-0.07059105,-0.011365862,-0.012819865,-0.07291068
0.024149867,0.024974827,-0.01479046,0.06033563,0.0067525795,0.039613035
-0.030859062,-0.053937815,0.050006166,0.09158069,0.04698979,0.054238938
0.029623633,0.004782018,0.0263517,0.028145643,0.02155199,0.008790847
-0.0013956905,-0.047128834,0.009168674,0.035909534,0.015541684,0.047277026
-0.016131172,0.020306781,0.0004158011,0.03647977,-0.06030134,-0.03931762
0.0031531462,0.07119654,0.03954617,0.047696356,0.0019833373,-0.03088523
-0.06453053,-0.028496586,-0.05496103,-0.031296175,-0.029931208,-0.00919272
0.0060510724,-0.031272274,0.04475202,0.031988833,-0.03660037,0.0016465177
0.041094657,-0.0075520156,0.022740291,0.06259169,-0.00031608797,-0.0201849
0.012154423,0.0016007355,0.06723854,0.011726729,-0.04357026,-0.05270006
-0.023550833,0.020942831,0.08186387,0.039218947,0.026336635,-0.037086178
0.04755087,0.06215411,-0.008642648,0.05973805,0.058486596,-0.023703838
-0.08725043,-0.0908069,-0.09011807,-0.08971737,-0.0017590972,0.04571149
-0.07045878,0.019769382,-0.002186702,-0.0044004815,-0.016090918,0.07436414
0.03493097,0.036841247,0.037781894,0.028897107,0.016944183,-0.036714062
-0.047147565,-0.025235519,0.023749141,-0.00998106,0.01814875,0.034695715
-0.06432384,0.019838348,0.05101926,-0.0052840565,0.019428572,-0.009610592
0.013678672,0.00035493102,0.05492062,-0.01622932,0.02057955,0.0538218
-0.045110684,-0.06245539,-0.03831604,-0.011111233,-0.0017034619,-0.03385397
-0.03002085,0.03192218,0.036509156,0.02492129,0.040942352,-0.007093223
0.047616113,0.05629316,0.057753656,0.06099831,0.04361669,0.0627296
