"Participant","Cluster","Items","total_items","cum_items","perc_items"
"801",1,3,17,3,0.176470588235294
"801",2,1,17,4,0.235294117647059
"801",3,1,17,5,0.294117647058824
"801",4,1,17,6,0.352941176470588
"801",5,1,17,7,0.411764705882353
"801",6,1,17,8,0.470588235294118
"801",7,1,17,9,0.529411764705882
"801",8,1,17,10,0.588235294117647
"801",9,1,17,11,0.647058823529412
"801",10,5,17,16,0.941176470588235
"801",11,1,17,17,1
"802",1,3,13,3,0.230769230769231
"802",2,2,13,5,0.384615384615385
"802",3,2,13,7,0.538461538461538
"802",4,1,13,8,0.615384615384615
"802",5,5,13,13,1
"803",1,10,21,10,0.476190476190476
"803",2,3,21,13,0.619047619047619
"803",3,3,21,16,0.761904761904762
"803",4,1,21,17,0.80952380952381
"803",5,4,21,21,1
"804",1,3,24,3,0.125
"804",2,2,24,5,0.208333333333333
"804",3,5,24,10,0.416666666666667
"804",4,2,24,12,0.5
"804",5,1,24,13,0.541666666666667
"804",6,1,24,14,0.583333333333333
"804",7,4,24,18,0.75
"804",8,1,24,19,0.791666666666667
"804",9,1,24,20,0.833333333333333
"804",10,4,24,24,1
"805",1,2,17,2,0.117647058823529
"805",2,1,17,3,0.176470588235294
"805",3,1,17,4,0.235294117647059
"805",4,2,17,6,0.352941176470588
"805",5,1,17,7,0.411764705882353
"805",6,1,17,8,0.470588235294118
"805",7,2,17,10,0.588235294117647
"805",8,2,17,12,0.705882352941177
"805",9,1,17,13,0.764705882352941
"805",10,1,17,14,0.823529411764706
"805",11,1,17,15,0.88235294117647
"805",12,1,17,16,0.941176470588235
"805",13,1,17,17,1
"806",1,1,23,1,0.0434782608695652
"806",2,1,23,2,0.0869565217391304
"806",3,1,23,3,0.130434782608696
"806",4,7,23,10,0.434782608695652
"806",5,1,23,11,0.478260869565217
"806",6,1,23,12,0.521739130434783
"806",7,2,23,14,0.608695652173913
"806",8,2,23,16,0.695652173913043
"806",9,4,23,20,0.869565217391304
"806",10,1,23,21,0.91304347826087
"806",11,2,23,23,1
"807",1,3,27,3,0.111111111111111
"807",2,2,27,5,0.185185185185185
"807",3,4,27,9,0.333333333333333
"807",4,1,27,10,0.37037037037037
"807",5,1,27,11,0.407407407407407
"807",6,2,27,13,0.481481481481481
"807",7,2,27,15,0.555555555555556
"807",8,2,27,17,0.62962962962963
"807",9,1,27,18,0.666666666666667
"807",10,1,27,19,0.703703703703704
"807",11,2,27,21,0.777777777777778
"807",12,2,27,23,0.851851851851852
"807",13,3,27,26,0.962962962962963
"807",14,1,27,27,1
"808",1,2,25,2,0.08
"808",2,6,25,8,0.32
"808",3,1,25,9,0.36
"808",4,5,25,14,0.56
"808",5,2,25,16,0.64
"808",6,1,25,17,0.68
"808",7,8,25,25,1
"809",1,7,22,7,0.318181818181818
"809",2,2,22,9,0.409090909090909
"809",3,4,22,13,0.590909090909091
"809",4,5,22,18,0.818181818181818
"809",5,1,22,19,0.863636363636364
"809",6,2,22,21,0.954545454545455
"809",7,1,22,22,1
"810",1,2,8,2,0.25
"810",2,1,8,3,0.375
"810",3,1,8,4,0.5
"810",4,1,8,5,0.625
"810",5,1,8,6,0.75
"810",6,2,8,8,1
"811",1,4,15,4,0.266666666666667
"811",2,1,15,5,0.333333333333333
"811",3,4,15,9,0.6
"811",4,6,15,15,1
"812",1,6,25,6,0.24
"812",2,1,25,7,0.28
"812",3,14,25,21,0.84
"812",4,1,25,22,0.88
"812",5,1,25,23,0.92
"812",6,1,25,24,0.96
"812",7,1,25,25,1
"813",1,1,20,1,0.05
"813",2,1,20,2,0.1
"813",3,1,20,3,0.15
"813",4,3,20,6,0.3
"813",5,3,20,9,0.45
"813",6,2,20,11,0.55
"813",7,1,20,12,0.6
"813",8,1,20,13,0.65
"813",9,2,20,15,0.75
"813",10,1,20,16,0.8
"813",11,4,20,20,1
"814",1,4,23,4,0.173913043478261
"814",2,1,23,5,0.217391304347826
"814",3,2,23,7,0.304347826086957
"814",4,2,23,9,0.391304347826087
"814",5,4,23,13,0.565217391304348
"814",6,3,23,16,0.695652173913043
"814",7,1,23,17,0.739130434782609
"814",8,2,23,19,0.826086956521739
"814",9,4,23,23,1
"816",1,2,24,2,0.0833333333333333
"816",2,1,24,3,0.125
"816",3,2,24,5,0.208333333333333
"816",4,5,24,10,0.416666666666667
"816",5,1,24,11,0.458333333333333
"816",6,6,24,17,0.708333333333333
"816",7,2,24,19,0.791666666666667
"816",8,3,24,22,0.916666666666667
"816",9,2,24,24,1
"818",1,3,20,3,0.15
"818",2,1,20,4,0.2
"818",3,1,20,5,0.25
"818",4,1,20,6,0.3
"818",5,2,20,8,0.4
"818",6,1,20,9,0.45
"818",7,1,20,10,0.5
"818",8,1,20,11,0.55
"818",9,1,20,12,0.6
"818",10,1,20,13,0.65
"818",11,6,20,19,0.95
"818",12,1,20,20,1
"819",1,1,19,1,0.0526315789473684
"819",2,1,19,2,0.105263157894737
"819",3,4,19,6,0.31578947368421
"819",4,1,19,7,0.368421052631579
"819",5,2,19,9,0.473684210526316
"819",6,1,19,10,0.526315789473684
"819",7,2,19,12,0.631578947368421
"819",8,1,19,13,0.68421052631579
"819",9,2,19,15,0.789473684210526
"819",10,2,19,17,0.894736842105263
"819",11,2,19,19,1
"820",1,3,31,3,0.0967741935483871
"820",2,1,31,4,0.129032258064516
"820",3,2,31,6,0.193548387096774
"820",4,3,31,9,0.290322580645161
"820",5,1,31,10,0.32258064516129
"820",6,1,31,11,0.354838709677419
"820",7,6,31,17,0.548387096774194
"820",8,3,31,20,0.645161290322581
"820",9,3,31,23,0.741935483870968
"820",10,8,31,31,1
"821",1,2,20,2,0.1
"821",2,1,20,3,0.15
"821",3,1,20,4,0.2
"821",4,1,20,5,0.25
"821",5,5,20,10,0.5
"821",6,2,20,12,0.6
"821",7,2,20,14,0.7
"821",8,2,20,16,0.8
"821",9,1,20,17,0.85
"821",10,3,20,20,1
"822",1,3,24,3,0.125
"822",2,3,24,6,0.25
"822",3,7,24,13,0.541666666666667
"822",4,1,24,14,0.583333333333333
"822",5,1,24,15,0.625
"822",6,1,24,16,0.666666666666667
"822",7,1,24,17,0.708333333333333
"822",8,7,24,24,1
"823",1,4,24,4,0.166666666666667
"823",2,3,24,7,0.291666666666667
"823",3,1,24,8,0.333333333333333
"823",4,1,24,9,0.375
"823",5,5,24,14,0.583333333333333
"823",6,1,24,15,0.625
"823",7,3,24,18,0.75
"823",8,6,24,24,1
"824",1,1,20,1,0.05
"824",2,1,20,2,0.1
"824",3,1,20,3,0.15
"824",4,4,20,7,0.35
"824",5,1,20,8,0.4
"824",6,2,20,10,0.5
"824",7,2,20,12,0.6
"824",8,1,20,13,0.65
"824",9,6,20,19,0.95
"824",10,1,20,20,1
"825",1,2,25,2,0.08
"825",2,5,25,7,0.28
"825",3,1,25,8,0.32
"825",4,1,25,9,0.36
"825",5,5,25,14,0.56
"825",6,8,25,22,0.88
"825",7,2,25,24,0.96
"825",8,1,25,25,1
"826",1,1,19,1,0.0526315789473684
"826",2,1,19,2,0.105263157894737
"826",3,6,19,8,0.421052631578947
"826",4,1,19,9,0.473684210526316
"826",5,2,19,11,0.578947368421053
"826",6,1,19,12,0.631578947368421
"826",7,3,19,15,0.789473684210526
"826",8,1,19,16,0.842105263157895
"826",9,3,19,19,1
"827",1,3,21,3,0.142857142857143
"827",2,4,21,7,0.333333333333333
"827",3,1,21,8,0.380952380952381
"827",4,5,21,13,0.619047619047619
"827",5,1,21,14,0.666666666666667
"827",6,1,21,15,0.714285714285714
"827",7,2,21,17,0.80952380952381
"827",8,1,21,18,0.857142857142857
"827",9,3,21,21,1
"828",1,2,24,2,0.0833333333333333
"828",2,1,24,3,0.125
"828",3,6,24,9,0.375
"828",4,2,24,11,0.458333333333333
"828",5,2,24,13,0.541666666666667
"828",6,1,24,14,0.583333333333333
"828",7,4,24,18,0.75
"828",8,5,24,23,0.958333333333333
"828",9,1,24,24,1
"829",1,9,15,9,0.6
"829",2,2,15,11,0.733333333333333
"829",3,1,15,12,0.8
"829",4,1,15,13,0.866666666666667
"829",5,1,15,14,0.933333333333333
"829",6,1,15,15,1
"831",1,2,23,2,0.0869565217391304
"831",2,2,23,4,0.173913043478261
"831",3,3,23,7,0.304347826086957
"831",4,2,23,9,0.391304347826087
"831",5,2,23,11,0.478260869565217
"831",6,6,23,17,0.739130434782609
"831",7,2,23,19,0.826086956521739
"831",8,1,23,20,0.869565217391304
"831",9,1,23,21,0.91304347826087
"831",10,1,23,22,0.956521739130435
"831",11,1,23,23,1
"832",1,3,17,3,0.176470588235294
"832",2,4,17,7,0.411764705882353
"832",3,1,17,8,0.470588235294118
"832",4,2,17,10,0.588235294117647
"832",5,1,17,11,0.647058823529412
"832",6,1,17,12,0.705882352941177
"832",7,1,17,13,0.764705882352941
"832",8,4,17,17,1
"833",1,2,13,2,0.153846153846154
"833",2,1,13,3,0.230769230769231
"833",3,1,13,4,0.307692307692308
"833",4,1,13,5,0.384615384615385
"833",5,3,13,8,0.615384615384615
"833",6,2,13,10,0.769230769230769
"833",7,2,13,12,0.923076923076923
"833",8,1,13,13,1
"834",1,2,16,2,0.125
"834",2,3,16,5,0.3125
"834",3,5,16,10,0.625
"834",4,1,16,11,0.6875
"834",5,1,16,12,0.75
"834",6,1,16,13,0.8125
"834",7,2,16,15,0.9375
"834",8,1,16,16,1
"835",1,1,19,1,0.0526315789473684
"835",2,1,19,2,0.105263157894737
"835",3,2,19,4,0.210526315789474
"835",4,2,19,6,0.31578947368421
"835",5,2,19,8,0.421052631578947
"835",6,1,19,9,0.473684210526316
"835",7,1,19,10,0.526315789473684
"835",8,1,19,11,0.578947368421053
"835",9,3,19,14,0.736842105263158
"835",10,4,19,18,0.947368421052632
"835",11,1,19,19,1
"837",1,4,24,4,0.166666666666667
"837",2,7,24,11,0.458333333333333
"837",3,7,24,18,0.75
"837",4,3,24,21,0.875
"837",5,2,24,23,0.958333333333333
"837",6,1,24,24,1
"838",1,2,21,2,0.0952380952380952
"838",2,2,21,4,0.19047619047619
"838",3,2,21,6,0.285714285714286
"838",4,1,21,7,0.333333333333333
"838",5,1,21,8,0.380952380952381
"838",6,3,21,11,0.523809523809524
"838",7,1,21,12,0.571428571428571
"838",8,3,21,15,0.714285714285714
"838",9,1,21,16,0.761904761904762
"838",10,1,21,17,0.80952380952381
"838",11,4,21,21,1
"839",1,2,23,2,0.0869565217391304
"839",2,1,23,3,0.130434782608696
"839",3,1,23,4,0.173913043478261
"839",4,2,23,6,0.260869565217391
"839",5,4,23,10,0.434782608695652
"839",6,6,23,16,0.695652173913043
"839",7,3,23,19,0.826086956521739
"839",8,3,23,22,0.956521739130435
"839",9,1,23,23,1
"840",1,4,27,4,0.148148148148148
"840",2,1,27,5,0.185185185185185
"840",3,1,27,6,0.222222222222222
"840",4,1,27,7,0.259259259259259
"840",5,2,27,9,0.333333333333333
"840",6,1,27,10,0.37037037037037
"840",7,3,27,13,0.481481481481481
"840",8,3,27,16,0.592592592592593
"840",9,2,27,18,0.666666666666667
"840",10,2,27,20,0.740740740740741
"840",11,1,27,21,0.777777777777778
"840",12,4,27,25,0.925925925925926
"840",13,2,27,27,1
"841",1,2,29,2,0.0689655172413793
"841",2,2,29,4,0.137931034482759
"841",3,1,29,5,0.172413793103448
"841",4,2,29,7,0.241379310344828
"841",5,2,29,9,0.310344827586207
"841",6,1,29,10,0.344827586206897
"841",7,1,29,11,0.379310344827586
"841",8,1,29,12,0.413793103448276
"841",9,1,29,13,0.448275862068966
"841",10,3,29,16,0.551724137931034
"841",11,5,29,21,0.724137931034483
"841",12,1,29,22,0.758620689655172
"841",13,1,29,23,0.793103448275862
"841",14,4,29,27,0.931034482758621
"841",15,2,29,29,1
"842",1,2,22,2,0.0909090909090909
"842",2,3,22,5,0.227272727272727
"842",3,1,22,6,0.272727272727273
"842",4,1,22,7,0.318181818181818
"842",5,2,22,9,0.409090909090909
"842",6,1,22,10,0.454545454545455
"842",7,4,22,14,0.636363636363636
"842",8,3,22,17,0.772727272727273
"842",9,1,22,18,0.818181818181818
"842",10,1,22,19,0.863636363636364
"842",11,1,22,20,0.909090909090909
"842",12,1,22,21,0.954545454545455
"842",13,1,22,22,1
"843",1,2,19,2,0.105263157894737
"843",2,1,19,3,0.157894736842105
"843",3,2,19,5,0.263157894736842
"843",4,1,19,6,0.31578947368421
"843",5,6,19,12,0.631578947368421
"843",6,1,19,13,0.68421052631579
"843",7,3,19,16,0.842105263157895
"843",8,2,19,18,0.947368421052632
"843",9,1,19,19,1
"844",1,2,28,2,0.0714285714285714
"844",2,1,28,3,0.107142857142857
"844",3,1,28,4,0.142857142857143
"844",4,5,28,9,0.321428571428571
"844",5,1,28,10,0.357142857142857
"844",6,1,28,11,0.392857142857143
"844",7,5,28,16,0.571428571428571
"844",8,1,28,17,0.607142857142857
"844",9,8,28,25,0.892857142857143
"844",10,1,28,26,0.928571428571429
"844",11,2,28,28,1
"845",1,2,14,2,0.142857142857143
"845",2,1,14,3,0.214285714285714
"845",3,1,14,4,0.285714285714286
"845",4,3,14,7,0.5
"845",5,1,14,8,0.571428571428571
"845",6,1,14,9,0.642857142857143
"845",7,1,14,10,0.714285714285714
"845",8,1,14,11,0.785714285714286
"845",9,1,14,12,0.857142857142857
"845",10,1,14,13,0.928571428571429
"845",11,1,14,14,1
"846",1,5,30,5,0.166666666666667
"846",2,2,30,7,0.233333333333333
"846",3,2,30,9,0.3
"846",4,1,30,10,0.333333333333333
"846",5,1,30,11,0.366666666666667
"846",6,13,30,24,0.8
"846",7,2,30,26,0.866666666666667
"846",8,1,30,27,0.9
"846",9,1,30,28,0.933333333333333
"846",10,1,30,29,0.966666666666667
"846",11,1,30,30,1
"847",1,1,26,1,0.0384615384615385
"847",2,1,26,2,0.0769230769230769
"847",3,2,26,4,0.153846153846154
"847",4,2,26,6,0.230769230769231
"847",5,3,26,9,0.346153846153846
"847",6,3,26,12,0.461538461538462
"847",7,1,26,13,0.5
"847",8,2,26,15,0.576923076923077
"847",9,2,26,17,0.653846153846154
"847",10,5,26,22,0.846153846153846
"847",11,2,26,24,0.923076923076923
"847",12,2,26,26,1
"848",1,1,31,1,0.032258064516129
"848",2,1,31,2,0.0645161290322581
"848",3,2,31,4,0.129032258064516
"848",4,1,31,5,0.161290322580645
"848",5,3,31,8,0.258064516129032
"848",6,4,31,12,0.387096774193548
"848",7,1,31,13,0.419354838709677
"848",8,1,31,14,0.451612903225806
"848",9,2,31,16,0.516129032258065
"848",10,2,31,18,0.580645161290323
"848",11,1,31,19,0.612903225806452
"848",12,12,31,31,1
"849",1,2,26,2,0.0769230769230769
"849",2,6,26,8,0.307692307692308
"849",3,3,26,11,0.423076923076923
"849",4,1,26,12,0.461538461538462
"849",5,2,26,14,0.538461538461538
"849",6,4,26,18,0.692307692307692
"849",7,2,26,20,0.769230769230769
"849",8,6,26,26,1
"850",1,1,11,1,0.0909090909090909
"850",2,1,11,2,0.181818181818182
"850",3,1,11,3,0.272727272727273
"850",4,1,11,4,0.363636363636364
"850",5,3,11,7,0.636363636363636
"850",6,1,11,8,0.727272727272727
"850",7,1,11,9,0.818181818181818
"850",8,1,11,10,0.909090909090909
"850",9,1,11,11,1
"851",1,2,31,2,0.0645161290322581
"851",2,2,31,4,0.129032258064516
"851",3,1,31,5,0.161290322580645
"851",4,2,31,7,0.225806451612903
"851",5,2,31,9,0.290322580645161
"851",6,1,31,10,0.32258064516129
"851",7,3,31,13,0.419354838709677
"851",8,12,31,25,0.806451612903226
"851",9,1,31,26,0.838709677419355
"851",10,5,31,31,1
"852",1,3,25,3,0.12
"852",2,2,25,5,0.2
"852",3,1,25,6,0.24
"852",4,1,25,7,0.28
"852",5,1,25,8,0.32
"852",6,2,25,10,0.4
"852",7,1,25,11,0.44
"852",8,1,25,12,0.48
"852",9,1,25,13,0.52
"852",10,5,25,18,0.72
"852",11,2,25,20,0.8
"852",12,1,25,21,0.84
"852",13,3,25,24,0.96
"852",14,1,25,25,1
"853",1,7,10,7,0.7
"853",2,1,10,8,0.8
"853",3,2,10,10,1
"854",1,2,22,2,0.0909090909090909
"854",2,2,22,4,0.181818181818182
"854",3,1,22,5,0.227272727272727
"854",4,1,22,6,0.272727272727273
"854",5,2,22,8,0.363636363636364
"854",6,1,22,9,0.409090909090909
"854",7,1,22,10,0.454545454545455
"854",8,1,22,11,0.5
"854",9,4,22,15,0.681818181818182
"854",10,3,22,18,0.818181818181818
"854",11,3,22,21,0.954545454545455
"854",12,1,22,22,1
"855",1,3,29,3,0.103448275862069
"855",2,1,29,4,0.137931034482759
"855",3,2,29,6,0.206896551724138
"855",4,1,29,7,0.241379310344828
"855",5,6,29,13,0.448275862068966
"855",6,1,29,14,0.482758620689655
"855",7,2,29,16,0.551724137931034
"855",8,1,29,17,0.586206896551724
"855",9,4,29,21,0.724137931034483
"855",10,1,29,22,0.758620689655172
"855",11,2,29,24,0.827586206896552
"855",12,1,29,25,0.862068965517241
"855",13,2,29,27,0.931034482758621
"855",14,1,29,28,0.96551724137931
"855",15,1,29,29,1
"856",1,2,19,2,0.105263157894737
"856",2,1,19,3,0.157894736842105
"856",3,1,19,4,0.210526315789474
"856",4,1,19,5,0.263157894736842
"856",5,3,19,8,0.421052631578947
"856",6,3,19,11,0.578947368421053
"856",7,1,19,12,0.631578947368421
"856",8,1,19,13,0.68421052631579
"856",9,1,19,14,0.736842105263158
"856",10,2,19,16,0.842105263157895
"856",11,1,19,17,0.894736842105263
"856",12,1,19,18,0.947368421052632
"856",13,1,19,19,1
"857",1,2,13,2,0.153846153846154
"857",2,1,13,3,0.230769230769231
"857",3,2,13,5,0.384615384615385
"857",4,1,13,6,0.461538461538462
"857",5,1,13,7,0.538461538461538
"857",6,2,13,9,0.692307692307692
"857",7,1,13,10,0.769230769230769
"857",8,1,13,11,0.846153846153846
"857",9,2,13,13,1
"858",1,1,23,1,0.0434782608695652
"858",2,1,23,2,0.0869565217391304
"858",3,1,23,3,0.130434782608696
"858",4,2,23,5,0.217391304347826
"858",5,2,23,7,0.304347826086957
"858",6,3,23,10,0.434782608695652
"858",7,2,23,12,0.521739130434783
"858",8,1,23,13,0.565217391304348
"858",9,2,23,15,0.652173913043478
"858",10,4,23,19,0.826086956521739
"858",11,2,23,21,0.91304347826087
"858",12,2,23,23,1
"859",1,5,28,5,0.178571428571429
"859",2,1,28,6,0.214285714285714
"859",3,1,28,7,0.25
"859",4,4,28,11,0.392857142857143
"859",5,11,28,22,0.785714285714286
"859",6,3,28,25,0.892857142857143
"859",7,2,28,27,0.964285714285714
"859",8,1,28,28,1
"860",1,4,16,4,0.25
"860",2,3,16,7,0.4375
"860",3,1,16,8,0.5
"860",4,2,16,10,0.625
"860",5,1,16,11,0.6875
"860",6,4,16,15,0.9375
"860",7,1,16,16,1
"861",1,6,16,6,0.375
"861",2,1,16,7,0.4375
"861",3,1,16,8,0.5
"861",4,4,16,12,0.75
"861",5,2,16,14,0.875
"861",6,2,16,16,1
"862",1,6,22,6,0.272727272727273
"862",2,1,22,7,0.318181818181818
"862",3,1,22,8,0.363636363636364
"862",4,2,22,10,0.454545454545455
"862",5,1,22,11,0.5
"862",6,2,22,13,0.590909090909091
"862",7,2,22,15,0.681818181818182
"862",8,1,22,16,0.727272727272727
"862",9,2,22,18,0.818181818181818
"862",10,1,22,19,0.863636363636364
"862",11,1,22,20,0.909090909090909
"862",12,2,22,22,1
"863",1,2,23,2,0.0869565217391304
"863",2,2,23,4,0.173913043478261
"863",3,4,23,8,0.347826086956522
"863",4,2,23,10,0.434782608695652
"863",5,1,23,11,0.478260869565217
"863",6,2,23,13,0.565217391304348
"863",7,1,23,14,0.608695652173913
"863",8,1,23,15,0.652173913043478
"863",9,1,23,16,0.695652173913043
"863",10,2,23,18,0.782608695652174
"863",11,2,23,20,0.869565217391304
"863",12,3,23,23,1
"865",1,1,19,1,0.0526315789473684
"865",2,1,19,2,0.105263157894737
"865",3,1,19,3,0.157894736842105
"865",4,1,19,4,0.210526315789474
"865",5,1,19,5,0.263157894736842
"865",6,3,19,8,0.421052631578947
"865",7,1,19,9,0.473684210526316
"865",8,1,19,10,0.526315789473684
"865",9,1,19,11,0.578947368421053
"865",10,2,19,13,0.68421052631579
"865",11,1,19,14,0.736842105263158
"865",12,2,19,16,0.842105263157895
"865",13,2,19,18,0.947368421052632
"865",14,1,19,19,1
"866",1,1,22,1,0.0454545454545455
"866",2,1,22,2,0.0909090909090909
"866",3,1,22,3,0.136363636363636
"866",4,2,22,5,0.227272727272727
"866",5,2,22,7,0.318181818181818
"866",6,2,22,9,0.409090909090909
"866",7,1,22,10,0.454545454545455
"866",8,1,22,11,0.5
"866",9,1,22,12,0.545454545454545
"866",10,1,22,13,0.590909090909091
"866",11,4,22,17,0.772727272727273
"866",12,1,22,18,0.818181818181818
"866",13,1,22,19,0.863636363636364
"866",14,1,22,20,0.909090909090909
"866",15,2,22,22,1
"867",1,1,29,1,0.0344827586206897
"867",2,1,29,2,0.0689655172413793
"867",3,2,29,4,0.137931034482759
"867",4,1,29,5,0.172413793103448
"867",5,9,29,14,0.482758620689655
"867",6,3,29,17,0.586206896551724
"867",7,4,29,21,0.724137931034483
"867",8,1,29,22,0.758620689655172
"867",9,1,29,23,0.793103448275862
"867",10,4,29,27,0.931034482758621
"867",11,2,29,29,1
"868",1,1,19,1,0.0526315789473684
"868",2,1,19,2,0.105263157894737
"868",3,3,19,5,0.263157894736842
"868",4,5,19,10,0.526315789473684
"868",5,5,19,15,0.789473684210526
"868",6,2,19,17,0.894736842105263
"868",7,2,19,19,1
"869",1,2,25,2,0.08
"869",2,1,25,3,0.12
"869",3,1,25,4,0.16
"869",4,3,25,7,0.28
"869",5,1,25,8,0.32
"869",6,4,25,12,0.48
"869",7,2,25,14,0.56
"869",8,3,25,17,0.68
"869",9,1,25,18,0.72
"869",10,1,25,19,0.76
"869",11,2,25,21,0.84
"869",12,1,25,22,0.88
"869",13,3,25,25,1
"870",1,2,22,2,0.0909090909090909
"870",2,1,22,3,0.136363636363636
"870",3,1,22,4,0.181818181818182
"870",4,2,22,6,0.272727272727273
"870",5,3,22,9,0.409090909090909
"870",6,2,22,11,0.5
"870",7,7,22,18,0.818181818181818
"870",8,3,22,21,0.954545454545455
"870",9,1,22,22,1
"871",1,2,15,2,0.133333333333333
"871",2,2,15,4,0.266666666666667
"871",3,1,15,5,0.333333333333333
"871",4,1,15,6,0.4
"871",5,1,15,7,0.466666666666667
"871",6,1,15,8,0.533333333333333
"871",7,1,15,9,0.6
"871",8,1,15,10,0.666666666666667
"871",9,4,15,14,0.933333333333333
"871",10,1,15,15,1
"872",1,3,22,3,0.136363636363636
"872",2,1,22,4,0.181818181818182
"872",3,2,22,6,0.272727272727273
"872",4,1,22,7,0.318181818181818
"872",5,3,22,10,0.454545454545455
"872",6,4,22,14,0.636363636363636
"872",7,2,22,16,0.727272727272727
"872",8,1,22,17,0.772727272727273
"872",9,1,22,18,0.818181818181818
"872",10,2,22,20,0.909090909090909
"872",11,1,22,21,0.954545454545455
"872",12,1,22,22,1
"873",1,2,17,2,0.117647058823529
"873",2,2,17,4,0.235294117647059
"873",3,4,17,8,0.470588235294118
"873",4,2,17,10,0.588235294117647
"873",5,1,17,11,0.647058823529412
"873",6,1,17,12,0.705882352941177
"873",7,1,17,13,0.764705882352941
"873",8,2,17,15,0.88235294117647
"873",9,2,17,17,1
"874",1,2,26,2,0.0769230769230769
"874",2,5,26,7,0.269230769230769
"874",3,2,26,9,0.346153846153846
"874",4,2,26,11,0.423076923076923
"874",5,5,26,16,0.615384615384615
"874",6,3,26,19,0.730769230769231
"874",7,1,26,20,0.769230769230769
"874",8,1,26,21,0.807692307692308
"874",9,1,26,22,0.846153846153846
"874",10,3,26,25,0.961538461538462
"874",11,1,26,26,1
"876",1,2,17,2,0.117647058823529
"876",2,1,17,3,0.176470588235294
"876",3,2,17,5,0.294117647058824
"876",4,3,17,8,0.470588235294118
"876",5,2,17,10,0.588235294117647
"876",6,3,17,13,0.764705882352941
"876",7,1,17,14,0.823529411764706
"876",8,2,17,16,0.941176470588235
"876",9,1,17,17,1
"877",1,2,28,2,0.0714285714285714
"877",2,1,28,3,0.107142857142857
"877",3,2,28,5,0.178571428571429
"877",4,3,28,8,0.285714285714286
"877",5,1,28,9,0.321428571428571
"877",6,1,28,10,0.357142857142857
"877",7,2,28,12,0.428571428571429
"877",8,3,28,15,0.535714285714286
"877",9,1,28,16,0.571428571428571
"877",10,1,28,17,0.607142857142857
"877",11,5,28,22,0.785714285714286
"877",12,1,28,23,0.821428571428571
"877",13,4,28,27,0.964285714285714
"877",14,1,28,28,1
"878",1,1,24,1,0.0416666666666667
"878",2,1,24,2,0.0833333333333333
"878",3,2,24,4,0.166666666666667
"878",4,1,24,5,0.208333333333333
"878",5,4,24,9,0.375
"878",6,3,24,12,0.5
"878",7,1,24,13,0.541666666666667
"878",8,6,24,19,0.791666666666667
"878",9,2,24,21,0.875
"878",10,2,24,23,0.958333333333333
"878",11,1,24,24,1
