"Subject","Fluency_Item","Switch_Value","Switch_Method"
801,"bird",2,"multimodaldelta_alpha=0.8_rise=0.0_fall=0.0"
801,"cat",0,"multimodaldelta_alpha=0.8_rise=0.0_fall=0.0"
801,"dog",0,"multimodaldelta_alpha=0.8_rise=0.0_fall=0.0"
801,"horse",0,"multimodaldelta_alpha=0.8_rise=0.0_fall=0.0"
801,"duck",1,"multimodaldelta_alpha=0.8_rise=0.0_fall=0.0"
801,"butterfly",1,"multimodaldelta_alpha=0.8_rise=0.0_fall=0.0"
801,"squirrel",1,"multimodaldelta_alpha=0.8_rise=0.0_fall=0.0"
801,"monkey",0,"multimodaldelta_alpha=0.8_rise=0.0_fall=0.0"
801,"ant",1,"multimodaldelta_alpha=0.8_rise=0.0_fall=0.0"
801,"anteater",0,"multimodaldelta_alpha=0.8_rise=0.0_fall=0.0"
801,"beetle",1,"multimodaldelta_alpha=0.8_rise=0.0_fall=0.0"
801,"pig",1,"multimodaldelta_alpha=0.8_rise=0.0_fall=0.0"
801,"cow",0,"multimodaldelta_alpha=0.8_rise=0.0_fall=0.0"
801,"chicken",0,"multimodaldelta_alpha=0.8_rise=0.0_fall=0.0"
801,"hen",0,"multimodaldelta_alpha=0.8_rise=0.0_fall=0.0"
801,"bull",1,"multimodaldelta_alpha=0.8_rise=0.0_fall=0.0"
801,"frog",0,"multimodaldelta_alpha=0.8_rise=0.0_fall=0.0"
802,"leopard",2,"troyerextended"
802,"jaguar",0,"troyerextended"
802,"ocelot",0,"troyerextended"
802,"pigeon",1,"troyerextended"
802,"dove",0,"troyerextended"
802,"dog",1,"troyerextended"
802,"cat",0,"troyerextended"
802,"lizard",1,"troyerextended"
802,"chicken",1,"troyerextended"
802,"jungle fowl",0,"troyerextended"
802,"pelican",0,"troyerextended"
802,"seagull",0,"troyerextended"
802,"fish",0,"troyerextended"
803,"dog",2,"multimodaldelta_alpha=1.0_rise=0.5_fall=0.5"
803,"cat",0,"multimodaldelta_alpha=1.0_rise=0.5_fall=0.5"
803,"gerbil",1,"multimodaldelta_alpha=1.0_rise=0.5_fall=0.5"
803,"ferret",0,"multimodaldelta_alpha=1.0_rise=0.5_fall=0.5"
803,"guinea pig",0,"multimodaldelta_alpha=1.0_rise=0.5_fall=0.5"
803,"fish",1,"multimodaldelta_alpha=1.0_rise=0.5_fall=0.5"
803,"salmon",0,"multimodaldelta_alpha=1.0_rise=0.5_fall=0.5"
803,"bass",1,"multimodaldelta_alpha=1.0_rise=0.5_fall=0.5"
803,"walleye",0,"multimodaldelta_alpha=1.0_rise=0.5_fall=0.5"
803,"bluegill",0,"multimodaldelta_alpha=1.0_rise=0.5_fall=0.5"
803,"mouse",1,"multimodaldelta_alpha=1.0_rise=0.5_fall=0.5"
803,"rat",0,"multimodaldelta_alpha=1.0_rise=0.5_fall=0.5"
803,"hamster",1,"multimodaldelta_alpha=1.0_rise=0.5_fall=0.5"
803,"crocodile",1,"multimodaldelta_alpha=1.0_rise=0.5_fall=0.5"
803,"alligator",0,"multimodaldelta_alpha=1.0_rise=0.5_fall=0.5"
803,"caiman",1,"multimodaldelta_alpha=1.0_rise=0.5_fall=0.5"
803,"bat",1,"multimodaldelta_alpha=1.0_rise=0.5_fall=0.5"
803,"squirrel",0,"multimodaldelta_alpha=1.0_rise=0.5_fall=0.5"
803,"chipmunk",0,"multimodaldelta_alpha=1.0_rise=0.5_fall=0.5"
803,"rabbit",1,"multimodaldelta_alpha=1.0_rise=0.5_fall=0.5"
803,"goldfish",1,"multimodaldelta_alpha=1.0_rise=0.5_fall=0.5"
804,"dog",2,"troyerextended"
804,"cat",0,"troyerextended"
804,"bird",0,"troyerextended"
804,"manta ray",1,"troyerextended"
804,"stingray",0,"troyerextended"
804,"tiger",1,"troyerextended"
804,"lion",0,"troyerextended"
804,"zebra",0,"troyerextended"
804,"hippo",0,"troyerextended"
804,"giraffe",0,"troyerextended"
804,"whale",1,"troyerextended"
804,"dolphin",0,"troyerextended"
804,"kiwi",1,"troyerextended"
804,"elephant",1,"troyerextended"
804,"dodo",1,"troyerextended"
804,"robin",0,"troyerextended"
804,"sparrow",0,"troyerextended"
804,"pigeon",0,"troyerextended"
804,"mouse",1,"troyerextended"
804,"dinosaur",1,"troyerextended"
804,"fish",1,"troyerextended"
804,"bluegill",0,"troyerextended"
804,"shark",0,"troyerextended"
804,"hammerhead shark",0,"troyerextended"
805,"dog",2,"troyerextended"
805,"cat",0,"troyerextended"
805,"lizard",1,"troyerextended"
805,"goat",1,"troyerextended"
805,"lion",1,"troyerextended"
805,"tiger",0,"troyerextended"
805,"bear",1,"troyerextended"
805,"fish",1,"troyerextended"
805,"cheetah",1,"troyerextended"
805,"ape",0,"troyerextended"
805,"pig",1,"troyerextended"
805,"cow",0,"troyerextended"
805,"raccoon",1,"troyerextended"
805,"owl",1,"troyerextended"
805,"ram",1,"troyerextended"
805,"koala",1,"troyerextended"
805,"snake",1,"troyerextended"
806,"kangaroo",2,"troyerextended"
806,"octopus",1,"troyerextended"
806,"dog",1,"troyerextended"
806,"cat",0,"troyerextended"
806,"bird",0,"troyerextended"
806,"penguin",0,"troyerextended"
806,"flamingo",0,"troyerextended"
806,"emu",0,"troyerextended"
806,"koala",0,"troyerextended"
806,"polar bear",1,"troyerextended"
806,"rat",1,"troyerextended"
806,"grizzly bear",1,"troyerextended"
806,"moose",0,"troyerextended"
806,"clownfish",1,"troyerextended"
806,"pufferfish",0,"troyerextended"
806,"coyote",1,"troyerextended"
806,"mountain lion",0,"troyerextended"
806,"raccoon",0,"troyerextended"
806,"possum",0,"troyerextended"
806,"deer",1,"troyerextended"
806,"snake",1,"troyerextended"
806,"copperhead",0,"troyerextended"
807,"ape",2,"troyerextended"
807,"monkey",0,"troyerextended"
807,"orangutan",0,"troyerextended"
807,"salamander",1,"troyerextended"
807,"lizard",0,"troyerextended"
807,"dog",1,"troyerextended"
807,"cat",0,"troyerextended"
807,"hamster",0,"troyerextended"
807,"ferret",0,"troyerextended"
807,"sun bear",1,"troyerextended"
807,"gerbil",1,"troyerextended"
807,"sheep",1,"troyerextended"
807,"fox",0,"troyerextended"
807,"raccoon",1,"troyerextended"
807,"opossum",0,"troyerextended"
807,"goose",1,"troyerextended"
807,"raven",0,"troyerextended"
807,"horse",1,"troyerextended"
807,"dog",1,"troyerextended"
807,"cow",1,"troyerextended"
807,"goat",0,"troyerextended"
807,"polar bear",1,"troyerextended"
807,"grizzly bear",0,"troyerextended"
807,"gorilla",1,"troyerextended"
807,"leopard",0,"troyerextended"
807,"antelope",0,"troyerextended"
807,"crocodile",1,"troyerextended"
808,"dog",2,"troyerextended"
808,"cat",0,"troyerextended"
808,"pig",1,"troyerextended"
808,"sheep",0,"troyerextended"
808,"llama",0,"troyerextended"
808,"maned wolf",0,"troyerextended"
808,"wolf",0,"troyerextended"
808,"coyote",0,"troyerextended"
808,"whale",1,"troyerextended"
808,"ostrich",1,"troyerextended"
808,"giraffe",0,"troyerextended"
808,"hippo",0,"troyerextended"
808,"lion",0,"troyerextended"
808,"tiger",0,"troyerextended"
808,"bear",1,"troyerextended"
808,"panda",0,"troyerextended"
808,"fox",1,"troyerextended"
808,"turtle",1,"troyerextended"
808,"squid",0,"troyerextended"
808,"alligator",0,"troyerextended"
808,"fish",0,"troyerextended"
808,"pufferfish",0,"troyerextended"
808,"shark",0,"troyerextended"
808,"whale shark",0,"troyerextended"
808,"piranha",0,"troyerextended"
809,"dog",2,"troyerextended"
809,"cat",0,"troyerextended"
809,"hamster",0,"troyerextended"
809,"gerbil",0,"troyerextended"
809,"snake",0,"troyerextended"
809,"lizard",0,"troyerextended"
809,"frog",0,"troyerextended"
809,"tarantula",1,"troyerextended"
809,"ant",0,"troyerextended"
809,"elephant",1,"troyerextended"
809,"giraffe",0,"troyerextended"
809,"lion",0,"troyerextended"
809,"tiger",0,"troyerextended"
809,"blue whale",1,"troyerextended"
809,"shark",0,"troyerextended"
809,"fish",0,"troyerextended"
809,"dolphin",0,"troyerextended"
809,"stingray",0,"troyerextended"
809,"anteater",1,"troyerextended"
809,"bird",1,"troyerextended"
809,"seagull",0,"troyerextended"
809,"butterfly",1,"troyerextended"
810,"dog",2,"troyerextended"
810,"cat",0,"troyerextended"
810,"horse",1,"troyerextended"
810,"deer",1,"troyerextended"
810,"alligator",1,"troyerextended"
810,"mouse",1,"troyerextended"
810,"lion",1,"troyerextended"
810,"tiger",0,"troyerextended"
811,"pigeon",2,"troyerextended"
811,"sparrow",0,"troyerextended"
811,"chicken",0,"troyerextended"
811,"crow",0,"troyerextended"
811,"dolphin",1,"troyerextended"
811,"pig",1,"troyerextended"
811,"cow",0,"troyerextended"
811,"donkey",0,"troyerextended"
811,"horse",0,"troyerextended"
811,"monkey",1,"troyerextended"
811,"orangutan",0,"troyerextended"
811,"chimpanzee",0,"troyerextended"
811,"lion",0,"troyerextended"
811,"zebra",0,"troyerextended"
811,"gazelle",0,"troyerextended"
812,"cat",2,"troyerextended"
812,"dog",0,"troyerextended"
812,"snake",0,"troyerextended"
812,"corn snake",0,"troyerextended"
812,"boa",0,"troyerextended"
812,"anaconda",0,"troyerextended"
812,"human",1,"troyerextended"
812,"manatee",1,"troyerextended"
812,"sperm whale",0,"troyerextended"
812,"blue whale",0,"troyerextended"
812,"killer whale",0,"troyerextended"
812,"frog",0,"troyerextended"
812,"treefrog",0,"troyerextended"
812,"toad",0,"troyerextended"
812,"horned toad",0,"troyerextended"
812,"salamander",0,"troyerextended"
812,"crawdad",0,"troyerextended"
812,"clownfish",0,"troyerextended"
812,"guppy",0,"troyerextended"
812,"goldfish",0,"troyerextended"
812,"parrot",0,"troyerextended"
812,"anaconda",1,"troyerextended"
812,"coral",1,"troyerextended"
812,"rabbit",1,"troyerextended"
812,"deer",1,"troyerextended"
813,"dog",2,"troyerextended"
813,"gopher",1,"troyerextended"
813,"cat",1,"troyerextended"
813,"lion",0,"troyerextended"
813,"tiger",0,"troyerextended"
813,"platypus",1,"troyerextended"
813,"walrus",0,"troyerextended"
813,"dolphin",0,"troyerextended"
813,"parrot",1,"troyerextended"
813,"parakeet",0,"troyerextended"
813,"spider",1,"troyerextended"
813,"lion",1,"troyerextended"
813,"fish",1,"troyerextended"
813,"snake",0,"troyerextended"
813,"stingray",1,"troyerextended"
813,"mantis",1,"troyerextended"
813,"butterfly",0,"troyerextended"
813,"ant",0,"troyerextended"
813,"fire ant",0,"troyerextended"
814,"cat",2,"troyerextended"
814,"dog",0,"troyerextended"
814,"snake",0,"troyerextended"
814,"lizard",0,"troyerextended"
814,"ostrich",1,"troyerextended"
814,"goldfish",1,"troyerextended"
814,"koi fish",0,"troyerextended"
814,"lion",1,"troyerextended"
814,"tiger",0,"troyerextended"
814,"bear",1,"troyerextended"
814,"panda",0,"troyerextended"
814,"polar bear",0,"troyerextended"
814,"grizzly bear",0,"troyerextended"
814,"jellyfish",1,"troyerextended"
814,"sunfish",0,"troyerextended"
814,"bluegill",0,"troyerextended"
814,"kangaroo",1,"troyerextended"
814,"flamingo",1,"troyerextended"
814,"penguin",0,"troyerextended"
814,"squirrel",1,"troyerextended"
814,"chipmunk",0,"troyerextended"
814,"bluebird",0,"troyerextended"
814,"robin",0,"troyerextended"
815,"dog",2,"troyerextended"
815,"cat",0,"troyerextended"
815,"squirrel",1,"troyerextended"
815,"ferret",1,"troyerextended"
815,"tiger",1,"troyerextended"
815,"lion",0,"troyerextended"
815,"zebra",0,"troyerextended"
815,"giraffe",0,"troyerextended"
815,"rhino",0,"troyerextended"
815,"crocodile",1,"troyerextended"
815,"hamster",1,"troyerextended"
815,"rat",0,"troyerextended"
815,"flamingo",1,"troyerextended"
815,"deer",1,"troyerextended"
815,"bull",0,"troyerextended"
815,"bird",1,"troyerextended"
815,"squirrel",1,"troyerextended"
815,"raccoon",1,"troyerextended"
815,"monkey",1,"troyerextended"
815,"gorilla",0,"troyerextended"
815,"gerbil",1,"troyerextended"
816,"cat",2,"troyerextended"
816,"dog",0,"troyerextended"
816,"skunk",1,"troyerextended"
816,"horse",1,"troyerextended"
816,"cow",0,"troyerextended"
816,"bird",1,"troyerextended"
816,"toucan",0,"troyerextended"
816,"parakeet",0,"troyerextended"
816,"penguin",0,"troyerextended"
816,"seal",0,"troyerextended"
816,"polar bear",1,"troyerextended"
816,"stork",1,"troyerextended"
816,"albatross",0,"troyerextended"
816,"whale",0,"troyerextended"
816,"killer whale",0,"troyerextended"
816,"narwhal",0,"troyerextended"
816,"sea lion",0,"troyerextended"
816,"lion",1,"troyerextended"
816,"tiger",0,"troyerextended"
816,"gorilla",1,"troyerextended"
816,"monkey",0,"troyerextended"
816,"ape",0,"troyerextended"
816,"pelican",1,"troyerextended"
816,"flamingo",0,"troyerextended"
818,"dolphin",2,"troyerextended"
818,"alligator",0,"troyerextended"
818,"shark",0,"troyerextended"
818,"scorpion",1,"troyerextended"
818,"fish",1,"troyerextended"
818,"lion",1,"troyerextended"
818,"ram",1,"troyerextended"
818,"goat",0,"troyerextended"
818,"raven",1,"troyerextended"
818,"weasel",1,"troyerextended"
818,"beaver",1,"troyerextended"
818,"snake",1,"troyerextended"
818,"snow goose",1,"troyerextended"
818,"ant",1,"troyerextended"
818,"beetle",0,"troyerextended"
818,"wasp",0,"troyerextended"
818,"fly",0,"troyerextended"
818,"dragonfly",0,"troyerextended"
818,"lightning bug",0,"troyerextended"
818,"whale",1,"troyerextended"
819,"dog",2,"troyerextended"
819,"pig",1,"troyerextended"
819,"cow",0,"troyerextended"
819,"horse",0,"troyerextended"
819,"sheep",0,"troyerextended"
819,"bird",1,"troyerextended"
819,"shark",1,"troyerextended"
819,"fish",0,"troyerextended"
819,"bear",1,"troyerextended"
819,"lion",1,"troyerextended"
819,"tiger",0,"troyerextended"
819,"canary",1,"troyerextended"
819,"ant",1,"troyerextended"
819,"ladybug",0,"troyerextended"
819,"fish",1,"troyerextended"
819,"cat",0,"troyerextended"
819,"eagle",1,"troyerextended"
819,"falcon",0,"troyerextended"
820,"pig",2,"troyerextended"
820,"horse",0,"troyerextended"
820,"cow",0,"troyerextended"
820,"bird",1,"troyerextended"
820,"sheep",1,"troyerextended"
820,"lamb",0,"troyerextended"
820,"fish",1,"troyerextended"
820,"dog",0,"troyerextended"
820,"cat",0,"troyerextended"
820,"monkey",1,"troyerextended"
820,"bear",1,"troyerextended"
820,"tiger",1,"troyerextended"
820,"jaguar",0,"troyerextended"
820,"leopard",0,"troyerextended"
820,"lion",0,"troyerextended"
820,"hippo",0,"troyerextended"
820,"hyena",0,"troyerextended"
820,"snake",1,"troyerextended"
820,"bird",0,"troyerextended"
820,"ostrich",0,"troyerextended"
820,"shrimp",1,"troyerextended"
820,"crab",0,"troyerextended"
820,"lobster",0,"troyerextended"
820,"horse",1,"troyerextended"
820,"llama",0,"troyerextended"
820,"alpaca",0,"troyerextended"
820,"camel",0,"troyerextended"
820,"cheetah",0,"troyerextended"
820,"lion",0,"troyerextended"
820,"ape",0,"troyerextended"
820,"monkey",0,"troyerextended"
821,"cow",2,"troyerextended"
821,"pig",0,"troyerextended"
821,"dog",1,"troyerextended"
821,"horse",1,"troyerextended"
821,"cat",1,"troyerextended"
821,"sheep",1,"troyerextended"
821,"rabbit",0,"troyerextended"
821,"muskrat",0,"troyerextended"
821,"catfish",0,"troyerextended"
821,"goldfish",0,"troyerextended"
821,"bull",1,"troyerextended"
821,"goat",0,"troyerextended"
821,"mouse",1,"troyerextended"
821,"rat",0,"troyerextended"
821,"ant",1,"troyerextended"
821,"cricket",0,"troyerextended"
821,"human",1,"troyerextended"
821,"seagull",1,"troyerextended"
821,"goose",0,"troyerextended"
821,"swan",0,"troyerextended"
822,"dog",2,"troyerextended"
822,"cat",0,"troyerextended"
822,"lion",0,"troyerextended"
822,"turtle",1,"troyerextended"
822,"fish",0,"troyerextended"
822,"gerbil",0,"troyerextended"
822,"giraffe",1,"troyerextended"
822,"elephant",0,"troyerextended"
822,"rhinoceros",0,"troyerextended"
822,"hippopotamus",0,"troyerextended"
822,"ostrich",0,"troyerextended"
822,"bird",0,"troyerextended"
822,"toucan",0,"troyerextended"
822,"lion",1,"troyerextended"
822,"bear",1,"troyerextended"
822,"tiger",1,"troyerextended"
822,"rat",1,"troyerextended"
822,"whale",1,"troyerextended"
822,"jellyfish",0,"troyerextended"
822,"stingray",0,"troyerextended"
822,"clownfish",0,"troyerextended"
822,"swordfish",0,"troyerextended"
822,"turtle",0,"troyerextended"
822,"snake",0,"troyerextended"
823,"dog",2,"troyerextended"
823,"cat",0,"troyerextended"
823,"hamster",0,"troyerextended"
823,"bunny",0,"troyerextended"
823,"lizard",1,"troyerextended"
823,"snake",0,"troyerextended"
823,"turtle",0,"troyerextended"
823,"kangaroo",1,"troyerextended"
823,"zebra",1,"troyerextended"
823,"tiger",1,"troyerextended"
823,"lion",0,"troyerextended"
823,"gazelle",0,"troyerextended"
823,"reindeer",0,"troyerextended"
823,"doe",0,"troyerextended"
823,"skunk",1,"troyerextended"
823,"snail",1,"troyerextended"
823,"butterfly",0,"troyerextended"
823,"worm",0,"troyerextended"
823,"blue jay",1,"troyerextended"
823,"bird",0,"troyerextended"
823,"swan",0,"troyerextended"
823,"canary",0,"troyerextended"
823,"cardinal",0,"troyerextended"
823,"parakeet",0,"troyerextended"
824,"dog",2,"troyerextended"
824,"bear",1,"troyerextended"
824,"cat",1,"troyerextended"
824,"lion",0,"troyerextended"
824,"cheetah",0,"troyerextended"
824,"tiger",0,"troyerextended"
824,"penguin",1,"troyerextended"
824,"zebra",1,"troyerextended"
824,"gorilla",0,"troyerextended"
824,"alligator",1,"troyerextended"
824,"crocodile",0,"troyerextended"
824,"koala",1,"troyerextended"
824,"lizard",1,"troyerextended"
824,"iguana",0,"troyerextended"
824,"fish",0,"troyerextended"
824,"jellyfish",0,"troyerextended"
824,"shark",0,"troyerextended"
824,"whale",0,"troyerextended"
824,"dog",1,"troyerextended"
825,"dog",2,"multimodaldelta_alpha=0.9_rise=0.0_fall=0.75"
825,"cat",0,"multimodaldelta_alpha=0.9_rise=0.0_fall=0.75"
825,"mouse",0,"multimodaldelta_alpha=0.9_rise=0.0_fall=0.75"
825,"rat",0,"multimodaldelta_alpha=0.9_rise=0.0_fall=0.75"
825,"muskrat",0,"multimodaldelta_alpha=0.9_rise=0.0_fall=0.75"
825,"frog",1,"multimodaldelta_alpha=0.9_rise=0.0_fall=0.75"
825,"fish",0,"multimodaldelta_alpha=0.9_rise=0.0_fall=0.75"
825,"giraffe",1,"multimodaldelta_alpha=0.9_rise=0.0_fall=0.75"
825,"horse",0,"multimodaldelta_alpha=0.9_rise=0.0_fall=0.75"
825,"elephant",0,"multimodaldelta_alpha=0.9_rise=0.0_fall=0.75"
825,"zebra",0,"multimodaldelta_alpha=0.9_rise=0.0_fall=0.75"
825,"leopard",0,"multimodaldelta_alpha=0.9_rise=0.0_fall=0.75"
825,"cheetah",0,"multimodaldelta_alpha=0.9_rise=0.0_fall=0.75"
825,"tiger",1,"multimodaldelta_alpha=0.9_rise=0.0_fall=0.75"
825,"eagle",1,"multimodaldelta_alpha=0.9_rise=0.0_fall=0.75"
825,"cockatoo",1,"multimodaldelta_alpha=0.9_rise=0.0_fall=0.75"
825,"dog",0,"multimodaldelta_alpha=0.9_rise=0.0_fall=0.75"
825,"cat",0,"multimodaldelta_alpha=0.9_rise=0.0_fall=0.75"
825,"ferret",1,"multimodaldelta_alpha=0.9_rise=0.0_fall=0.75"
825,"goldfish",1,"multimodaldelta_alpha=0.9_rise=0.0_fall=0.75"
825,"bass",0,"multimodaldelta_alpha=0.9_rise=0.0_fall=0.75"
825,"crappie",0,"multimodaldelta_alpha=0.9_rise=0.0_fall=0.75"
825,"tapir",1,"multimodaldelta_alpha=0.9_rise=0.0_fall=0.75"
825,"elephant",0,"multimodaldelta_alpha=0.9_rise=0.0_fall=0.75"
825,"crocodile",0,"multimodaldelta_alpha=0.9_rise=0.0_fall=0.75"
826,"snail",2,"multimodaldelta_alpha=1.0_rise=0.75_fall=0.5"
826,"eagle",1,"multimodaldelta_alpha=1.0_rise=0.75_fall=0.5"
826,"canary",1,"multimodaldelta_alpha=1.0_rise=0.75_fall=0.5"
826,"crow",1,"multimodaldelta_alpha=1.0_rise=0.75_fall=0.5"
826,"bird",0,"multimodaldelta_alpha=1.0_rise=0.75_fall=0.5"
826,"dog",0,"multimodaldelta_alpha=1.0_rise=0.75_fall=0.5"
826,"cat",0,"multimodaldelta_alpha=1.0_rise=0.75_fall=0.5"
826,"mouse",0,"multimodaldelta_alpha=1.0_rise=0.75_fall=0.5"
826,"lizard",1,"multimodaldelta_alpha=1.0_rise=0.75_fall=0.5"
826,"frog",0,"multimodaldelta_alpha=1.0_rise=0.75_fall=0.5"
826,"slug",0,"multimodaldelta_alpha=1.0_rise=0.75_fall=0.5"
826,"crane",1,"multimodaldelta_alpha=1.0_rise=0.75_fall=0.5"
826,"flamingo",0,"multimodaldelta_alpha=1.0_rise=0.75_fall=0.5"
826,"egret",0,"multimodaldelta_alpha=1.0_rise=0.75_fall=0.5"
826,"snake",1,"multimodaldelta_alpha=1.0_rise=0.75_fall=0.5"
826,"hippopotamus",1,"multimodaldelta_alpha=1.0_rise=0.75_fall=0.5"
826,"giraffe",0,"multimodaldelta_alpha=1.0_rise=0.75_fall=0.5"
826,"lion",1,"multimodaldelta_alpha=1.0_rise=0.75_fall=0.5"
827,"dog",2,"troyerextended"
827,"cat",0,"troyerextended"
827,"bird",0,"troyerextended"
827,"elephant",1,"troyerextended"
827,"giraffe",0,"troyerextended"
827,"gorilla",0,"troyerextended"
827,"monkey",0,"troyerextended"
827,"ostrich",1,"troyerextended"
827,"armadillo",1,"troyerextended"
827,"pangolin",0,"troyerextended"
827,"lion",0,"troyerextended"
827,"puma",0,"troyerextended"
827,"cheetah",0,"troyerextended"
827,"octopus",1,"troyerextended"
827,"tiger",1,"troyerextended"
827,"eagle",1,"troyerextended"
827,"hawk",0,"troyerextended"
827,"horse",1,"troyerextended"
827,"zebra",1,"troyerextended"
827,"baboon",0,"troyerextended"
827,"hyena",0,"troyerextended"
828,"gorilla",2,"multimodaldelta_alpha=0.9_rise=1.0_fall=0.0"
828,"monkey",0,"multimodaldelta_alpha=0.9_rise=1.0_fall=0.0"
828,"salamander",1,"multimodaldelta_alpha=0.9_rise=1.0_fall=0.0"
828,"horse",1,"multimodaldelta_alpha=0.9_rise=1.0_fall=0.0"
828,"pig",0,"multimodaldelta_alpha=0.9_rise=1.0_fall=0.0"
828,"cow",0,"multimodaldelta_alpha=0.9_rise=1.0_fall=0.0"
828,"chicken",1,"multimodaldelta_alpha=0.9_rise=1.0_fall=0.0"
828,"goat",1,"multimodaldelta_alpha=0.9_rise=1.0_fall=0.0"
828,"donkey",1,"multimodaldelta_alpha=0.9_rise=1.0_fall=0.0"
828,"bird",1,"multimodaldelta_alpha=0.9_rise=1.0_fall=0.0"
828,"snake",1,"multimodaldelta_alpha=0.9_rise=1.0_fall=0.0"
828,"rat",0,"multimodaldelta_alpha=0.9_rise=1.0_fall=0.0"
828,"mouse",0,"multimodaldelta_alpha=0.9_rise=1.0_fall=0.0"
828,"mole",1,"multimodaldelta_alpha=0.9_rise=1.0_fall=0.0"
828,"dog",1,"multimodaldelta_alpha=0.9_rise=1.0_fall=0.0"
828,"cat",0,"multimodaldelta_alpha=0.9_rise=1.0_fall=0.0"
828,"hamster",1,"multimodaldelta_alpha=0.9_rise=1.0_fall=0.0"
828,"guinea pig",0,"multimodaldelta_alpha=0.9_rise=1.0_fall=0.0"
828,"spider",1,"multimodaldelta_alpha=0.9_rise=1.0_fall=0.0"
828,"fly",1,"multimodaldelta_alpha=0.9_rise=1.0_fall=0.0"
828,"bee",1,"multimodaldelta_alpha=0.9_rise=1.0_fall=0.0"
828,"wasp",0,"multimodaldelta_alpha=0.9_rise=1.0_fall=0.0"
828,"centipede",1,"multimodaldelta_alpha=0.9_rise=1.0_fall=0.0"
828,"bat",1,"multimodaldelta_alpha=0.9_rise=1.0_fall=0.0"
829,"dog",2,"troyerextended"
829,"cat",0,"troyerextended"
829,"rabbit",0,"troyerextended"
829,"gerbil",0,"troyerextended"
829,"mouse",0,"troyerextended"
829,"chinchilla",0,"troyerextended"
829,"iguana",0,"troyerextended"
829,"bird",0,"troyerextended"
829,"owl",0,"troyerextended"
829,"fish",1,"troyerextended"
829,"snake",0,"troyerextended"
829,"lion",1,"troyerextended"
829,"bear",1,"troyerextended"
829,"peacock",1,"troyerextended"
829,"mouse",1,"troyerextended"
830,"cat",2,"troyerextended"
830,"dog",0,"troyerextended"
830,"fish",0,"troyerextended"
830,"frog",0,"troyerextended"
830,"duck",0,"troyerextended"
830,"eagle",0,"troyerextended"
830,"zebra",1,"troyerextended"
830,"giraffe",0,"troyerextended"
830,"alligator",1,"troyerextended"
830,"shark",0,"troyerextended"
830,"whale",0,"troyerextended"
830,"ladybug",1,"troyerextended"
830,"worm",0,"troyerextended"
830,"fly",0,"troyerextended"
830,"bee",0,"troyerextended"
830,"snake",1,"troyerextended"
830,"hawk",1,"troyerextended"
830,"vulture",0,"troyerextended"
830,"elephant",1,"troyerextended"
830,"panda",0,"troyerextended"
830,"panther",1,"troyerextended"
830,"wolf",1,"troyerextended"
830,"mountain lion",1,"troyerextended"
830,"fox",1,"troyerextended"
830,"antelope",1,"troyerextended"
830,"deer",0,"troyerextended"
830,"turtle",1,"troyerextended"
830,"toad",0,"troyerextended"
830,"owl",1,"troyerextended"
831,"cat",2,"troyerextended"
831,"dog",0,"troyerextended"
831,"tiger",1,"troyerextended"
831,"lion",0,"troyerextended"
831,"pig",1,"troyerextended"
831,"sheep",0,"troyerextended"
831,"cow",0,"troyerextended"
831,"bird",1,"troyerextended"
831,"eagle",0,"troyerextended"
831,"lion",1,"troyerextended"
831,"cheetah",0,"troyerextended"
831,"whale",1,"troyerextended"
831,"dolphin",0,"troyerextended"
831,"fish",0,"troyerextended"
831,"seal",0,"troyerextended"
831,"sea lion",0,"troyerextended"
831,"shark",0,"troyerextended"
831,"badger",1,"troyerextended"
831,"honey badger",0,"troyerextended"
831,"grasshopper",1,"troyerextended"
831,"penguin",1,"troyerextended"
831,"giraffe",1,"troyerextended"
831,"sea lion",1,"troyerextended"
832,"dog",2,"troyerextended"
832,"cat",0,"troyerextended"
832,"fish",0,"troyerextended"
832,"pig",1,"troyerextended"
832,"cow",0,"troyerextended"
832,"horse",0,"troyerextended"
832,"chicken",0,"troyerextended"
832,"bear",1,"troyerextended"
832,"lion",1,"troyerextended"
832,"tiger",0,"troyerextended"
832,"koala",1,"troyerextended"
832,"giraffe",1,"troyerextended"
832,"polar bear",1,"troyerextended"
832,"bird",1,"troyerextended"
832,"snake",0,"troyerextended"
832,"iguana",0,"troyerextended"
832,"lizard",0,"troyerextended"
833,"dog",2,"multimodaldelta_alpha=0.5_rise=0.5_fall=1.0"
833,"cat",0,"multimodaldelta_alpha=0.5_rise=0.5_fall=1.0"
833,"mouse",0,"multimodaldelta_alpha=0.5_rise=0.5_fall=1.0"
833,"tiger",1,"multimodaldelta_alpha=0.5_rise=0.5_fall=1.0"
833,"penguin",0,"multimodaldelta_alpha=0.5_rise=0.5_fall=1.0"
833,"giraffe",0,"multimodaldelta_alpha=0.5_rise=0.5_fall=1.0"
833,"elephant",0,"multimodaldelta_alpha=0.5_rise=0.5_fall=1.0"
833,"lion",0,"multimodaldelta_alpha=0.5_rise=0.5_fall=1.0"
833,"horse",1,"multimodaldelta_alpha=0.5_rise=0.5_fall=1.0"
833,"donkey",0,"multimodaldelta_alpha=0.5_rise=0.5_fall=1.0"
833,"meerkat",0,"multimodaldelta_alpha=0.5_rise=0.5_fall=1.0"
833,"cheetah",0,"multimodaldelta_alpha=0.5_rise=0.5_fall=1.0"
833,"polar bear",1,"multimodaldelta_alpha=0.5_rise=0.5_fall=1.0"
834,"dog",2,"troyerextended"
834,"cat",0,"troyerextended"
834,"cow",1,"troyerextended"
834,"chicken",0,"troyerextended"
834,"pig",0,"troyerextended"
834,"lion",1,"troyerextended"
834,"zebra",0,"troyerextended"
834,"elephant",0,"troyerextended"
834,"moose",0,"troyerextended"
834,"deer",0,"troyerextended"
834,"rat",1,"troyerextended"
834,"tiger",1,"troyerextended"
834,"fish",1,"troyerextended"
834,"groundhog",1,"troyerextended"
834,"possum",0,"troyerextended"
834,"horse",1,"troyerextended"
835,"dog",2,"multimodaldelta_alpha=1.0_rise=1.0_fall=1.0"
835,"human",0,"multimodaldelta_alpha=1.0_rise=1.0_fall=1.0"
835,"ape",1,"multimodaldelta_alpha=1.0_rise=1.0_fall=1.0"
835,"insect",1,"multimodaldelta_alpha=1.0_rise=1.0_fall=1.0"
835,"spider",0,"multimodaldelta_alpha=1.0_rise=1.0_fall=1.0"
835,"elephant",0,"multimodaldelta_alpha=1.0_rise=1.0_fall=1.0"
835,"tiger",0,"multimodaldelta_alpha=1.0_rise=1.0_fall=1.0"
835,"moonglow boa",1,"multimodaldelta_alpha=1.0_rise=1.0_fall=1.0"
835,"monkey",1,"multimodaldelta_alpha=1.0_rise=1.0_fall=1.0"
835,"white tiger",0,"multimodaldelta_alpha=1.0_rise=1.0_fall=1.0"
835,"bird",1,"multimodaldelta_alpha=1.0_rise=1.0_fall=1.0"
835,"mockingjay",1,"multimodaldelta_alpha=1.0_rise=1.0_fall=1.0"
835,"peacock",1,"multimodaldelta_alpha=1.0_rise=1.0_fall=1.0"
835,"whale",1,"multimodaldelta_alpha=1.0_rise=1.0_fall=1.0"
835,"fish",0,"multimodaldelta_alpha=1.0_rise=1.0_fall=1.0"
835,"tuna",0,"multimodaldelta_alpha=1.0_rise=1.0_fall=1.0"
835,"cod",1,"multimodaldelta_alpha=1.0_rise=1.0_fall=1.0"
835,"giraffe",1,"multimodaldelta_alpha=1.0_rise=1.0_fall=1.0"
837,"bonobo",2,"troyerextended"
837,"orangutan",0,"troyerextended"
837,"chimpanzee",0,"troyerextended"
837,"monkey",0,"troyerextended"
837,"whale",1,"troyerextended"
837,"dolphin",0,"troyerextended"
837,"tuna",0,"troyerextended"
837,"goldfish",0,"troyerextended"
837,"salmon",0,"troyerextended"
837,"trout",0,"troyerextended"
837,"tuna",0,"troyerextended"
837,"gorilla",1,"troyerextended"
837,"giraffe",0,"troyerextended"
837,"rhino",0,"troyerextended"
837,"cheetah",0,"troyerextended"
837,"lion",0,"troyerextended"
837,"leopard",0,"troyerextended"
837,"panther",0,"troyerextended"
837,"dog",1,"troyerextended"
837,"cat",0,"troyerextended"
837,"panther",0,"troyerextended"
837,"pig",1,"troyerextended"
837,"horse",0,"troyerextended"
837,"elephant",1,"troyerextended"
838,"panda",2,"multimodaldelta_alpha=0.9_rise=0.0_fall=0.75"
838,"red panda",0,"multimodaldelta_alpha=0.9_rise=0.0_fall=0.75"
838,"fox",1,"multimodaldelta_alpha=0.9_rise=0.0_fall=0.75"
838,"wolf",0,"multimodaldelta_alpha=0.9_rise=0.0_fall=0.75"
838,"lion",0,"multimodaldelta_alpha=0.9_rise=0.0_fall=0.75"
838,"tiger",0,"multimodaldelta_alpha=0.9_rise=0.0_fall=0.75"
838,"monkey",0,"multimodaldelta_alpha=0.9_rise=0.0_fall=0.75"
838,"snake",1,"multimodaldelta_alpha=0.9_rise=0.0_fall=0.75"
838,"horse",0,"multimodaldelta_alpha=0.9_rise=0.0_fall=0.75"
838,"chicken",0,"multimodaldelta_alpha=0.9_rise=0.0_fall=0.75"
838,"pig",0,"multimodaldelta_alpha=0.9_rise=0.0_fall=0.75"
838,"mouse",0,"multimodaldelta_alpha=0.9_rise=0.0_fall=0.75"
838,"cat",0,"multimodaldelta_alpha=0.9_rise=0.0_fall=0.75"
838,"dog",0,"multimodaldelta_alpha=0.9_rise=0.0_fall=0.75"
838,"rabbit",0,"multimodaldelta_alpha=0.9_rise=0.0_fall=0.75"
838,"mountain lion",1,"multimodaldelta_alpha=0.9_rise=0.0_fall=0.75"
838,"sheep",1,"multimodaldelta_alpha=0.9_rise=0.0_fall=0.75"
838,"eagle",0,"multimodaldelta_alpha=0.9_rise=0.0_fall=0.75"
838,"bluebird",0,"multimodaldelta_alpha=0.9_rise=0.0_fall=0.75"
838,"blue jay",0,"multimodaldelta_alpha=0.9_rise=0.0_fall=0.75"
838,"crow",1,"multimodaldelta_alpha=0.9_rise=0.0_fall=0.75"
839,"lion",2,"troyerextended"
839,"tiger",0,"troyerextended"
839,"bear",1,"troyerextended"
839,"zebra",1,"troyerextended"
839,"cat",1,"troyerextended"
839,"dog",0,"troyerextended"
839,"polar bear",1,"troyerextended"
839,"grizzly bear",0,"troyerextended"
839,"black bear",0,"troyerextended"
839,"brown bear",0,"troyerextended"
839,"fish",1,"troyerextended"
839,"shark",0,"troyerextended"
839,"penguin",0,"troyerextended"
839,"otter",0,"troyerextended"
839,"seal",0,"troyerextended"
839,"hippo",0,"troyerextended"
839,"pig",1,"troyerextended"
839,"horse",0,"troyerextended"
839,"cow",0,"troyerextended"
839,"llama",1,"troyerextended"
839,"alpaca",0,"troyerextended"
839,"camel",0,"troyerextended"
839,"bird",1,"troyerextended"
840,"dog",2,"troyerextended"
840,"cat",0,"troyerextended"
840,"snake",0,"troyerextended"
840,"turtle",0,"troyerextended"
840,"centipede",1,"troyerextended"
840,"mouse",1,"troyerextended"
840,"caribou",1,"troyerextended"
840,"wolf",1,"troyerextended"
840,"husky",0,"troyerextended"
840,"frog",1,"troyerextended"
840,"scorpion",1,"troyerextended"
840,"grasshopper",0,"troyerextended"
840,"cockroach",0,"troyerextended"
840,"black bear",1,"troyerextended"
840,"polar bear",0,"troyerextended"
840,"grizzly bear",0,"troyerextended"
840,"antelope",1,"troyerextended"
840,"deer",0,"troyerextended"
840,"tiger",1,"troyerextended"
840,"lion",0,"troyerextended"
840,"swordfish",1,"troyerextended"
840,"gopher",1,"troyerextended"
840,"porcupine",0,"troyerextended"
840,"rat",0,"troyerextended"
840,"mouse",0,"troyerextended"
840,"viper",1,"troyerextended"
840,"cottonmouth",0,"troyerextended"
841,"giraffe",2,"troyerextended"
841,"elephant",0,"troyerextended"
841,"cat",1,"troyerextended"
841,"dog",0,"troyerextended"
841,"mantis",1,"troyerextended"
841,"shrimp",1,"troyerextended"
841,"whale",0,"troyerextended"
841,"lion",1,"troyerextended"
841,"tiger",0,"troyerextended"
841,"hyena",1,"troyerextended"
841,"dingo",1,"troyerextended"
841,"crab",1,"troyerextended"
841,"scorpion",1,"troyerextended"
841,"bird",1,"troyerextended"
841,"eagle",0,"troyerextended"
841,"hawk",0,"troyerextended"
841,"horse",1,"troyerextended"
841,"cow",0,"troyerextended"
841,"chicken",0,"troyerextended"
841,"pig",0,"troyerextended"
841,"goat",0,"troyerextended"
841,"snake",1,"troyerextended"
841,"cricket",1,"troyerextended"
841,"frog",1,"troyerextended"
841,"salamander",0,"troyerextended"
841,"crocodile",0,"troyerextended"
841,"alligator",0,"troyerextended"
841,"armadillo",1,"troyerextended"
841,"anteater",0,"troyerextended"
842,"dog",2,"troyerextended"
842,"cat",0,"troyerextended"
842,"spider",1,"troyerextended"
842,"ant",0,"troyerextended"
842,"centipede",0,"troyerextended"
842,"penguin",1,"troyerextended"
842,"dinosaur",1,"troyerextended"
842,"tiger",1,"troyerextended"
842,"lion",0,"troyerextended"
842,"horse",1,"troyerextended"
842,"mouse",1,"troyerextended"
842,"hamster",0,"troyerextended"
842,"gerbil",0,"troyerextended"
842,"guinea pig",0,"troyerextended"
842,"pig",1,"troyerextended"
842,"hog",0,"troyerextended"
842,"boar",0,"troyerextended"
842,"bat",1,"troyerextended"
842,"whale",1,"troyerextended"
842,"rhino",1,"troyerextended"
842,"gopher",1,"troyerextended"
842,"camel",1,"troyerextended"
843,"lion",2,"troyerextended"
843,"tiger",0,"troyerextended"
843,"bear",1,"troyerextended"
843,"cat",1,"troyerextended"
843,"turtle",0,"troyerextended"
843,"flamingo",1,"troyerextended"
843,"shark",1,"troyerextended"
843,"octopus",0,"troyerextended"
843,"clam",0,"troyerextended"
843,"lobster",0,"troyerextended"
843,"dolphin",0,"troyerextended"
843,"alligator",0,"troyerextended"
843,"bird",1,"troyerextended"
843,"pterodactyl",1,"troyerextended"
843,"dinosaur",0,"troyerextended"
843,"amphibian",0,"troyerextended"
843,"crab",1,"troyerextended"
843,"shrimp",0,"troyerextended"
843,"elephant",1,"troyerextended"
844,"dog",2,"troyerextended"
844,"cat",0,"troyerextended"
844,"penguin",1,"troyerextended"
844,"pig",1,"troyerextended"
844,"rhino",1,"troyerextended"
844,"zebra",0,"troyerextended"
844,"leopard",0,"troyerextended"
844,"cheetah",0,"troyerextended"
844,"tiger",0,"troyerextended"
844,"deer",1,"troyerextended"
844,"bear",1,"troyerextended"
844,"moose",1,"troyerextended"
844,"elephant",0,"troyerextended"
844,"giraffe",0,"troyerextended"
844,"hippo",0,"troyerextended"
844,"hyena",0,"troyerextended"
844,"snake",1,"troyerextended"
844,"horse",1,"troyerextended"
844,"sheep",0,"troyerextended"
844,"cow",0,"troyerextended"
844,"pig",0,"troyerextended"
844,"chicken",0,"troyerextended"
844,"eagle",0,"troyerextended"
844,"crow",0,"troyerextended"
844,"bird",0,"troyerextended"
844,"hedgehog",1,"troyerextended"
844,"groundhog",1,"troyerextended"
844,"beaver",0,"troyerextended"
845,"dog",2,"troyerextended"
845,"cat",0,"troyerextended"
845,"shark",1,"troyerextended"
845,"mouse",1,"troyerextended"
845,"lion",1,"troyerextended"
845,"giraffe",0,"troyerextended"
845,"chimpanzee",0,"troyerextended"
845,"tiger",1,"troyerextended"
845,"gorilla",1,"troyerextended"
845,"horse",1,"troyerextended"
845,"polar bear",1,"troyerextended"
845,"lizard",1,"troyerextended"
845,"fish",1,"troyerextended"
845,"gazelle",1,"troyerextended"
846,"dog",2,"troyerextended"
846,"cat",0,"troyerextended"
846,"canary",0,"troyerextended"
846,"crow",0,"troyerextended"
846,"eagle",0,"troyerextended"
846,"cow",1,"troyerextended"
846,"pig",0,"troyerextended"
846,"jaguar",1,"troyerextended"
846,"cheetah",0,"troyerextended"
846,"rooster",1,"troyerextended"
846,"llama",1,"troyerextended"
846,"frog",1,"troyerextended"
846,"fish",0,"troyerextended"
846,"shark",0,"troyerextended"
846,"dolphin",0,"troyerextended"
846,"starfish",0,"troyerextended"
846,"clam",0,"troyerextended"
846,"oyster",0,"troyerextended"
846,"horseshoe crab",0,"troyerextended"
846,"osprey",0,"troyerextended"
846,"leech",0,"troyerextended"
846,"grasshopper",0,"troyerextended"
846,"beetle",0,"troyerextended"
846,"stinkbug",0,"troyerextended"
846,"lion",1,"troyerextended"
846,"tiger",0,"troyerextended"
846,"bear",1,"troyerextended"
846,"mountain lion",1,"troyerextended"
846,"hedgehog",1,"troyerextended"
846,"wolverine",1,"troyerextended"
847,"monkey",2,"troyerextended"
847,"elephant",1,"troyerextended"
847,"rhino",0,"troyerextended"
847,"dog",1,"troyerextended"
847,"cat",0,"troyerextended"
847,"otter",1,"troyerextended"
847,"manatee",0,"troyerextended"
847,"shark",0,"troyerextended"
847,"bengal tiger",1,"troyerextended"
847,"lion",0,"troyerextended"
847,"african elephant",0,"troyerextended"
847,"asian elephant",1,"troyerextended"
847,"woolly mammoth",1,"troyerextended"
847,"dinosaur",0,"troyerextended"
847,"stingray",1,"troyerextended"
847,"shrimp",0,"troyerextended"
847,"siberian cat",1,"troyerextended"
847,"husky",0,"troyerextended"
847,"polar bear",0,"troyerextended"
847,"grizzly bear",0,"troyerextended"
847,"black bear",0,"troyerextended"
847,"wolf",1,"troyerextended"
847,"fox",0,"troyerextended"
847,"chimpanzee",1,"troyerextended"
847,"gorilla",0,"troyerextended"
848,"cat",2,"troyerextended"
848,"mouse",1,"troyerextended"
848,"rat",0,"troyerextended"
848,"dog",1,"troyerextended"
848,"lion",1,"troyerextended"
848,"tiger",0,"troyerextended"
848,"bengal tiger",0,"troyerextended"
848,"polar bear",1,"troyerextended"
848,"grizzly bear",0,"troyerextended"
848,"sun bear",0,"troyerextended"
848,"black bear",0,"troyerextended"
848,"giraffe",1,"troyerextended"
848,"bear",1,"troyerextended"
848,"okapi",1,"troyerextended"
848,"zebra",0,"troyerextended"
848,"deer",1,"troyerextended"
848,"elk",0,"troyerextended"
848,"horse",1,"troyerextended"
848,"whale",1,"troyerextended"
848,"blue whale",0,"troyerextended"
848,"sperm whale",0,"troyerextended"
848,"humpback whale",0,"troyerextended"
848,"shark",0,"troyerextended"
848,"hammerhead shark",0,"troyerextended"
848,"great white shark",0,"troyerextended"
848,"whale shark",0,"troyerextended"
848,"orca",0,"troyerextended"
848,"dolphin",0,"troyerextended"
848,"jellyfish",0,"troyerextended"
848,"goldfish",0,"troyerextended"
849,"giraffe",2,"troyerextended"
849,"zebra",0,"troyerextended"
849,"cat",1,"troyerextended"
849,"parrot",0,"troyerextended"
849,"dog",0,"troyerextended"
849,"bunny",0,"troyerextended"
849,"bird",0,"troyerextended"
849,"snake",0,"troyerextended"
849,"jellyfish",1,"troyerextended"
849,"shark",0,"troyerextended"
849,"whale",0,"troyerextended"
849,"horse",1,"troyerextended"
849,"platypus",1,"troyerextended"
849,"penguin",0,"troyerextended"
849,"tiger",1,"troyerextended"
849,"lion",0,"troyerextended"
849,"zebra",0,"troyerextended"
849,"rhino",0,"troyerextended"
849,"monkey",1,"troyerextended"
849,"gorilla",0,"troyerextended"
849,"flamingo",1,"troyerextended"
849,"owl",0,"troyerextended"
849,"duck",0,"troyerextended"
849,"goose",0,"troyerextended"
849,"alligator",0,"troyerextended"
849,"crocodile",0,"troyerextended"
850,"bear",2,"troyerextended"
850,"cheetah",1,"troyerextended"
850,"snake",1,"troyerextended"
850,"bobcat",1,"troyerextended"
850,"cat",0,"troyerextended"
850,"parakeet",0,"troyerextended"
850,"raccoon",1,"troyerextended"
850,"rabbit",1,"troyerextended"
850,"jaguar",1,"troyerextended"
850,"kangaroo",1,"troyerextended"
851,"dog",2,"multimodaldelta_alpha=1.0_rise=0.25_fall=1.0"
851,"bird",0,"multimodaldelta_alpha=1.0_rise=0.25_fall=1.0"
851,"human",0,"multimodaldelta_alpha=1.0_rise=0.25_fall=1.0"
851,"monkey",0,"multimodaldelta_alpha=1.0_rise=0.25_fall=1.0"
851,"dragon",0,"multimodaldelta_alpha=1.0_rise=0.25_fall=1.0"
851,"unicorn",0,"multimodaldelta_alpha=1.0_rise=0.25_fall=1.0"
851,"griffon",0,"multimodaldelta_alpha=1.0_rise=0.25_fall=1.0"
851,"cat",1,"multimodaldelta_alpha=1.0_rise=0.25_fall=1.0"
851,"turtle",0,"multimodaldelta_alpha=1.0_rise=0.25_fall=1.0"
851,"meerkat",0,"multimodaldelta_alpha=1.0_rise=0.25_fall=1.0"
851,"bobcat",0,"multimodaldelta_alpha=1.0_rise=0.25_fall=1.0"
851,"lion",0,"multimodaldelta_alpha=1.0_rise=0.25_fall=1.0"
851,"tiger",0,"multimodaldelta_alpha=1.0_rise=0.25_fall=1.0"
851,"walrus",1,"multimodaldelta_alpha=1.0_rise=0.25_fall=1.0"
851,"hippo",0,"multimodaldelta_alpha=1.0_rise=0.25_fall=1.0"
851,"seal",1,"multimodaldelta_alpha=1.0_rise=0.25_fall=1.0"
851,"whale",0,"multimodaldelta_alpha=1.0_rise=0.25_fall=1.0"
851,"killer whale",0,"multimodaldelta_alpha=1.0_rise=0.25_fall=1.0"
851,"jellyfish",1,"multimodaldelta_alpha=1.0_rise=0.25_fall=1.0"
851,"koi fish",1,"multimodaldelta_alpha=1.0_rise=0.25_fall=1.0"
851,"suckerfish",0,"multimodaldelta_alpha=1.0_rise=0.25_fall=1.0"
851,"manatee",0,"multimodaldelta_alpha=1.0_rise=0.25_fall=1.0"
851,"alligator",0,"multimodaldelta_alpha=1.0_rise=0.25_fall=1.0"
851,"crocodile",0,"multimodaldelta_alpha=1.0_rise=0.25_fall=1.0"
851,"iguana",1,"multimodaldelta_alpha=1.0_rise=0.25_fall=1.0"
851,"ostrich",1,"multimodaldelta_alpha=1.0_rise=0.25_fall=1.0"
851,"ox",1,"multimodaldelta_alpha=1.0_rise=0.25_fall=1.0"
851,"mule",1,"multimodaldelta_alpha=1.0_rise=0.25_fall=1.0"
851,"donkey",0,"multimodaldelta_alpha=1.0_rise=0.25_fall=1.0"
851,"horse",0,"multimodaldelta_alpha=1.0_rise=0.25_fall=1.0"
851,"camel",1,"multimodaldelta_alpha=1.0_rise=0.25_fall=1.0"
852,"cat",2,"multimodaldelta_alpha=0.8_rise=0.75_fall=0.75"
852,"dog",0,"multimodaldelta_alpha=0.8_rise=0.75_fall=0.75"
852,"iguana",1,"multimodaldelta_alpha=0.8_rise=0.75_fall=0.75"
852,"elephant",0,"multimodaldelta_alpha=0.8_rise=0.75_fall=0.75"
852,"tiger",0,"multimodaldelta_alpha=0.8_rise=0.75_fall=0.75"
852,"manatee",1,"multimodaldelta_alpha=0.8_rise=0.75_fall=0.75"
852,"lizard",1,"multimodaldelta_alpha=0.8_rise=0.75_fall=0.75"
852,"penguin",1,"multimodaldelta_alpha=0.8_rise=0.75_fall=0.75"
852,"hyena",1,"multimodaldelta_alpha=0.8_rise=0.75_fall=0.75"
852,"cheetah",0,"multimodaldelta_alpha=0.8_rise=0.75_fall=0.75"
852,"worm",1,"multimodaldelta_alpha=0.8_rise=0.75_fall=0.75"
852,"antelope",1,"multimodaldelta_alpha=0.8_rise=0.75_fall=0.75"
852,"anteater",0,"multimodaldelta_alpha=0.8_rise=0.75_fall=0.75"
852,"hippo",1,"multimodaldelta_alpha=0.8_rise=0.75_fall=0.75"
852,"crocodile",1,"multimodaldelta_alpha=0.8_rise=0.75_fall=0.75"
852,"alligator",0,"multimodaldelta_alpha=0.8_rise=0.75_fall=0.75"
852,"seagull",1,"multimodaldelta_alpha=0.8_rise=0.75_fall=0.75"
852,"cardinal",1,"multimodaldelta_alpha=0.8_rise=0.75_fall=0.75"
852,"ant",1,"multimodaldelta_alpha=0.8_rise=0.75_fall=0.75"
852,"spider",0,"multimodaldelta_alpha=0.8_rise=0.75_fall=0.75"
852,"bear",0,"multimodaldelta_alpha=0.8_rise=0.75_fall=0.75"
852,"fish",1,"multimodaldelta_alpha=0.8_rise=0.75_fall=0.75"
852,"shark",0,"multimodaldelta_alpha=0.8_rise=0.75_fall=0.75"
852,"octopus",0,"multimodaldelta_alpha=0.8_rise=0.75_fall=0.75"
852,"mosquito",1,"multimodaldelta_alpha=0.8_rise=0.75_fall=0.75"
853,"dog",2,"troyerextended"
853,"cat",0,"troyerextended"
853,"fish",0,"troyerextended"
853,"crab",0,"troyerextended"
853,"shark",0,"troyerextended"
853,"whale",0,"troyerextended"
853,"manatee",0,"troyerextended"
853,"snake",1,"troyerextended"
853,"walrus",1,"troyerextended"
853,"otter",0,"troyerextended"
854,"dog",2,"troyerextended"
854,"cat",0,"troyerextended"
854,"dolphin",1,"troyerextended"
854,"crocodile",0,"troyerextended"
854,"sheep",1,"troyerextended"
854,"bear",1,"troyerextended"
854,"pig",1,"troyerextended"
854,"cow",0,"troyerextended"
854,"cat",1,"troyerextended"
854,"insect",1,"troyerextended"
854,"parakeet",1,"troyerextended"
854,"rhino",1,"troyerextended"
854,"lion",0,"troyerextended"
854,"giraffe",0,"troyerextended"
854,"hippo",0,"troyerextended"
854,"deer",1,"troyerextended"
854,"gazelle",0,"troyerextended"
854,"meerkat",0,"troyerextended"
854,"fish",1,"troyerextended"
854,"goldfish",0,"troyerextended"
854,"bird",0,"troyerextended"
854,"frog",1,"troyerextended"
855,"lion",2,"troyerextended"
855,"zebra",0,"troyerextended"
855,"giraffe",0,"troyerextended"
855,"alligator",1,"troyerextended"
855,"gazelle",1,"troyerextended"
855,"wildebeest",0,"troyerextended"
855,"bear",1,"troyerextended"
855,"salmon",1,"troyerextended"
855,"whale",0,"troyerextended"
855,"squid",0,"troyerextended"
855,"octopus",0,"troyerextended"
855,"shellfish",0,"troyerextended"
855,"crab",0,"troyerextended"
855,"snail",1,"troyerextended"
855,"dog",1,"troyerextended"
855,"cat",0,"troyerextended"
855,"mouse",1,"troyerextended"
855,"canary",1,"troyerextended"
855,"eagle",0,"troyerextended"
855,"blackbird",0,"troyerextended"
855,"crow",0,"troyerextended"
855,"lion",1,"troyerextended"
855,"dolphin",1,"troyerextended"
855,"anglerfish",0,"troyerextended"
855,"puma",1,"troyerextended"
855,"rabbit",1,"troyerextended"
855,"squirrel",0,"troyerextended"
855,"mole",1,"troyerextended"
855,"chipmunk",1,"troyerextended"
856,"lion",2,"multimodaldelta_alpha=0.5_rise=0.25_fall=0.25"
856,"tiger",0,"multimodaldelta_alpha=0.5_rise=0.25_fall=0.25"
856,"bear",1,"multimodaldelta_alpha=0.5_rise=0.25_fall=0.25"
856,"monkey",1,"multimodaldelta_alpha=0.5_rise=0.25_fall=0.25"
856,"caterpillar",1,"multimodaldelta_alpha=0.5_rise=0.25_fall=0.25"
856,"dog",1,"multimodaldelta_alpha=0.5_rise=0.25_fall=0.25"
856,"cat",0,"multimodaldelta_alpha=0.5_rise=0.25_fall=0.25"
856,"german shepherd",1,"multimodaldelta_alpha=0.5_rise=0.25_fall=0.25"
856,"chicken",0,"multimodaldelta_alpha=0.5_rise=0.25_fall=0.25"
856,"goat",1,"multimodaldelta_alpha=0.5_rise=0.25_fall=0.25"
856,"cow",0,"multimodaldelta_alpha=0.5_rise=0.25_fall=0.25"
856,"squirrel",0,"multimodaldelta_alpha=0.5_rise=0.25_fall=0.25"
856,"deer",1,"multimodaldelta_alpha=0.5_rise=0.25_fall=0.25"
856,"polar bear",0,"multimodaldelta_alpha=0.5_rise=0.25_fall=0.25"
856,"bison",1,"multimodaldelta_alpha=0.5_rise=0.25_fall=0.25"
856,"sheep",1,"multimodaldelta_alpha=0.5_rise=0.25_fall=0.25"
856,"orangutan",1,"multimodaldelta_alpha=0.5_rise=0.25_fall=0.25"
856,"bird",0,"multimodaldelta_alpha=0.5_rise=0.25_fall=0.25"
856,"grasshopper",1,"multimodaldelta_alpha=0.5_rise=0.25_fall=0.25"
857,"cat",2,"troyerextended"
857,"dog",0,"troyerextended"
857,"lion",1,"troyerextended"
857,"shark",1,"troyerextended"
857,"dolphin",0,"troyerextended"
857,"blue jay",1,"troyerextended"
857,"fox",1,"troyerextended"
857,"monkey",1,"troyerextended"
857,"gorilla",0,"troyerextended"
857,"snake",1,"troyerextended"
857,"giraffe",1,"troyerextended"
857,"alligator",1,"troyerextended"
857,"goldfish",0,"troyerextended"
858,"cat",2,"troyerextended"
858,"kangaroo",1,"troyerextended"
858,"dog",1,"troyerextended"
858,"rabbit",0,"troyerextended"
858,"shark",1,"troyerextended"
858,"octopus",0,"troyerextended"
858,"cow",1,"troyerextended"
858,"chicken",0,"troyerextended"
858,"rooster",0,"troyerextended"
858,"frog",1,"troyerextended"
858,"toad",0,"troyerextended"
858,"chicken",1,"troyerextended"
858,"turtle",1,"troyerextended"
858,"lizard",0,"troyerextended"
858,"whale",1,"troyerextended"
858,"fish",0,"troyerextended"
858,"shark",0,"troyerextended"
858,"octopus",0,"troyerextended"
858,"gerbil",1,"troyerextended"
858,"hamster",0,"troyerextended"
858,"dolphin",1,"troyerextended"
858,"starfish",0,"troyerextended"
859,"dog",2,"troyerextended"
859,"cat",0,"troyerextended"
859,"parrot",0,"troyerextended"
859,"bird",0,"troyerextended"
859,"toucan",0,"troyerextended"
859,"butterfly",1,"troyerextended"
859,"lizard",1,"troyerextended"
859,"horse",1,"troyerextended"
859,"cow",0,"troyerextended"
859,"chicken",0,"troyerextended"
859,"donkey",0,"troyerextended"
859,"goose",1,"troyerextended"
859,"dolphin",0,"troyerextended"
859,"whale",0,"troyerextended"
859,"killer whale",0,"troyerextended"
859,"shark",0,"troyerextended"
859,"eel",0,"troyerextended"
859,"fish",0,"troyerextended"
859,"catfish",0,"troyerextended"
859,"blowfish",0,"troyerextended"
859,"pufferfish",0,"troyerextended"
859,"shellfish",0,"troyerextended"
859,"goat",1,"troyerextended"
859,"lamb",0,"troyerextended"
859,"donkey",0,"troyerextended"
859,"elephant",1,"troyerextended"
859,"zebra",0,"troyerextended"
859,"flamingo",1,"troyerextended"
860,"dog",2,"troyerextended"
860,"cat",0,"troyerextended"
860,"bird",0,"troyerextended"
860,"parakeet",0,"troyerextended"
860,"cheetah",1,"troyerextended"
860,"lion",0,"troyerextended"
860,"rhino",0,"troyerextended"
860,"frog",1,"troyerextended"
860,"gorilla",1,"troyerextended"
860,"ostrich",0,"troyerextended"
860,"lizard",1,"troyerextended"
860,"cow",1,"troyerextended"
860,"goat",0,"troyerextended"
860,"chicken",0,"troyerextended"
860,"rooster",0,"troyerextended"
860,"puma",1,"troyerextended"
861,"dog",2,"troyerextended"
861,"cat",0,"troyerextended"
861,"bird",0,"troyerextended"
861,"snake",0,"troyerextended"
861,"rabbit",0,"troyerextended"
861,"bunny",0,"troyerextended"
861,"ant",1,"troyerextended"
861,"anteater",1,"troyerextended"
861,"mammoth",1,"troyerextended"
861,"sabertoothed tiger",0,"troyerextended"
861,"tiger",0,"troyerextended"
861,"lion",0,"troyerextended"
861,"bird",1,"troyerextended"
861,"eagle",0,"troyerextended"
861,"camel",1,"troyerextended"
861,"horse",0,"troyerextended"
862,"dog",2,"multimodaldelta_alpha=1.0_rise=0.0_fall=0.75"
862,"cat",0,"multimodaldelta_alpha=1.0_rise=0.0_fall=0.75"
862,"ferret",1,"multimodaldelta_alpha=1.0_rise=0.0_fall=0.75"
862,"pig",0,"multimodaldelta_alpha=1.0_rise=0.0_fall=0.75"
862,"cow",0,"multimodaldelta_alpha=1.0_rise=0.0_fall=0.75"
862,"chicken",0,"multimodaldelta_alpha=1.0_rise=0.0_fall=0.75"
862,"dolphin",1,"multimodaldelta_alpha=1.0_rise=0.0_fall=0.75"
862,"gorilla",0,"multimodaldelta_alpha=1.0_rise=0.0_fall=0.75"
862,"sparrow",1,"multimodaldelta_alpha=1.0_rise=0.0_fall=0.75"
862,"crow",0,"multimodaldelta_alpha=1.0_rise=0.0_fall=0.75"
862,"frog",1,"multimodaldelta_alpha=1.0_rise=0.0_fall=0.75"
862,"mouse",0,"multimodaldelta_alpha=1.0_rise=0.0_fall=0.75"
862,"rat",0,"multimodaldelta_alpha=1.0_rise=0.0_fall=0.75"
862,"horse",0,"multimodaldelta_alpha=1.0_rise=0.0_fall=0.75"
862,"llama",0,"multimodaldelta_alpha=1.0_rise=0.0_fall=0.75"
862,"chicken",1,"multimodaldelta_alpha=1.0_rise=0.0_fall=0.75"
862,"giraffe",1,"multimodaldelta_alpha=1.0_rise=0.0_fall=0.75"
862,"rhinoceros",0,"multimodaldelta_alpha=1.0_rise=0.0_fall=0.75"
862,"shark",1,"multimodaldelta_alpha=1.0_rise=0.0_fall=0.75"
862,"toucan",1,"multimodaldelta_alpha=1.0_rise=0.0_fall=0.75"
862,"lemur",0,"multimodaldelta_alpha=1.0_rise=0.0_fall=0.75"
862,"monkey",0,"multimodaldelta_alpha=1.0_rise=0.0_fall=0.75"
863,"dog",2,"troyerextended"
863,"cat",0,"troyerextended"
863,"chicken",1,"troyerextended"
863,"cow",0,"troyerextended"
863,"giraffe",1,"troyerextended"
863,"lion",0,"troyerextended"
863,"antelope",0,"troyerextended"
863,"hyena",0,"troyerextended"
863,"tiger",1,"troyerextended"
863,"lion",0,"troyerextended"
863,"snake",1,"troyerextended"
863,"penguin",1,"troyerextended"
863,"bird",0,"troyerextended"
863,"skunk",1,"troyerextended"
863,"anteater",1,"troyerextended"
863,"eagle",1,"troyerextended"
863,"bear",1,"troyerextended"
863,"polar bear",0,"troyerextended"
863,"puma",1,"troyerextended"
863,"mountain lion",0,"troyerextended"
863,"ram",1,"troyerextended"
863,"bull",0,"troyerextended"
863,"horse",0,"troyerextended"
865,"dog",2,"troyerextended"
865,"zebra",1,"troyerextended"
865,"goat",1,"troyerextended"
865,"bat",1,"troyerextended"
865,"baboon",1,"troyerextended"
865,"elephant",0,"troyerextended"
865,"giraffe",0,"troyerextended"
865,"turtle",1,"troyerextended"
865,"horse",1,"troyerextended"
865,"mouse",1,"troyerextended"
865,"lizard",1,"troyerextended"
865,"alligator",0,"troyerextended"
865,"chimpanzee",1,"troyerextended"
865,"bird",1,"troyerextended"
865,"owl",0,"troyerextended"
865,"groundhog",1,"troyerextended"
865,"raccoon",0,"troyerextended"
865,"fish",1,"troyerextended"
866,"dog",2,"multimodaldelta_alpha=0.7000000000000001_rise=0.0_fall=0.5"
866,"cow",1,"multimodaldelta_alpha=0.7000000000000001_rise=0.0_fall=0.5"
866,"elephant",0,"multimodaldelta_alpha=0.7000000000000001_rise=0.0_fall=0.5"
866,"giraffe",0,"multimodaldelta_alpha=0.7000000000000001_rise=0.0_fall=0.5"
866,"groundhog",1,"multimodaldelta_alpha=0.7000000000000001_rise=0.0_fall=0.5"
866,"squirrel",0,"multimodaldelta_alpha=0.7000000000000001_rise=0.0_fall=0.5"
866,"raccoon",0,"multimodaldelta_alpha=0.7000000000000001_rise=0.0_fall=0.5"
866,"possum",0,"multimodaldelta_alpha=0.7000000000000001_rise=0.0_fall=0.5"
866,"deer",1,"multimodaldelta_alpha=0.7000000000000001_rise=0.0_fall=0.5"
866,"cat",1,"multimodaldelta_alpha=0.7000000000000001_rise=0.0_fall=0.5"
866,"mouse",0,"multimodaldelta_alpha=0.7000000000000001_rise=0.0_fall=0.5"
866,"fish",1,"multimodaldelta_alpha=0.7000000000000001_rise=0.0_fall=0.5"
866,"eagle",1,"multimodaldelta_alpha=0.7000000000000001_rise=0.0_fall=0.5"
866,"canary",1,"multimodaldelta_alpha=0.7000000000000001_rise=0.0_fall=0.5"
866,"crow",0,"multimodaldelta_alpha=0.7000000000000001_rise=0.0_fall=0.5"
866,"bluebird",0,"multimodaldelta_alpha=0.7000000000000001_rise=0.0_fall=0.5"
866,"mole",1,"multimodaldelta_alpha=0.7000000000000001_rise=0.0_fall=0.5"
866,"vole",0,"multimodaldelta_alpha=0.7000000000000001_rise=0.0_fall=0.5"
866,"ferret",0,"multimodaldelta_alpha=0.7000000000000001_rise=0.0_fall=0.5"
866,"lion",1,"multimodaldelta_alpha=0.7000000000000001_rise=0.0_fall=0.5"
866,"tiger",0,"multimodaldelta_alpha=0.7000000000000001_rise=0.0_fall=0.5"
867,"ant",2,"troyerextended"
867,"dog",1,"troyerextended"
867,"cat",0,"troyerextended"
867,"squirrel",1,"troyerextended"
867,"elephant",1,"troyerextended"
867,"zebra",0,"troyerextended"
867,"hippo",0,"troyerextended"
867,"crocodile",0,"troyerextended"
867,"shark",0,"troyerextended"
867,"sea cucumber",0,"troyerextended"
867,"stingray",0,"troyerextended"
867,"octopus",0,"troyerextended"
867,"jellyfish",0,"troyerextended"
867,"bird",1,"troyerextended"
867,"blue jay",0,"troyerextended"
867,"cardinal",0,"troyerextended"
867,"hamster",1,"troyerextended"
867,"mouse",0,"troyerextended"
867,"rat",0,"troyerextended"
867,"beaver",0,"troyerextended"
867,"crane",1,"troyerextended"
867,"mink",1,"troyerextended"
867,"lion",1,"troyerextended"
867,"bobcat",0,"troyerextended"
867,"panther",0,"troyerextended"
867,"jaguar",0,"troyerextended"
867,"frog",1,"troyerextended"
867,"lizard",0,"troyerextended"
868,"cat",2,"troyerextended"
868,"fox",1,"troyerextended"
868,"wolf",0,"troyerextended"
868,"dog",0,"troyerextended"
868,"lemur",1,"troyerextended"
868,"chimpanzee",0,"troyerextended"
868,"gorilla",0,"troyerextended"
868,"orangutan",0,"troyerextended"
868,"bonobo",0,"troyerextended"
868,"whale",1,"troyerextended"
868,"dolphin",0,"troyerextended"
868,"fish",0,"troyerextended"
868,"shark",0,"troyerextended"
868,"dolphin",0,"troyerextended"
868,"eagle",1,"troyerextended"
868,"woodpecker",0,"troyerextended"
868,"blowfish",1,"troyerextended"
868,"swordfish",0,"troyerextended"
869,"cat",2,"multimodaldelta_alpha=0.9_rise=1.0_fall=1.0"
869,"dog",0,"multimodaldelta_alpha=0.9_rise=1.0_fall=1.0"
869,"bear",1,"multimodaldelta_alpha=0.9_rise=1.0_fall=1.0"
869,"hen",1,"multimodaldelta_alpha=0.9_rise=1.0_fall=1.0"
869,"elephant",1,"multimodaldelta_alpha=0.9_rise=1.0_fall=1.0"
869,"giraffe",0,"multimodaldelta_alpha=0.9_rise=1.0_fall=1.0"
869,"zebra",0,"multimodaldelta_alpha=0.9_rise=1.0_fall=1.0"
869,"tiger",0,"multimodaldelta_alpha=0.9_rise=1.0_fall=1.0"
869,"salmon",0,"multimodaldelta_alpha=0.9_rise=1.0_fall=1.0"
869,"shark",0,"multimodaldelta_alpha=0.9_rise=1.0_fall=1.0"
869,"whale",0,"multimodaldelta_alpha=0.9_rise=1.0_fall=1.0"
869,"fish",0,"multimodaldelta_alpha=0.9_rise=1.0_fall=1.0"
869,"cow",0,"multimodaldelta_alpha=0.9_rise=1.0_fall=1.0"
869,"pig",0,"multimodaldelta_alpha=0.9_rise=1.0_fall=1.0"
869,"hawk",1,"multimodaldelta_alpha=0.9_rise=1.0_fall=1.0"
869,"chicken",1,"multimodaldelta_alpha=0.9_rise=1.0_fall=1.0"
869,"bird",0,"multimodaldelta_alpha=0.9_rise=1.0_fall=1.0"
869,"insect",1,"multimodaldelta_alpha=0.9_rise=1.0_fall=1.0"
869,"crocodile",1,"multimodaldelta_alpha=0.9_rise=1.0_fall=1.0"
869,"guinea pig",1,"multimodaldelta_alpha=0.9_rise=1.0_fall=1.0"
869,"fish",1,"multimodaldelta_alpha=0.9_rise=1.0_fall=1.0"
869,"pig",1,"multimodaldelta_alpha=0.9_rise=1.0_fall=1.0"
869,"chinchilla",1,"multimodaldelta_alpha=0.9_rise=1.0_fall=1.0"
869,"hamster",0,"multimodaldelta_alpha=0.9_rise=1.0_fall=1.0"
869,"gerbil",0,"multimodaldelta_alpha=0.9_rise=1.0_fall=1.0"
870,"tiger",2,"troyerextended"
870,"lion",0,"troyerextended"
870,"bear",1,"troyerextended"
870,"eagle",1,"troyerextended"
870,"cockroach",1,"troyerextended"
870,"ant",0,"troyerextended"
870,"falcon",1,"troyerextended"
870,"flamingo",0,"troyerextended"
870,"roadrunner",0,"troyerextended"
870,"kangaroo",1,"troyerextended"
870,"tasmanian devil",0,"troyerextended"
870,"zebra",1,"troyerextended"
870,"leopard",0,"troyerextended"
870,"mountain lion",0,"troyerextended"
870,"cat",0,"troyerextended"
870,"chihuahua",0,"troyerextended"
870,"golden retriever",0,"troyerextended"
870,"wolf",0,"troyerextended"
870,"pig",1,"troyerextended"
870,"cow",0,"troyerextended"
870,"horse",0,"troyerextended"
870,"gopher",1,"troyerextended"
871,"aardvark",2,"troyerextended"
871,"bat",0,"troyerextended"
871,"cat",1,"troyerextended"
871,"dog",0,"troyerextended"
871,"elephant",1,"troyerextended"
871,"fish",1,"troyerextended"
871,"giraffe",1,"troyerextended"
871,"iguana",1,"troyerextended"
871,"jaguar",1,"troyerextended"
871,"monkey",1,"troyerextended"
871,"gnat",1,"troyerextended"
871,"praying mantis",0,"troyerextended"
871,"bee",0,"troyerextended"
871,"beetle",0,"troyerextended"
871,"bear",1,"troyerextended"
872,"okapi",2,"multimodaldelta_alpha=0.9_rise=0.75_fall=1.0"
872,"lion",0,"multimodaldelta_alpha=0.9_rise=0.75_fall=1.0"
872,"snow leopard",0,"multimodaldelta_alpha=0.9_rise=0.75_fall=1.0"
872,"otter",1,"multimodaldelta_alpha=0.9_rise=0.75_fall=1.0"
872,"eagle",1,"multimodaldelta_alpha=0.9_rise=0.75_fall=1.0"
872,"snowy owl",0,"multimodaldelta_alpha=0.9_rise=0.75_fall=1.0"
872,"bear",1,"multimodaldelta_alpha=0.9_rise=0.75_fall=1.0"
872,"boa constrictor",1,"multimodaldelta_alpha=0.9_rise=0.75_fall=1.0"
872,"green tree python",0,"multimodaldelta_alpha=0.9_rise=0.75_fall=1.0"
872,"kiwi",1,"multimodaldelta_alpha=0.9_rise=0.75_fall=1.0"
872,"cat",1,"multimodaldelta_alpha=0.9_rise=0.75_fall=1.0"
872,"black panther",1,"multimodaldelta_alpha=0.9_rise=0.75_fall=1.0"
872,"tiger",0,"multimodaldelta_alpha=0.9_rise=0.75_fall=1.0"
872,"elephant",0,"multimodaldelta_alpha=0.9_rise=0.75_fall=1.0"
872,"crane",1,"multimodaldelta_alpha=0.9_rise=0.75_fall=1.0"
872,"parrot",1,"multimodaldelta_alpha=0.9_rise=0.75_fall=1.0"
872,"armadillo",1,"multimodaldelta_alpha=0.9_rise=0.75_fall=1.0"
872,"copperhead",0,"multimodaldelta_alpha=0.9_rise=0.75_fall=1.0"
872,"canary",1,"multimodaldelta_alpha=0.9_rise=0.75_fall=1.0"
872,"sparrow",0,"multimodaldelta_alpha=0.9_rise=0.75_fall=1.0"
872,"horse",1,"multimodaldelta_alpha=0.9_rise=0.75_fall=1.0"
872,"grackle",0,"multimodaldelta_alpha=0.9_rise=0.75_fall=1.0"
873,"frog",2,"multimodaldelta_alpha=1.0_rise=1.0_fall=0.0"
873,"toad",0,"multimodaldelta_alpha=1.0_rise=1.0_fall=0.0"
873,"cat",1,"multimodaldelta_alpha=1.0_rise=1.0_fall=0.0"
873,"dog",0,"multimodaldelta_alpha=1.0_rise=1.0_fall=0.0"
873,"whale",1,"multimodaldelta_alpha=1.0_rise=1.0_fall=0.0"
873,"fish",0,"multimodaldelta_alpha=1.0_rise=1.0_fall=0.0"
873,"dolphin",1,"multimodaldelta_alpha=1.0_rise=1.0_fall=0.0"
873,"shark",1,"multimodaldelta_alpha=1.0_rise=1.0_fall=0.0"
873,"chicken",1,"multimodaldelta_alpha=1.0_rise=1.0_fall=0.0"
873,"sheep",1,"multimodaldelta_alpha=1.0_rise=1.0_fall=0.0"
873,"wolf",1,"multimodaldelta_alpha=1.0_rise=1.0_fall=0.0"
873,"human",1,"multimodaldelta_alpha=1.0_rise=1.0_fall=0.0"
873,"rat",1,"multimodaldelta_alpha=1.0_rise=1.0_fall=0.0"
873,"snake",0,"multimodaldelta_alpha=1.0_rise=1.0_fall=0.0"
873,"anaconda",0,"multimodaldelta_alpha=1.0_rise=1.0_fall=0.0"
873,"bird",1,"multimodaldelta_alpha=1.0_rise=1.0_fall=0.0"
873,"salamander",1,"multimodaldelta_alpha=1.0_rise=1.0_fall=0.0"
874,"cat",2,"troyerextended"
874,"dog",0,"troyerextended"
874,"dinosaur",1,"troyerextended"
874,"sabertoothed tiger",0,"troyerextended"
874,"lion",0,"troyerextended"
874,"jaguar",0,"troyerextended"
874,"panther",0,"troyerextended"
874,"beetle",1,"troyerextended"
874,"dragonfly",0,"troyerextended"
874,"ocelot",1,"troyerextended"
874,"lion",0,"troyerextended"
874,"sea lion",1,"troyerextended"
874,"seal",0,"troyerextended"
874,"shark",0,"troyerextended"
874,"pleco",0,"troyerextended"
874,"platypus",0,"troyerextended"
874,"caterpillar",1,"troyerextended"
874,"spider",0,"troyerextended"
874,"black widow",0,"troyerextended"
874,"wolverine",1,"troyerextended"
874,"bear",1,"troyerextended"
874,"bengal tiger",1,"troyerextended"
874,"crane",1,"troyerextended"
874,"heron",0,"troyerextended"
874,"flamingo",0,"troyerextended"
874,"polar bear",1,"troyerextended"
875,"cat",2,"troyerextended"
875,"dog",0,"troyerextended"
875,"fish",0,"troyerextended"
875,"bird",0,"troyerextended"
875,"whale",1,"troyerextended"
875,"dolphin",0,"troyerextended"
875,"giraffe",1,"troyerextended"
875,"elephant",0,"troyerextended"
875,"hippo",0,"troyerextended"
875,"flamingo",1,"troyerextended"
875,"parakeet",0,"troyerextended"
875,"emu",0,"troyerextended"
875,"rhino",1,"troyerextended"
875,"rabbit",1,"troyerextended"
875,"lizard",1,"troyerextended"
875,"snake",0,"troyerextended"
875,"shark",1,"troyerextended"
875,"mouse",1,"troyerextended"
875,"rat",0,"troyerextended"
875,"ferret",1,"troyerextended"
875,"guinea pig",0,"troyerextended"
875,"hamster",0,"troyerextended"
875,"gerbil",0,"troyerextended"
875,"chinchilla",0,"troyerextended"
875,"sugar glider",1,"troyerextended"
875,"squirrel",1,"troyerextended"
875,"chipmunk",0,"troyerextended"
875,"raccoon",0,"troyerextended"
875,"possum",0,"troyerextended"
875,"llama",0,"troyerextended"
875,"alpaca",0,"troyerextended"
876,"elephant",2,"multimodaldelta_alpha=0.9_rise=0.25_fall=0.5"
876,"giraffe",0,"multimodaldelta_alpha=0.9_rise=0.25_fall=0.5"
876,"monkey",1,"multimodaldelta_alpha=0.9_rise=0.25_fall=0.5"
876,"dog",0,"multimodaldelta_alpha=0.9_rise=0.25_fall=0.5"
876,"cat",0,"multimodaldelta_alpha=0.9_rise=0.25_fall=0.5"
876,"goose",1,"multimodaldelta_alpha=0.9_rise=0.25_fall=0.5"
876,"swan",0,"multimodaldelta_alpha=0.9_rise=0.25_fall=0.5"
876,"penguin",1,"multimodaldelta_alpha=0.9_rise=0.25_fall=0.5"
876,"monkey",1,"multimodaldelta_alpha=0.9_rise=0.25_fall=0.5"
876,"gorilla",0,"multimodaldelta_alpha=0.9_rise=0.25_fall=0.5"
876,"hummingbird",1,"multimodaldelta_alpha=0.9_rise=0.25_fall=0.5"
876,"sparrow",0,"multimodaldelta_alpha=0.9_rise=0.25_fall=0.5"
876,"eagle",1,"multimodaldelta_alpha=0.9_rise=0.25_fall=0.5"
876,"snake",0,"multimodaldelta_alpha=0.9_rise=0.25_fall=0.5"
876,"rat",0,"multimodaldelta_alpha=0.9_rise=0.25_fall=0.5"
876,"mouse",0,"multimodaldelta_alpha=0.9_rise=0.25_fall=0.5"
876,"cat",0,"multimodaldelta_alpha=0.9_rise=0.25_fall=0.5"
877,"dog",2,"troyerextended"
877,"cat",0,"troyerextended"
877,"lizard",1,"troyerextended"
877,"chicken",1,"troyerextended"
877,"turkey",0,"troyerextended"
877,"doe",1,"troyerextended"
877,"cow",0,"troyerextended"
877,"deer",0,"troyerextended"
877,"bear",1,"troyerextended"
877,"shark",1,"troyerextended"
877,"elk",1,"troyerextended"
877,"moose",0,"troyerextended"
877,"pigeon",1,"troyerextended"
877,"bluebird",0,"troyerextended"
877,"hummingbird",0,"troyerextended"
877,"polar bear",1,"troyerextended"
877,"snake",1,"troyerextended"
877,"spider",1,"troyerextended"
877,"caterpillar",0,"troyerextended"
877,"cricket",0,"troyerextended"
877,"locust",0,"troyerextended"
877,"horsefly",0,"troyerextended"
877,"owl",1,"troyerextended"
877,"tuna",1,"troyerextended"
877,"bluegill",0,"troyerextended"
877,"carp",0,"troyerextended"
877,"bass",0,"troyerextended"
877,"raccoon",1,"troyerextended"
878,"dog",2,"troyerextended"
878,"elephant",1,"troyerextended"
878,"giraffe",0,"troyerextended"
878,"monkey",1,"troyerextended"
878,"pig",1,"troyerextended"
878,"horse",0,"troyerextended"
878,"cow",0,"troyerextended"
878,"sheep",0,"troyerextended"
878,"manatee",1,"troyerextended"
878,"whale",0,"troyerextended"
878,"seal",0,"troyerextended"
878,"kangaroo",1,"troyerextended"
878,"crocodile",1,"troyerextended"
878,"hippopotamus",0,"troyerextended"
878,"lion",0,"troyerextended"
878,"cheetah",0,"troyerextended"
878,"leopard",0,"troyerextended"
878,"panther",0,"troyerextended"
878,"panda",1,"troyerextended"
878,"grizzly bear",0,"troyerextended"
878,"deer",1,"troyerextended"
878,"gazelle",0,"troyerextended"
878,"bird",1,"troyerextended"
879,"rabbit",2,"multimodaldelta_alpha=0.8_rise=0.0_fall=0.75"
879,"monkey",0,"multimodaldelta_alpha=0.8_rise=0.0_fall=0.75"
879,"llama",1,"multimodaldelta_alpha=0.8_rise=0.0_fall=0.75"
879,"kangaroo",0,"multimodaldelta_alpha=0.8_rise=0.0_fall=0.75"
879,"orangutan",0,"multimodaldelta_alpha=0.8_rise=0.0_fall=0.75"
879,"koala",0,"multimodaldelta_alpha=0.8_rise=0.0_fall=0.75"
879,"bat",1,"multimodaldelta_alpha=0.8_rise=0.0_fall=0.75"
879,"giraffe",1,"multimodaldelta_alpha=0.8_rise=0.0_fall=0.75"
879,"cheetah",0,"multimodaldelta_alpha=0.8_rise=0.0_fall=0.75"
879,"rhino",0,"multimodaldelta_alpha=0.8_rise=0.0_fall=0.75"
879,"polar bear",0,"multimodaldelta_alpha=0.8_rise=0.0_fall=0.75"
879,"penguin",0,"multimodaldelta_alpha=0.8_rise=0.0_fall=0.75"
